commande_id,client_id,produit_id,date,quantite
1,439,26,2026-05-30,5
2,1911,72,2026-02-12,3
3,224,79,2025-12-06,5
4,497,7,2026-01-27,5
5,1307,30,2026-01-20,1
6,847,43,2025-11-17,4
7,1396,99,2025-11-17,2
8,1976,71,2025-09-29,2
9,1338,61,2026-04-23,4
10,409,97,2026-08-26,3
11,585,83,2026-03-10,1
12,1336,74,2025-11-11,2
13,1513,93,2026-06-27,1
14,856,23,2025-12-25,1
15,1614,64,2026-04-18,2
16,1796,5,2026-02-22,1
17,1164,78,2026-02-26,1
18,583,59,2026-03-17,5
19,1012,18,2026-06-22,5
20,559,25,2026-05-24,1
21,333,94,2026-03-15,4
22,527,92,2026-08-24,2
23,1509,44,2025-10-04,3
24,1382,97,2026-07-14,2
25,1252,82,2025-12-25,4
26,1056,42,2026-05-03,1
27,1371,13,2026-04-20,2
28,978,42,2025-12-07,2
29,535,50,2025-09-30,2
30,1544,35,2026-05-13,3
31,1193,93,2026-02-28,5
32,536,84,2025-10-02,3
33,484,8,2026-09-16,1
34,629,21,2026-05-23,4
35,1030,91,2026-09-13,3
36,241,82,2026-09-15,3
37,1259,29,2026-04-03,2
38,980,20,2025-12-04,4
39,766,54,2026-08-03,5
40,1552,69,2026-05-26,2
41,1394,97,2026-01-31,5
42,1077,58,2025-11-07,5
43,741,10,2026-09-22,5
44,127,71,2025-11-23,5
45,1173,69,2026-01-08,2
46,672,67,2025-12-20,4
47,1394,27,2025-11-25,5
48,187,66,2026-06-04,4
49,929,17,2025-10-25,5
50,936,73,2026-04-27,1
51,947,87,2026-07-10,3
52,811,33,2025-10-08,1
53,1185,10,2026-01-16,1
54,706,90,2026-05-01,1
55,124,9,2026-07-01,4
56,588,53,2025-10-13,2
57,1569,83,2025-12-05,4
58,1826,49,2026-04-06,4
59,770,11,2026-04-08,5
60,1339,45,2025-12-04,1
61,1101,51,2025-12-27,5
62,1491,29,2025-12-01,1
63,612,60,2025-10-08,5
64,1090,49,2026-05-02,2
65,944,45,2026-01-31,2
66,387,93,2026-02-15,1
67,1658,85,2025-10-13,4
68,1569,3,2026-08-07,2
69,138,13,2026-01-10,5
70,915,77,2025-10-14,1
71,1517,6,2026-01-30,4
72,480,70,2026-05-09,2
73,287,65,2025-10-25,3
74,1671,94,2026-01-24,5
75,1183,77,2026-03-09,3
76,619,19,2026-01-26,5
77,847,39,2026-01-18,3
78,1141,76,2025-10-28,2
79,1391,55,2026-08-13,5
80,97,45,2026-06-07,4
81,653,90,2026-06-22,4
82,306,39,2026-04-24,4
83,1546,69,2025-12-30,4
84,1740,29,2026-01-28,3
85,296,60,2026-09-24,1
86,846,54,2026-07-11,5
87,275,50,2026-06-25,2
88,417,43,2026-02-04,1
89,1735,48,2026-05-15,1
90,1484,25,2026-06-28,1
91,773,87,2026-02-11,5
92,81,10,2026-08-01,2
93,1484,86,2026-07-24,5
94,982,27,2026-01-16,3
95,1960,2,2026-03-01,2
96,1971,95,2026-01-02,1
97,1873,32,2026-05-30,5
98,419,51,2026-09-22,2
99,659,100,2026-07-06,3
100,955,69,2026-04-09,3
101,536,47,2026-03-03,5
102,955,13,2026-06-08,4
103,1873,27,2026-03-09,3
104,848,6,2026-03-06,5
105,1519,19,2026-01-18,1
106,1134,75,2026-02-07,5
107,605,20,2026-04-28,2
108,472,49,2026-03-14,5
109,1023,71,2026-01-30,3
110,1564,63,2026-02-05,4
111,345,94,2026-05-20,3
112,287,93,2025-12-22,5
113,377,70,2026-06-04,1
114,70,10,2026-06-22,1
115,845,18,2025-09-30,2
116,1449,20,2025-10-31,1
117,1036,59,2026-01-16,3
118,1266,82,2025-10-27,5
119,1351,63,2026-06-01,1
120,1090,71,2025-09-30,4
121,35,68,2025-10-03,3
122,588,3,2026-06-28,5
123,1381,56,2026-09-19,2
124,1881,13,2025-11-20,5
125,494,25,2025-12-12,5
126,517,46,2026-06-23,3
127,162,48,2026-04-18,4
128,1158,32,2026-05-20,2
129,1401,11,2026-02-27,1
130,831,49,2025-11-13,4
131,975,8,2026-07-06,1
132,351,11,2026-09-21,4
133,1321,43,2026-05-07,5
134,1833,68,2025-11-14,1
135,433,89,2026-01-22,5
136,556,6,2026-05-28,1
137,1896,36,2026-09-12,5
138,1348,5,2026-07-12,2
139,33,27,2026-03-07,5
140,1541,92,2025-12-09,4
141,613,21,2025-11-05,5
142,1161,50,2026-01-28,5
143,787,97,2026-03-15,2
144,1484,11,2026-09-14,5
145,110,13,2026-03-23,4
146,1718,10,2026-01-23,3
147,1575,79,2026-08-02,5
148,1985,100,2026-04-18,3
149,1299,35,2025-10-12,4
150,468,46,DATE_INVALIDE,5
151,885,24,2026-04-07,5
152,779,11,2026-08-31,5
153,1635,32,2026-02-25,1
154,549,20,2025-11-08,4
155,1606,82,2026-09-26,2
156,649,47,2026-04-14,1
157,11,40,2025-11-12,4
158,1560,35,2026-03-30,1
159,179,24,2025-12-03,4
160,1141,72,2026-05-14,5
161,212,4,2026-04-23,1
162,1136,12,2026-03-27,5
163,1607,42,2026-07-30,4
164,598,53,2025-10-03,4
165,1485,72,2025-11-09,2
166,1068,22,2026-07-16,4
167,285,35,2025-12-22,3
168,1010,19,2026-02-11,1
169,891,36,2025-12-21,4
170,2036,10,2026-02-27,3
171,1934,32,2026-02-02,4
172,1263,26,2026-07-28,4
173,278,39,2025-11-20,1
174,681,80,2026-04-17,4
175,902,43,2026-03-14,4
176,1996,77,2026-08-26,2
177,657,78,2026-02-27,2
178,644,23,2026-05-30,4
179,597,95,2026-03-09,4
180,1602,32,2026-07-18,3
181,575,51,2026-04-07,3
182,1909,73,2025-11-24,2
183,1118,24,2026-07-27,5
184,1952,94,2025-10-10,4
185,430,57,2026-09-24,3
186,142,53,2026-09-16,4
187,1298,39,2025-12-07,2
188,1349,20,2026-02-03,4
189,152,58,2026-04-08,5
190,1193,52,2026-05-30,5
191,1892,89,2026-06-13,4
192,76,47,2026-07-02,5
193,1307,11,2026-07-28,1
194,1347,86,2026-02-01,3
195,1326,79,2025-12-21,1
196,1322,87,2026-07-12,4
197,1978,56,2026-03-15,1
198,202,34,2025-10-02,2
199,1530,67,2026-06-15,5
200,1409,74,2026-07-21,2
201,767,51,2026-05-13,4
202,1206,89,2026-09-09,5
203,707,4,2025-12-13,4
204,606,54,2025-11-19,1
205,1703,94,2025-11-25,2
206,639,44,2026-03-24,4
207,1068,62,2026-01-10,3
208,200,57,2026-05-28,4
209,138,39,2026-03-09,1
210,236,3,2026-09-25,3
211,224,87,2026-08-24,2
212,1057,23,2026-01-29,5
213,678,72,2025-12-17,4
214,475,52,2026-05-21,2
215,1312,85,2025-12-31,4
216,60,95,2026-04-17,5
217,921,76,2026-01-06,4
218,10,91,2026-04-14,2
219,571,97,2026-01-10,1
220,209,69,2026-07-19,2
221,668,26,2026-04-02,4
222,538,86,2025-11-24,4
223,1979,82,2026-06-24,3
224,796,79,2026-07-29,4
225,234,45,2026-07-24,3
226,1265,23,2026-05-19,3
227,1209,11,2026-08-07,2
228,242,31,2026-03-06,3
229,375,48,2025-11-25,2
230,796,54,2026-06-15,5
231,1178,50,2025-12-06,4
232,997,82,2025-12-31,5
233,1883,83,2026-09-17,2
234,342,63,2026-07-08,3
235,384,41,2025-12-07,4
236,110,46,2026-08-10,1
237,280,25,2026-06-02,4
238,1036,84,2026-07-11,4
239,1403,63,2026-04-24,4
240,1721,57,2026-09-25,4
241,170,73,2025-12-21,1
242,599,5,2026-01-17,3
243,1102,37,2026-01-20,2
244,1159,96,2026-05-19,4
245,1047,15,2026-07-05,5
246,549,100,2025-11-24,5
247,1111,97,2026-04-02,1
248,1119,28,2026-05-10,4
249,1508,84,2025-11-18,2
250,1792,5,2026-02-26,4
251,714,12,2026-02-08,4
252,1589,31,2025-11-26,2
253,1412,45,2026-07-25,5
254,877,22,2026-08-16,5
255,1608,27,2025-12-07,2
256,1168,45,2025-10-27,5
257,1223,69,2026-02-17,2
258,1442,38,2026-03-11,3
259,548,66,2026-07-17,1
260,1972,97,2025-12-05,4
261,568,84,2025-10-27,2
262,1774,17,2026-09-21,2
263,1457,42,2025-12-10,2
264,805,63,2026-09-08,2
265,1296,35,2026-07-19,4
266,926,10,2026-04-07,1
267,1056,96,2026-04-21,3
268,1918,48,2026-09-17,4
269,671,75,2026-06-03,1
270,1497,59,2025-11-13,3
271,1630,69,2025-10-29,4
272,1983,55,2026-01-16,2
273,550,42,2026-06-07,3
274,1121,74,2026-03-18,2
275,1746,63,2026-07-13,3
276,1562,7,2026-09-11,1
277,1283,59,2025-11-16,1
278,1904,21,2025-11-29,4
279,2,55,2026-05-18,2
280,1863,17,2026-09-14,3
281,1791,36,2025-12-17,1
282,739,33,2026-08-28,1
283,1361,84,2026-04-05,2
284,812,81,2025-10-23,3
285,1547,30,2026-09-20,4
286,187,91,2026-08-28,1
287,438,62,2025-09-27,1
288,1216,29,2025-12-03,5
289,912,2,2026-09-10,1
290,704,16,2026-09-18,4
291,271,62,2026-09-17,1
292,785,12,2026-01-22,1
293,642,48,2025-11-18,3
294,784,100,2025-12-06,2
295,1387,19,2026-08-21,1
296,1154,2,2026-06-25,5
297,337,57,2026-08-25,3
298,1287,96,2026-01-14,2
299,1262,88,2026-04-25,4
300,178,13,2026-01-16,2
301,1208,94,2025-11-29,4
302,1973,55,2026-03-25,3
303,508,36,2025-12-07,1
304,1134,77,2026-02-01,5
305,584,100,2026-08-04,1
306,1794,39,2026-08-30,2
307,1243,66,2026-06-19,2
308,606,83,2026-04-15,1
309,1014,50,2026-01-27,1
310,1024,82,2026-01-28,5
311,1082,2,2025-11-02,3
312,271,50,2026-03-08,5
313,749,70,2026-04-30,2
314,1955,99,2026-05-26,1
315,1203,9,2025-10-05,1
316,442,6,2026-02-08,1
317,1038,37,2026-04-18,5
318,868,90,2026-04-27,4
319,1312,69,2025-11-08,5
320,313,36,2026-08-08,1
321,162,66,2026-03-04,2
322,1099,42,2025-12-15,4
323,1300,98,2026-07-24,1
324,1431,56,2026-03-04,2
325,501,12,2025-10-26,4
326,929,79,2025-11-25,5
327,634,86,2025-10-25,2
328,26,91,2025-11-27,2
329,24,21,2026-09-21,4
330,1072,67,2026-03-23,3
331,762,17,2025-12-21,3
332,1580,4,2025-11-26,3
333,558,68,2026-05-04,1
334,1459,74,2026-02-08,1
335,933,66,2026-06-08,3
336,1024,73,2025-10-25,2
337,323,33,2026-04-03,1
338,1381,93,2026-07-17,1
339,1518,66,2026-01-21,1
340,1759,2,2025-10-19,2
341,967,47,2025-10-20,4
342,367,5,2025-12-12,5
343,859,29,2026-08-28,3
344,853,93,2026-02-01,3
345,1692,10,2026-02-12,5
346,245,65,2026-04-05,1
347,458,67,2025-12-27,1
348,142,60,2026-04-20,3
349,671,12,2026-03-05,5
350,17,48,2026-05-18,2
351,1155,39,2026-02-23,5
352,951,48,2026-01-29,5
353,1583,100,2026-06-06,2
354,1558,32,2026-07-03,2
355,1910,53,2025-09-30,1
356,1110,45,2026-01-24,1
357,3,98,2026-03-17,4
358,213,27,2026-03-03,5
359,860,63,2026-01-26,1
360,1458,36,2025-12-08,1
361,1887,30,2025-10-19,5
362,1436,48,2026-04-26,4
363,1190,13,2025-11-09,5
364,1306,51,2025-12-04,1
365,1163,8,2026-07-27,4
366,1975,17,2026-09-01,2
367,535,41,2026-02-23,4
368,1704,95,2026-09-20,3
369,928,35,2026-03-08,2
370,1933,26,2025-11-04,2
371,224,20,2026-07-23,1
372,921,60,2025-12-20,3
373,248,69,2026-04-23,3
374,926,40,2026-01-11,4
375,1746,16,2026-02-09,1
376,1654,88,2025-12-16,3
377,1428,78,2026-09-22,1
378,1712,42,2026-01-15,2
379,1457,32,2025-11-12,3
380,1052,7,2026-04-17,3
381,1680,23,2026-02-07,1
382,1751,58,2026-04-22,5
383,512,13,2026-07-05,4
384,1647,18,2025-11-18,1
385,127,100,2025-10-03,2
386,406,52,2025-12-02,3
387,1291,83,DATE_INVALIDE,1
388,1201,34,2026-07-22,1
389,133,26,2025-10-08,4
390,189,43,2025-12-01,1
391,1930,60,2025-10-18,1
392,1893,74,2025-12-22,4
393,1017,4,2026-04-17,4
394,874,23,2026-09-11,3
395,1861,24,2026-01-14,3
396,914,20,2026-02-17,1
397,1269,79,2026-08-07,2
398,605,64,2026-08-24,4
399,982,8,2026-07-05,1
400,785,18,2026-02-17,4
401,1317,68,2026-01-07,2
402,1643,70,2026-08-15,1
403,1602,92,2026-04-10,3
404,1116,63,2026-05-30,3
405,1029,42,2026-07-13,4
406,369,4,2026-02-12,3
407,449,4,2026-07-29,3
408,1657,61,2025-10-26,5
409,1571,75,2026-03-29,2
410,206,32,2025-12-17,2
411,1093,95,2026-02-10,1
412,1180,50,2026-01-17,3
413,361,31,2025-12-24,5
414,1652,95,2026-03-08,3
415,58,91,2026-07-26,3
416,1155,19,2026-07-14,5
417,1714,64,2026-01-01,5
418,360,63,2026-03-04,1
419,116,30,2025-11-12,5
420,41,68,2026-01-17,4
421,680,79,2025-09-27,2
422,698,92,2025-12-02,2
423,122,3,2026-03-11,2
424,1444,19,2026-07-24,1
425,1763,47,2026-06-23,1
426,1443,85,2026-04-06,4
427,207,44,2026-07-24,3
428,280,21,2026-03-11,4
429,1968,63,2026-08-20,3
430,1449,72,2025-12-25,5
431,458,86,2026-03-28,5
432,775,40,2025-12-25,3
433,364,94,2025-12-01,1
434,1943,74,2026-09-21,4
435,67,24,2026-07-14,5
436,1887,79,2026-03-08,2
437,1159,14,2026-08-20,4
438,679,96,2025-12-08,1
439,711,41,2026-01-26,2
440,1814,12,2026-08-18,3
441,24,34,2026-05-13,2
442,1420,9,2026-02-01,3
443,1612,14,2026-02-05,1
444,791,57,2025-10-21,4
445,1812,53,2025-12-21,4
446,720,70,2026-04-08,4
447,2084,62,2025-11-17,5
448,1553,88,2026-08-26,2
449,925,10,2025-12-19,1
450,42,41,2026-02-24,3
451,152,44,2025-11-19,2
452,330,94,2026-04-07,1
453,1929,12,2026-07-04,3
454,1257,62,2026-07-28,1
455,1931,84,2026-05-05,2
456,1823,56,2026-08-03,2
457,208,43,2025-10-24,2
458,839,90,2026-01-02,5
459,544,85,2026-06-30,3
460,487,13,2026-02-26,1
461,1171,71,2026-04-16,4
462,112,47,2025-12-14,1
463,180,38,2026-05-03,5
464,409,13,2026-05-30,1
465,350,82,2026-01-10,3
466,970,15,2025-11-07,3
467,965,63,2026-04-18,3
468,1315,70,2025-11-12,4
469,760,49,2025-12-30,3
470,913,6,2025-12-31,3
471,953,34,2026-05-10,2
472,1156,8,2026-02-11,2
473,1367,13,2026-09-18,1
474,705,70,2026-09-04,4
475,466,71,2026-07-25,1
476,1677,67,2026-04-13,4
477,1408,61,2026-06-28,5
478,976,39,2026-01-25,1
479,1849,92,2026-04-17,1
480,1170,67,2026-06-11,5
481,1271,19,2026-09-08,1
482,355,22,2026-05-14,2
483,259,6,2026-01-03,4
484,1400,56,2025-11-06,2
485,303,77,2026-08-14,3
486,1866,94,2026-03-09,1
487,795,72,2025-11-10,4
488,668,36,2026-07-06,5
489,1879,2,2026-05-19,5
490,1071,54,2026-07-24,1
491,307,19,2026-04-27,5
492,1194,98,2026-07-25,1
493,1153,100,2025-11-20,1
494,1777,69,2026-02-20,3
495,541,50,2026-04-25,4
496,1248,61,2026-07-16,1
497,565,52,2025-12-24,2
498,1247,88,2026-08-09,4
499,811,43,2025-10-16,2
500,1528,61,2025-10-22,3
501,42,44,2026-04-05,3
502,575,63,2026-03-05,1
503,276,39,2026-01-21,4
504,552,94,2026-03-10,4
505,1323,12,2026-08-02,2
506,433,53,2026-05-11,4
507,1777,48,2026-06-18,1
508,1621,21,2026-06-17,1
509,1454,65,2026-03-05,4
510,1599,68,2025-12-05,5
511,356,25,2025-10-11,2
512,511,5,2025-10-26,4
513,1881,47,2025-10-22,2
514,755,60,2026-02-14,5
515,1302,16,2026-04-18,1
516,763,63,2026-01-28,5
517,364,61,2026-05-13,5
518,717,45,2026-07-06,2
519,1534,89,2026-02-06,1
520,57,50,2026-02-19,1
521,1749,74,2025-12-19,2
522,1326,29,2026-01-18,2
523,1335,53,2026-02-11,5
524,1771,100,2025-10-07,1
525,1867,17,2026-05-27,2
526,1641,2,2026-07-31,2
527,1246,40,2026-02-03,3
528,1834,49,2026-05-01,3
529,517,28,2026-05-20,4
530,1387,67,2026-02-28,5
531,1198,14,2026-04-18,1
532,1357,48,2026-06-15,5
533,1217,78,2026-08-24,3
534,1402,14,2026-02-26,4
535,689,36,2025-10-29,3
536,535,84,2026-02-15,3
537,308,67,2026-01-01,2
538,1650,77,2025-10-26,4
539,655,88,2026-08-31,2
540,1343,64,2025-10-10,3
541,1858,54,2026-02-06,4
542,1509,5,2026-04-13,5
543,1172,25,2026-09-24,3
544,1406,69,2026-01-18,4
545,735,65,2026-09-05,3
546,1722,85,2025-12-23,5
547,602,13,2025-12-28,4
548,1518,34,2025-12-01,5
549,1940,88,2025-12-29,3
550,183,29,2026-08-28,3
551,1525,40,2026-01-19,4
552,762,34,2026-03-15,5
553,950,16,2026-02-24,4
554,1775,82,2025-10-24,5
555,1934,80,2026-07-21,1
556,1822,25,2026-05-26,5
557,1777,88,2025-11-27,4
558,612,53,2026-06-25,1
559,282,26,2025-12-13,3
560,1167,59,2026-04-24,2
561,1767,92,2026-03-07,2
562,999,43,2025-11-07,2
563,1300,8,2026-03-06,1
564,561,27,2026-05-16,2
565,1566,21,2026-07-19,4
566,266,79,2025-11-11,4
567,880,52,2026-08-17,4
568,786,1,2026-05-29,1
569,409,94,2026-06-27,3
570,1827,42,2025-10-04,5
571,37,87,2026-01-02,1
572,1503,32,2026-08-13,2
573,1797,45,2026-09-17,3
574,211,50,2025-12-02,5
575,627,22,2026-07-25,1
576,611,38,2025-10-20,4
577,1222,68,2026-06-20,3
578,1819,88,2026-05-07,2
579,1847,63,2026-03-21,3
580,338,52,2026-01-01,1
581,460,94,2026-01-21,2
582,1504,3,2026-01-13,5
583,347,16,2026-06-12,3
584,1333,5,2026-09-26,4
585,524,99,2026-08-20,5
586,100,77,2026-08-12,1
587,222,84,2026-08-31,1
588,1413,15,2025-10-21,4
589,779,16,2026-05-12,5
590,972,90,2026-02-03,2
591,1424,88,2026-01-10,1
592,862,85,2026-02-28,1
593,1066,35,2026-09-01,5
594,1436,18,2026-08-03,4
595,1048,93,2025-11-19,5
596,579,15,2025-11-26,1
597,407,78,2026-06-08,2
598,1703,67,2026-02-08,2
599,1441,53,2026-03-29,3
600,81,71,2025-12-18,4
601,1410,62,2026-01-11,3
602,6,2,2026-01-25,1
603,1711,74,2025-11-22,4
604,1945,12,2025-12-12,5
605,1482,93,2025-11-04,1
606,1320,30,2026-02-05,4
607,541,60,2026-02-25,1
608,1666,23,2025-11-17,1
609,738,87,2026-02-22,3
610,1513,15,2026-05-03,1
611,20,18,2025-10-20,2
612,733,57,2026-03-14,5
613,1800,94,2026-02-11,1
614,1670,44,2026-04-05,2
615,821,52,2025-11-24,4
616,1712,50,2026-02-13,4
617,1329,22,2026-04-30,1
618,1426,93,2025-12-03,1
619,213,54,2025-12-17,5
620,1644,73,2026-06-01,4
621,1252,49,2025-12-28,3
622,60,88,2026-08-06,2
623,1885,63,2026-06-01,1
624,903,6,2026-04-25,1
625,1342,41,2026-02-07,1
626,1779,87,2026-09-22,5
627,1483,73,2026-07-19,2
628,1789,44,2026-09-04,5
629,1410,90,2026-06-21,5
630,887,85,2025-11-14,2
631,709,85,2026-05-31,4
632,1719,72,2025-12-12,5
633,24,83,2025-10-24,2
634,1739,61,2026-06-12,4
635,154,97,2025-12-20,4
636,494,43,2026-03-10,3
637,1039,29,2025-10-22,5
638,776,52,2026-08-22,2
639,941,57,2025-11-06,5
640,181,64,2026-05-14,4
641,244,64,2026-03-07,1
642,827,53,2025-11-18,1
643,1125,1,2026-07-09,1
644,1973,80,2026-08-02,3
645,1152,27,2026-06-14,4
646,745,7,2026-03-20,2
647,680,72,2026-05-17,5
648,969,92,2026-07-31,3
649,234,13,2026-05-16,2
650,700,46,2025-09-28,3
651,1070,48,2026-07-04,1
652,1837,22,2025-10-20,4
653,1684,92,2025-12-07,4
654,521,79,2025-11-20,2
655,248,51,2026-01-01,2
656,1689,25,2026-05-19,3
657,1551,54,2025-11-21,1
658,1716,87,2026-08-17,5
659,1582,58,2025-11-29,4
660,1207,65,2026-08-30,2
661,9,68,2026-06-09,1
662,1916,56,2026-07-07,5
663,1894,66,2026-06-01,2
664,1185,23,2026-09-16,2
665,794,85,2025-11-19,5
666,1808,42,2026-08-03,5
667,858,78,2026-04-11,2
668,815,44,2026-02-14,3
669,1649,18,2026-05-16,2
670,1234,90,2026-04-26,5
671,1727,90,2026-02-27,5
672,1458,95,2026-03-06,5
673,446,26,2026-08-16,2
674,1464,38,2026-08-12,3
675,272,91,2026-09-06,2
676,1112,89,2026-06-11,3
677,237,98,2026-09-25,3
678,984,75,2026-07-11,5
679,1455,54,2026-09-03,5
680,1798,55,2026-02-20,1
681,219,4,2026-06-21,4
682,109,86,2025-12-10,1
683,547,97,2026-01-07,2
684,1400,33,2026-02-20,2
685,1415,38,2025-10-28,2
686,67,46,2026-07-01,4
687,1262,87,2025-11-18,5
688,1521,83,2026-01-19,5
689,487,66,2026-04-14,3
690,1361,7,2026-09-16,4
691,854,88,2026-04-13,3
692,111,2,2026-07-06,3
693,1271,100,2026-01-08,4
694,1867,82,2026-01-20,3
695,1120,95,2026-07-25,5
696,1590,93,2026-01-05,2
697,920,23,2026-02-24,1
698,1972,23,2025-12-31,5
699,773,6,2025-11-27,4
700,1140,34,2026-02-16,2
701,1197,33,2025-12-18,1
702,956,91,2026-03-15,2
703,315,42,2025-10-17,5
704,1585,81,2025-10-23,5
705,617,63,2026-08-31,5
706,734,10,2026-07-05,3
707,451,24,2026-06-23,5
708,1611,65,2025-10-31,2
709,1113,69,2026-04-27,4
710,716,29,2025-11-13,2
711,680,43,2026-09-01,3
712,448,97,2026-02-24,5
713,973,72,2026-06-25,1
714,1370,45,2025-11-24,4
715,1853,83,2026-01-28,5
716,500,6,2026-08-11,3
717,1876,15,2026-04-10,4
718,1107,93,2026-02-05,3
719,1867,67,2025-10-09,3
720,1645,66,2026-06-17,4
721,90,38,2026-06-03,2
722,1053,11,2026-03-10,1
723,1990,99,2025-12-21,5
724,16,81,2026-06-27,1
725,1373,81,2026-01-12,2
726,869,14,2026-09-12,2
727,1698,90,2026-06-29,4
728,1673,10,2026-08-24,2
729,941,92,2025-10-09,3
730,180,10,2025-10-16,1
731,1627,33,2025-12-27,5
732,1178,30,2025-11-02,3
733,795,58,2026-04-23,4
734,648,3,2026-05-06,4
735,243,69,2026-09-06,1
736,1476,80,2026-08-21,1
737,94,90,2026-07-23,1
738,1901,65,2026-03-29,1
739,1612,88,2026-02-22,3
740,178,37,2026-08-03,4
741,810,85,2026-04-10,1
742,321,69,2026-05-27,2
743,1530,51,2025-12-05,5
744,1967,82,2026-02-25,2
745,1388,94,2026-02-26,3
746,1134,72,2025-10-02,2
747,86,1,2025-11-29,5
748,808,69,2026-07-29,5
749,625,27,2025-11-09,3
750,846,83,2026-01-13,5
751,330,24,2025-12-08,2
752,1710,33,2026-08-08,2
753,372,86,2025-11-24,5
754,1744,97,2025-10-24,5
755,1321,71,2026-05-21,1
756,1376,9,2026-02-22,3
757,405,93,2025-11-16,5
758,1949,43,2026-06-03,3
759,1375,84,2025-12-01,2
760,584,80,2025-11-17,1
761,651,63,2026-01-04,4
762,1263,85,2026-03-14,3
763,1197,20,2026-09-17,5
764,747,41,2026-07-14,4
765,10,41,2025-12-22,2
766,1459,95,2026-01-18,4
767,1721,47,2026-02-15,2
768,1502,43,2026-09-09,4
769,913,46,2026-05-21,3
770,1130,14,2026-06-03,2
771,1243,11,2026-08-23,3
772,1826,69,2025-12-07,2
773,1503,81,2026-02-08,1
774,1828,3,2025-11-04,5
775,64,75,2026-08-16,5
776,1576,76,2026-04-22,2
777,1130,34,2025-10-15,5
778,967,84,2026-06-30,2
779,804,29,2026-04-02,5
780,275,60,2026-02-22,5
781,186,51,2026-06-15,3
782,22,85,2026-06-11,2
783,1402,22,2026-08-07,5
784,914,21,2025-12-07,2
785,1943,73,2026-07-13,2
786,1924,46,2026-06-01,1
787,1560,63,2026-01-17,2
788,542,48,2025-10-29,2
789,1370,27,2025-10-18,5
790,795,61,2026-03-30,4
791,82,84,2025-10-20,3
792,1442,67,2025-11-18,3
793,1186,70,2026-02-08,0
794,772,84,2025-12-25,4
795,1204,84,2026-04-02,1
796,516,49,2026-06-18,2
797,832,46,2026-06-18,3
798,1624,62,2026-06-03,5
799,1028,18,2025-09-30,4
800,472,10,2025-12-20,5
801,576,28,2026-08-22,2
802,323,47,2025-12-31,5
803,1354,30,2025-11-26,4
804,1476,15,2026-03-15,4
805,981,62,2026-09-07,2
806,331,83,2026-07-26,4
807,500,6,2025-10-08,2
808,1214,21,2026-07-17,2
809,1050,6,2026-08-15,5
810,115,22,2025-12-11,3
811,1059,52,2025-12-28,5
812,1306,3,2026-07-12,3
813,444,58,2025-11-09,5
814,1777,62,2026-05-26,2
815,1701,53,2026-01-17,5
816,1628,75,2025-12-09,2
817,1351,66,2026-08-12,3
818,1484,88,2025-12-21,3
819,1222,76,2026-05-17,1
820,775,50,2026-01-22,2
821,34,26,2025-11-21,5
822,1402,54,2026-06-12,2
823,198,23,2026-08-03,4
824,1229,5,2026-08-07,5
825,1541,16,2026-06-11,1
826,1351,17,2026-05-31,5
827,1695,1,2026-06-30,4
828,862,48,2026-06-21,1
829,1086,55,2026-09-19,2
830,1618,99,2026-05-31,4
831,1207,95,2026-03-25,5
832,872,18,2025-11-16,3
833,1569,30,2026-05-29,1
834,1226,70,2026-02-19,4
835,388,1,2026-02-05,1
836,1071,16,2026-07-19,5
837,769,84,2025-09-30,2
838,1648,41,2026-09-14,4
839,219,20,2026-03-31,4
840,1199,33,2026-08-26,3
841,868,73,2026-06-28,3
842,565,88,2026-08-06,4
843,847,71,2026-01-09,5
844,367,48,2026-06-01,5
845,991,33,2026-07-08,3
846,706,100,2026-07-19,4
847,1752,85,2025-12-06,1
848,915,90,2026-01-22,2
849,440,66,2025-11-17,4
850,1641,71,2026-03-19,5
851,1402,91,2026-09-18,1
852,797,82,2025-12-18,1
853,1687,19,2025-11-12,4
854,892,12,2026-07-31,1
855,455,48,2026-02-08,1
856,78,93,2026-08-04,4
857,1258,84,2026-04-20,5
858,1458,77,2026-02-20,1
859,1312,64,2025-12-25,4
860,414,85,2025-10-02,5
861,399,5,2026-02-20,5
862,1057,90,2026-06-15,2
863,348,87,2026-08-07,1
864,490,84,2026-03-30,1
865,178,36,2025-12-16,4
866,1372,51,2026-03-26,4
867,411,67,2026-07-24,1
868,141,12,2026-09-22,5
869,1488,72,2026-02-19,5
870,712,36,2026-03-24,2
871,1973,25,2026-08-03,4
872,1178,1,2026-04-21,3
873,834,65,2025-12-25,1
874,149,65,2026-07-10,3
875,1940,15,2026-03-20,5
876,1795,69,2026-02-05,5
877,1422,57,2026-02-02,4
878,991,99,2026-07-12,2
879,1969,100,2026-03-19,4
880,944,76,2026-09-10,1
881,239,34,2026-05-31,1
882,1298,29,2026-04-10,2
883,845,46,2026-03-07,5
884,20,90,2026-06-28,3
885,589,12,2026-02-01,4
886,1534,44,2026-09-06,1
887,1908,23,2026-07-07,4
888,725,28,2026-03-06,5
889,375,96,2026-02-11,2
890,1510,26,2026-06-09,2
891,1788,34,2026-01-28,2
892,416,32,2026-01-22,5
893,320,100,2026-03-28,1
894,1885,11,2025-11-27,4
895,14,98,2026-08-07,5
896,1737,62,2025-10-18,3
897,646,64,2026-08-10,5
898,1006,24,2026-02-14,5
899,815,29,2026-02-17,5
900,111,68,2025-12-01,4
901,1925,70,2026-05-29,1
902,712,51,2026-06-11,2
903,2000,16,2026-05-19,5
904,647,89,2026-05-20,1
905,1381,27,2025-10-03,4
906,207,42,2026-07-21,3
907,1766,34,2026-08-06,2
908,539,31,2026-07-04,3
909,1964,79,2026-05-26,3
910,377,64,2026-04-02,4
911,859,90,2026-01-12,3
912,1750,52,2026-04-01,3
913,369,74,2026-05-15,2
914,1405,30,2026-07-18,1
915,1647,31,2026-02-12,5
916,1754,49,2026-05-06,2
917,1639,95,2025-12-10,2
918,1651,2,2026-05-27,2
919,1024,18,2026-04-30,5
920,1476,41,2026-06-27,4
921,514,72,2026-02-27,5
922,816,13,2025-10-21,2
923,442,33,2025-10-27,4
924,198,58,2026-08-15,3
925,740,47,2026-02-07,5
926,1909,33,2026-07-09,3
927,844,16,2025-10-07,3
928,1973,78,2026-09-09,2
929,1180,84,2026-07-19,5
930,1599,37,2025-12-25,3
931,1379,66,2026-03-12,4
932,1822,11,2026-05-13,4
933,587,60,2026-08-07,2
934,1312,44,2025-12-21,4
935,1255,74,2026-08-16,4
936,163,21,2025-11-02,3
937,643,41,2026-01-21,3
938,548,78,2026-09-25,4
939,1818,57,2026-02-12,3
940,1067,58,2026-07-24,4
941,377,3,2025-12-21,2
942,1356,33,2026-01-25,1
943,342,51,2026-01-12,1
944,131,61,2025-11-14,5
945,54,99,2025-10-24,4
946,1567,11,2026-06-22,1
947,1266,20,2026-02-08,1
948,1908,50,2026-08-28,3
949,507,95,2026-01-22,3
950,1284,17,2026-05-11,2
951,1718,22,2026-06-23,1
952,1359,46,2025-10-14,3
953,957,70,2026-05-28,3
954,912,18,2026-07-04,5
955,1211,77,2025-12-26,4
956,1534,82,2026-08-16,5
957,1073,82,2026-05-07,5
958,1862,45,2026-03-04,4
959,466,12,2026-06-30,4
960,750,53,2026-03-03,3
961,622,2,2025-12-15,1
962,1670,98,2026-06-21,2
963,588,61,2026-03-22,5
964,1409,63,2025-10-01,4
965,19,99,2026-02-27,4
966,1223,30,2026-02-23,1
967,766,25,2026-07-04,4
968,896,51,2026-07-11,2
969,1465,95,2025-12-19,4
970,452,34,2026-04-08,1
971,1281,31,2026-05-01,5
972,1654,89,2026-08-06,3
973,1329,96,2026-02-19,5
974,846,25,2026-02-11,1
975,280,38,2025-12-29,1
976,933,80,2026-08-19,4
977,1435,80,2026-02-13,4
978,657,3,2026-01-01,2
979,1986,69,2025-10-22,1
980,1992,14,2025-12-31,3
981,257,92,2026-02-11,4
982,477,12,2025-10-01,2
983,1011,28,2025-10-04,3
984,639,64,2026-04-30,3
985,1428,5,2026-05-22,3
986,1728,97,2025-11-07,2
987,546,100,2025-10-25,4
988,1113,61,2025-11-02,2
989,1835,33,2026-01-03,4
990,250,99,2025-10-03,2
991,1580,57,2026-04-12,2
992,408,59,2025-10-14,1
993,1364,27,2026-06-20,4
994,1396,40,2026-04-14,3
995,1289,94,2025-12-17,1
996,1067,16,2026-07-05,3
997,1308,39,2026-05-31,2
998,1818,7,2026-03-30,2
999,484,82,2025-11-23,4
1000,31,22,2026-03-12,3
1001,246,51,2026-07-23,2
1002,1985,6,2025-10-01,5
1003,974,89,2026-09-15,5
1004,761,99,2025-12-15,1
1005,323,64,2026-02-01,1
1006,1267,44,2026-09-13,1
1007,729,83,2025-10-27,2
1008,1099,14,2026-09-21,2
1009,477,41,2026-06-03,5
1010,1550,45,2026-08-23,4
1011,44,89,2026-01-03,4
1012,1484,18,2026-03-29,3
1013,994,91,2025-10-17,4
1014,604,70,2026-07-10,4
1015,1161,24,2026-01-02,5
1016,663,94,2026-03-24,4
1017,1777,77,2026-02-14,5
1018,142,68,2025-12-18,2
1019,606,34,2026-05-15,5
1020,930,1,2026-04-02,5
1021,1503,24,2026-04-09,1
1022,1755,47,2026-08-10,5
1023,657,93,2026-01-27,1
1024,1981,69,2026-08-30,4
1025,1074,88,2026-01-02,4
1026,316,79,2026-07-06,3
1027,840,83,2026-03-11,3
1028,198,67,2025-11-22,1
1029,1711,17,2025-10-19,2
1030,414,14,2025-10-13,4
1031,203,5,2026-01-03,5
1032,1713,50,2026-08-21,4
1033,1278,90,2026-06-23,5
1034,101,47,2026-02-05,2
1035,1471,10,2026-08-03,1
1036,1343,63,2026-01-11,1
1037,1641,82,2026-05-24,1
1038,1143,96,2026-03-30,4
1039,1627,91,2026-04-03,1
1040,545,68,2026-08-08,1
1041,1709,39,2025-11-02,1
1042,1968,67,2026-01-15,1
1043,1486,30,2025-11-17,5
1044,389,25,2026-04-12,5
1045,510,73,2026-08-29,2
1046,1535,72,2026-07-09,4
1047,1570,82,2025-11-20,5
1048,1382,59,2026-03-29,4
1049,342,24,2025-11-19,5
1050,1034,44,2026-04-20,2
1051,1229,57,2026-06-27,3
1052,1127,42,2026-03-07,3
1053,1566,82,2026-04-26,4
1054,1247,31,2026-03-11,5
1055,439,49,2026-07-03,5
1056,738,58,2026-02-04,4
1057,1,93,2026-04-18,1
1058,1221,3,2026-02-19,5
1059,1824,39,2025-12-05,1
1060,455,28,2026-02-27,3
1061,1581,89,2025-10-08,3
1062,1048,72,2026-07-07,5
1063,317,13,2026-07-16,1
1064,729,20,2026-05-20,2
1065,752,75,2026-02-09,2
1066,525,39,2026-01-24,1
1067,819,73,2026-07-16,2
1068,1482,42,2025-11-05,4
1069,1000,89,2025-12-24,5
1070,1220,83,2025-11-14,3
1071,1497,74,2025-10-16,4
1072,1598,8,2025-11-06,3
1073,1802,56,2026-03-24,4
1074,1782,99,2025-11-27,2
1075,1740,78,2026-08-27,1
1076,1593,81,2026-08-17,4
1077,625,68,2025-10-24,1
1078,1106,73,2026-03-09,2
1079,1029,90,2026-03-13,2
1080,104,87,2025-12-14,4
1081,1542,77,2026-05-13,5
1082,185,29,2026-06-12,4
1083,1611,51,2026-02-22,2
1084,689,11,2025-12-03,4
1085,1527,7,2026-07-16,5
1086,538,11,2026-04-19,4
1087,890,100,2026-06-10,2
1088,985,72,2025-12-05,2
1089,810,84,2026-06-03,5
1090,1150,79,2026-01-05,5
1091,497,10,2026-01-31,3
1092,663,88,2026-05-05,5
1093,231,86,2025-11-11,4
1094,749,45,2026-05-01,2
1095,706,77,2026-03-10,1
1096,347,45,2026-03-02,5
1097,1277,19,2026-05-11,4
1098,1893,30,2025-10-19,2
1099,766,20,2026-09-12,1
1100,1515,7,2025-11-23,2
1101,1898,19,2026-08-10,3
1102,704,89,2025-10-04,1
1103,922,61,2026-03-02,1
1104,429,95,2026-03-15,5
1105,418,70,2026-01-13,5
1106,1124,62,2026-02-06,5
1107,1424,90,2025-12-08,1
1108,1194,85,2026-04-07,5
1109,524,22,2025-10-19,1
1110,412,90,2026-02-19,5
1111,109,60,2026-02-12,1
1112,796,85,2025-10-31,3
1113,1746,85,2026-09-01,3
1114,40,38,2025-11-21,4
1115,780,66,2026-01-23,1
1116,993,77,2026-03-07,5
1117,382,26,2025-11-11,5
1118,1149,92,2026-05-19,1
1119,507,68,2025-10-17,3
1120,1004,51,2026-03-16,2
1121,711,88,2025-10-06,3
1122,1281,39,2026-03-27,2
1123,565,8,2026-06-10,3
1124,1824,4,2026-04-13,5
1125,462,20,2026-02-17,3
1126,1346,18,2026-04-16,1
1127,1067,87,2026-04-10,5
1128,1406,30,2026-08-13,4
1129,1174,20,2026-01-28,4
1130,1864,78,2026-03-05,3
1131,1111,17,2026-05-14,2
1132,284,75,2026-08-27,5
1133,1639,26,2026-09-12,2
1134,1411,91,2026-03-04,5
1135,881,99,2025-12-05,2
1136,1911,73,2026-08-28,2
1137,139,72,2026-03-08,5
1138,378,41,2025-11-26,2
1139,1568,41,2025-10-12,4
1140,622,57,2026-04-25,3
1141,1596,25,2025-12-13,1
1142,379,4,2025-12-03,5
1143,547,78,2026-08-08,5
1144,473,77,2026-08-06,2
1145,1408,4,2026-01-23,3
1146,1410,100,2025-11-06,4
1147,1029,78,2025-12-04,4
1148,1331,48,2026-09-26,2
1149,1007,61,2026-04-13,2
1150,396,29,2025-12-19,1
1151,1566,2,2026-04-24,3
1152,456,96,2026-04-26,2
1153,136,23,2026-01-09,4
1154,1004,89,2026-08-08,3
1155,1818,32,2026-05-19,4
1156,1590,6,2026-04-22,5
1157,1475,41,2026-04-09,4
1158,1924,96,2026-08-06,5
1159,1099,68,2026-07-28,1
1160,224,58,2026-06-20,4
1161,1798,32,2025-10-18,5
1162,811,95,2026-06-29,1
1163,794,67,2026-07-09,1
1164,597,57,2026-01-02,4
1165,1585,37,2026-03-01,4
1166,866,38,2025-12-21,5
1167,1414,67,2025-10-24,2
1168,1700,83,2026-05-22,4
1169,1480,65,2025-11-12,1
1170,1595,75,2025-12-28,5
1171,806,53,2025-12-05,3
1172,52,23,2026-05-15,4
1173,1837,92,2026-07-26,2
1174,185,33,2026-05-17,3
1175,1329,92,2026-09-16,2
1176,187,15,2025-11-29,4
1177,744,11,2026-08-17,5
1178,787,94,2026-09-24,5
1179,1946,21,2026-08-06,4
1180,780,6,2026-07-05,2
1181,1159,85,2026-03-17,2
1182,1780,19,2025-12-19,2
1183,106,54,2026-09-26,3
1184,1496,99,2026-03-04,4
1185,1283,24,2026-02-21,1
1186,1967,26,2025-12-03,1
1187,1568,33,2026-08-11,1
1188,1020,64,2026-05-19,5
1189,1246,64,2025-09-29,2
1190,1206,85,2026-01-16,4
1191,840,57,2026-05-17,1
1192,1230,1,2026-07-31,2
1193,570,80,2026-07-04,5
1194,101,24,2026-01-11,2
1195,1338,45,2025-10-25,1
1196,1749,5,2025-12-10,5
1197,612,43,2026-08-01,1
1198,224,54,2025-10-22,2
1199,1377,37,2025-12-18,5
1200,1417,90,2026-08-31,5
1201,1613,72,2026-07-17,2
1202,1535,75,2026-05-18,3
1203,191,99,2025-10-15,3
1204,755,49,2026-03-11,1
1205,1728,71,2026-05-03,1
1206,965,18,2026-02-23,1
1207,1761,36,2026-09-17,3
1208,848,68,2026-06-23,2
1209,429,79,2026-09-18,1
1210,1171,94,2025-11-21,5
1211,991,93,2025-11-10,5
1212,589,55,2026-09-23,5
1213,532,68,2026-03-08,5
1214,725,17,2026-08-12,5
1215,1017,67,2026-07-12,4
1216,1655,24,2026-06-06,5
1217,1452,38,2026-01-24,2
1218,243,4,2025-09-27,4
1219,1632,16,2026-08-13,2
1220,850,53,2026-08-08,1
1221,717,72,2026-03-16,2
1222,1312,26,2025-10-02,3
1223,1619,9,2026-02-04,3
1224,1038,71,2026-02-27,3
1225,234,88,2025-09-30,3
1226,812,93,2026-03-20,5
1227,1967,4,2026-08-08,2
1228,677,44,2026-01-04,4
1229,1633,5,2026-05-27,2
1230,319,81,2026-05-31,4
1231,1835,43,2026-06-28,4
1232,1901,96,2026-04-26,1
1233,614,73,2026-06-20,3
1234,1098,3,2026-07-08,2
1235,1404,43,2026-07-19,3
1236,1986,20,2025-10-30,3
1237,695,49,2025-10-12,5
1238,1170,78,2025-12-20,4
1239,1219,15,2025-12-31,3
1240,1757,41,2026-09-23,1
1241,848,12,2026-02-13,4
1242,762,58,2026-01-26,3
1243,1076,39,2026-01-15,2
1244,767,5,2025-11-23,2
1245,909,65,2025-11-13,1
1246,1854,65,2026-06-01,2
1247,697,62,2026-01-02,5
1248,1589,42,2026-03-04,2
1249,1684,67,2025-11-16,2
1250,1484,5,2026-01-10,4
1251,1462,67,2026-04-13,1
1252,637,6,2025-09-29,5
1253,683,60,2025-11-10,1
1254,1067,99,2025-11-18,3
1255,1183,98,2025-10-08,3
1256,1828,27,2026-08-20,3
1257,395,37,2026-01-07,3
1258,654,99,2026-06-26,4
1259,241,35,2026-09-05,2
1260,561,15,2025-12-16,1
1261,1147,66,2026-08-11,1
1262,1112,45,2026-01-10,5
1263,556,19,2026-03-09,3
1264,502,22,2026-07-17,1
1265,1256,44,2026-03-05,5
1266,104,17,2026-05-12,1
1267,1850,87,2026-05-26,1
1268,786,7,2025-11-20,1
1269,803,23,2026-05-03,5
1270,1290,89,2026-07-27,4
1271,729,40,2026-08-08,3
1272,1461,98,2026-01-06,5
1273,1995,97,2025-11-06,4
1274,270,12,2026-07-14,4
1275,934,40,2025-11-15,4
1276,475,29,2026-05-25,2
1277,529,47,2026-08-08,4
1278,1433,86,2025-12-29,3
1279,929,63,2026-03-12,1
1280,974,15,2025-10-30,3
1281,945,22,2026-05-30,3
1282,1238,74,2026-03-24,2
1283,211,52,2026-06-14,1
1284,1139,84,2026-03-12,1
1285,1092,60,2026-02-28,4
1286,847,31,2026-07-26,5
1287,1123,21,2026-01-29,4
1288,136,44,2026-04-11,2
1289,1211,56,2026-09-17,4
1290,1613,44,2026-07-14,5
1291,484,23,2026-09-17,1
1292,1176,63,2026-09-26,1
1293,1221,60,2026-07-27,3
1294,200,57,2026-07-08,2
1295,1958,52,2026-03-03,1
1296,223,88,2026-07-30,5
1297,671,64,2026-04-09,1
1298,446,18,2025-11-12,5
1299,1659,1,2026-08-18,2
1300,306,58,2026-08-31,5
1301,799,79,2026-02-23,5
1302,401,27,2026-05-13,3
1303,1168,87,2026-02-27,3
1304,1471,45,2026-05-07,1
1305,17,79,2026-07-22,5
1306,1736,17,2026-04-21,3
1307,757,71,2025-10-28,1
1308,1441,72,2025-09-27,3
1309,1764,37,2025-11-22,1
1310,885,90,2026-01-25,5
1311,1281,41,2026-04-16,4
1312,782,56,2026-04-22,5
1313,1357,23,2026-01-13,4
1314,386,72,2025-12-07,4
1315,1721,54,2026-03-30,2
1316,1788,86,2026-02-21,2
1317,24,10,2025-12-04,1
1318,1478,63,2025-12-09,4
1319,174,18,2025-12-05,4
1320,1831,90,2026-05-18,5
1321,1277,24,2026-05-02,4
1322,869,71,2026-06-14,4
1323,728,29,2026-04-11,2
1324,1239,1,2026-05-02,5
1325,1735,94,2026-06-09,2
1326,1028,35,2026-09-26,4
1327,1181,47,2026-07-03,1
1328,1164,62,2025-10-16,3
1329,1189,62,2025-11-23,1
1330,1496,94,2025-12-08,5
1331,953,67,2026-02-17,1
1332,1823,79,2026-06-21,1
1333,968,81,2026-01-30,1
1334,1298,70,2026-09-12,5
1335,1256,7,2026-03-05,3
1336,1595,2,2026-06-27,4
1337,1050,61,2026-05-17,5
1338,863,46,2026-03-15,3
1339,344,5,2026-02-22,5
1340,1489,73,2026-03-01,3
1341,1289,61,2025-10-28,5
1342,1174,7,2025-12-22,3
1343,56,37,2026-08-12,4
1344,260,65,2025-11-08,1
1345,517,17,2026-02-16,5
1346,564,33,2026-02-17,1
1347,1237,23,2025-11-23,5
1348,1350,58,2025-12-13,3
1349,536,90,2025-12-25,2
1350,371,68,2026-06-02,1
1351,173,19,2026-03-21,5
1352,1716,64,2025-12-14,4
1353,488,85,2026-04-11,4
1354,343,27,2026-08-19,5
1355,112,83,2026-03-22,3
1356,108,22,2025-11-25,4
1357,976,39,2026-04-19,4
1358,479,49,2026-06-26,4
1359,538,19,2026-05-27,5
1360,25,37,2026-05-07,4
1361,1390,41,2026-04-10,5
1362,1958,6,2026-09-11,1
1363,1306,46,2026-06-26,4
1364,1881,84,2026-08-05,3
1365,554,35,2026-03-17,1
1366,1341,75,2026-02-04,4
1367,1584,87,2026-05-21,2
1368,1206,99,2026-09-06,2
1369,692,87,2026-06-20,2
1370,1122,2,2026-03-06,1
1371,25,53,2025-10-31,1
1372,213,88,2026-06-22,4
1373,450,93,2026-03-25,3
1374,396,5,2026-02-02,1
1375,189,8,2026-08-10,5
1376,1831,28,2026-08-29,5
1377,250,91,2026-08-19,1
1378,1754,78,2025-11-10,2
1379,1345,98,2026-04-07,5
1380,1836,15,2025-12-30,2
1381,604,60,2026-02-03,1
1382,929,36,2026-08-20,4
1383,1851,86,2026-09-16,3
1384,332,100,2026-02-05,1
1385,1592,8,2026-02-15,4
1386,682,8,2026-04-13,3
1387,365,57,2026-02-09,1
1388,1902,26,2026-06-05,5
1389,366,83,2026-04-16,4
1390,295,70,2025-11-21,4
1391,1258,83,2026-01-16,1
1392,1466,34,2026-05-11,1
1393,150,10,2025-10-14,5
1394,1592,58,2026-02-02,1
1395,305,84,2026-06-08,1
1396,1362,50,2025-10-16,3
1397,1434,43,2025-12-13,4
1398,8,66,2026-07-18,4
1399,894,52,2026-05-29,1
1400,463,1,2026-06-30,4
1401,1676,100,2026-09-14,4
1402,1162,69,2025-11-28,3
1403,1397,39,2026-03-16,4
1404,1295,83,2025-10-25,1
1405,1095,44,2026-04-02,1
1406,1558,99,2026-05-20,3
1407,416,23,2026-08-24,5
1408,1982,50,2025-10-17,2
1409,1426,50,2026-02-27,1
1410,1411,46,2026-08-15,4
1411,1813,81,2025-11-09,4
1412,287,5,2026-01-02,2
1413,1475,76,2025-10-09,2
1414,797,9,2026-06-04,5
1415,631,64,2026-08-22,5
1416,1980,3,2026-05-15,1
1417,115,44,2026-03-19,1
1418,243,28,2026-04-22,5
1419,1926,87,2026-05-19,5
1420,1518,75,2025-12-12,2
1421,76,95,2025-11-02,2
1422,1340,3,2026-06-04,4
1423,94,32,2026-08-09,2
1424,353,81,2025-10-04,1
1425,1681,13,2026-03-03,4
1426,350,76,2026-08-05,1
1427,234,64,2025-11-20,5
1428,452,9,2026-08-08,2
1429,691,95,2026-05-03,4
1430,248,88,2026-03-12,5
1431,282,42,2026-07-03,2
1432,1215,23,2025-10-20,3
1433,248,36,2025-10-29,2
1434,345,90,2026-04-27,3
1435,338,57,2026-07-07,2
1436,84,18,2026-07-21,1
1437,1255,49,2026-08-16,2
1438,1802,63,2025-10-05,1
1439,15,23,2025-09-30,1
1440,1335,76,2026-09-23,3
1441,1421,99,2026-04-28,4
1442,260,27,2026-09-16,2
1443,555,67,2026-08-20,4
1444,490,23,2026-04-25,5
1445,78,77,2026-09-16,2
1446,1254,12,2026-06-09,3
1447,858,1,2026-03-24,5
1448,394,16,2026-01-25,5
1449,1268,47,2025-11-14,5
1450,450,60,2026-06-13,2
1451,109,25,2026-02-15,1
1452,1404,61,2025-12-12,4
1453,328,86,2025-12-26,1
1454,1321,47,2025-10-24,3
1455,891,33,2026-01-12,3
1456,1649,98,2026-08-08,4
1457,214,95,2025-10-19,1
1458,361,21,2026-06-29,1
1459,1055,15,2026-06-02,1
1460,1478,57,2026-01-25,5
1461,668,54,2026-07-20,2
1462,1840,42,2026-09-08,2
1463,668,30,2025-11-22,1
1464,1511,53,2026-01-26,2
1465,1826,29,2026-04-07,1
1466,1199,63,2026-05-26,1
1467,297,28,2026-05-08,5
1468,365,50,2026-05-17,3
1469,938,93,2025-12-05,2
1470,735,35,2026-08-16,2
1471,261,5,2026-03-17,5
1472,575,18,2025-10-27,1
1473,940,54,2026-05-23,2
1474,451,38,2026-03-21,5
1475,1617,82,2025-12-16,5
1476,1184,71,2025-12-23,2
1477,844,67,2025-11-10,4
1478,1212,61,2026-01-15,4
1479,30,94,2026-02-16,4
1480,508,42,2026-01-31,4
1481,456,76,2026-07-20,2
1482,1840,1,2026-07-17,4
1483,83,61,2025-10-19,5
1484,872,68,2025-10-14,4
1485,1659,90,2026-05-30,1
1486,1015,31,2026-05-16,1
1487,1543,2,2026-07-09,4
1488,272,46,2026-01-16,3
1489,1327,12,2026-01-27,1
1490,1371,40,2026-05-30,2
1491,941,74,2026-09-22,5
1492,2000,59,2025-10-09,4
1493,1791,91,2025-12-06,4
1494,1618,48,2025-12-30,4
1495,1298,1,2026-09-22,1
1496,1830,89,2026-04-12,3
1497,67,38,2026-06-25,4
1498,1430,79,2026-02-12,5
1499,1628,27,2026-07-18,1
1500,1804,43,2026-08-10,1
1501,1937,87,2026-06-17,3
1502,228,50,2025-10-23,3
1503,1268,6,2026-05-23,3
1504,359,83,2026-04-02,5
1505,138,72,2026-09-22,2
1506,686,31,2025-12-06,5
1507,1330,62,2025-11-24,5
1508,430,97,2026-09-21,2
1509,723,35,2026-03-10,5
1510,867,36,2026-09-10,1
1511,764,45,2025-10-29,4
1512,1027,68,2026-06-02,1
1513,1454,69,2026-05-25,5
1514,926,80,2026-02-23,3
1515,1937,89,2026-09-06,1
1516,1827,59,2026-01-01,1
1517,801,23,2025-11-07,3
1518,224,22,2025-11-05,3
1519,1428,19,2025-11-23,4
1520,1792,27,2025-12-13,5
1521,47,38,2026-08-14,4
1522,1109,17,2026-09-11,4
1523,861,57,2026-03-23,1
1524,388,9,2026-02-23,1
1525,1710,67,2026-01-23,3
1526,1186,44,2026-04-25,3
1527,1216,86,2026-06-02,5
1528,912,59,2026-07-04,3
1529,271,40,2026-07-14,2
1530,465,62,2026-02-07,3
1531,1577,7,2026-02-21,2
1532,583,59,2026-03-26,2
1533,1893,21,2026-08-09,5
1534,374,23,2026-02-20,2
1535,488,15,2025-12-18,1
1536,1177,17,2026-03-08,4
1537,758,24,2026-02-07,2
1538,1449,5,2026-07-11,3
1539,303,48,2026-03-22,4
1540,1998,21,2026-06-30,5
1541,249,4,2026-02-28,4
1542,1574,19,2026-06-09,4
1543,320,1,2026-03-09,5
1544,679,83,2026-06-13,3
1545,1835,38,2026-05-27,5
1546,302,73,2026-09-03,4
1547,1412,15,2026-03-19,4
1548,286,87,2025-10-17,5
1549,631,4,2025-11-25,4
1550,1723,29,2026-08-09,4
1551,190,42,2026-03-28,1
1552,1314,25,2026-08-04,5
1553,455,99,2026-06-23,3
1554,47,11,2026-01-05,5
1555,1387,86,2026-05-13,1
1556,808,25,2026-06-16,4
1557,1236,78,2026-03-08,5
1558,1861,86,2025-10-25,3
1559,303,92,2026-04-18,4
1560,791,48,2026-04-04,1
1561,707,45,2026-02-19,3
1562,1791,72,2026-05-13,1
1563,1491,57,2026-01-15,4
1564,592,21,2026-05-11,4
1565,286,76,2026-04-27,5
1566,295,27,2025-11-10,3
1567,1777,68,2026-05-28,3
1568,1912,76,2025-10-30,4
1569,14,53,2025-11-11,3
1570,359,72,2026-04-27,4
1571,1164,97,2026-09-25,2
1572,381,49,2026-01-07,3
1573,1005,6,2026-07-07,3
1574,623,64,2026-07-23,5
1575,460,4,2026-05-22,1
1576,538,39,2025-12-14,4
1577,1340,86,2025-11-29,3
1578,368,63,2026-04-28,2
1579,245,98,2025-10-11,3
1580,1988,9,2026-06-06,5
1581,1191,62,2026-03-31,5
1582,1779,34,2026-05-08,4
1583,1676,16,2026-09-17,3
1584,1502,74,2026-06-16,1
1585,334,75,2026-02-06,1
1586,655,60,2025-12-10,2
1587,335,7,2026-03-28,3
1588,860,82,2026-03-30,3
1589,594,38,2025-10-21,5
1590,1918,10,2026-08-20,5
1591,1570,81,2026-01-04,2
1592,1227,97,2025-11-14,2
1593,661,41,2026-07-02,3
1594,1404,90,2026-02-12,3
1595,1095,75,2025-11-15,3
1596,27,18,2025-12-09,5
1597,764,100,2026-02-18,4
1598,697,21,2026-04-25,1
1599,317,65,2026-01-16,2
1600,1629,72,2026-01-01,5
1601,1703,68,2026-09-15,5
1602,1129,90,2026-09-26,1
1603,944,10,2026-04-28,1
1604,1892,3,2025-12-03,4
1605,639,89,2026-03-24,3
1606,1674,57,2025-12-07,5
1607,1564,44,2026-06-21,2
1608,624,4,2026-09-25,1
1609,264,89,2026-01-18,2
1610,465,40,2026-09-14,2
1611,267,11,2026-01-12,4
1612,1563,15,2026-09-15,1
1613,1587,62,2025-10-06,4
1614,403,14,2025-10-18,1
1615,1052,76,2026-08-30,1
1616,244,33,2026-05-25,1
1617,618,86,2025-10-30,1
1618,1603,16,2025-11-15,5
1619,1204,26,2026-01-10,2
1620,720,4,2026-09-05,1
1621,1733,96,2025-12-10,3
1622,713,46,2026-07-20,2
1623,1600,94,2026-06-10,5
1624,1035,73,2026-01-28,1
1625,1679,75,2025-11-16,1
1626,445,92,2026-06-24,2
1627,352,97,2026-02-18,5
1628,1994,93,2025-09-29,1
1629,1886,65,2026-01-14,4
1630,1430,76,2026-04-02,2
1631,1380,14,2026-05-10,2
1632,778,55,2026-03-27,2
1633,467,53,2026-06-17,1
1634,254,60,2026-03-06,1
1635,279,64,2026-06-20,3
1636,591,72,2026-09-22,1
1637,672,64,2025-11-08,1
1638,581,59,2026-04-12,5
1639,1408,57,2026-03-05,2
1640,835,38,2026-07-07,4
1641,1755,9,2026-01-01,4
1642,753,23,2026-09-09,1
1643,1007,87,2026-09-07,1
1644,898,67,2026-04-17,1
1645,294,51,2025-11-27,4
1646,1210,14,2026-09-17,2
1647,745,26,2025-10-30,3
1648,1219,52,2026-01-07,1
1649,1717,55,2026-01-24,4
1650,1567,92,2026-02-16,5
1651,560,97,2026-07-27,4
1652,975,86,2026-03-28,5
1653,993,66,2026-04-22,3
1654,1573,59,2025-12-11,1
1655,514,63,2025-11-28,4
1656,1287,18,2026-01-23,1
1657,1512,7,2025-11-16,1
1658,1389,4,2026-06-09,2
1659,1239,87,2026-04-10,3
1660,621,80,2025-12-14,5
1661,1557,10,2025-11-15,5
1662,1624,60,2026-06-06,2
1663,1356,64,2026-02-24,4
1664,536,70,2026-06-12,3
1665,1120,3,2026-06-30,1
1666,1803,16,2026-05-05,4
1667,645,49,2026-05-15,4
1668,74,5,2026-05-20,2
1669,1351,100,2026-07-09,3
1670,337,63,2026-09-23,4
1671,640,92,2025-12-04,4
1672,1565,15,2026-06-03,5
1673,1005,85,2026-09-07,5
1674,1105,74,2026-09-12,4
1675,1152,21,2026-05-28,5
1676,802,34,2025-10-25,4
1677,1989,49,2026-07-26,5
1678,723,99,2026-09-08,3
1679,126,4,2026-03-10,5
1680,263,47,2025-10-20,3
1681,56,98,2026-07-22,3
1682,200,55,2026-04-09,3
1683,844,45,2026-03-28,1
1684,501,32,2026-08-31,2
1685,640,76,2026-08-24,1
1686,135,40,2026-09-14,1
1687,348,3,2026-03-18,5
1688,77,59,2026-03-12,4
1689,1055,54,2026-07-14,3
1690,1426,61,2025-10-07,5
1691,649,49,2025-10-08,-5
1692,661,74,2026-04-14,1
1693,205,89,2026-06-04,2
1694,1018,65,2026-03-18,3
1695,1260,39,2025-12-21,3
1696,414,64,2026-05-08,1
1697,439,37,2026-06-28,3
1698,609,74,2025-10-21,4
1699,1280,96,2026-01-20,1
1700,195,76,2026-07-20,3
1701,138,73,2026-02-13,5
1702,875,27,2026-05-28,3
1703,1335,39,2025-11-05,5
1704,887,85,2026-02-27,5
1705,410,54,2026-03-06,4
1706,1280,66,2026-02-02,4
1707,1564,71,2026-09-05,2
1708,1286,91,2025-10-06,5
1709,1182,64,2025-12-31,2
1710,1971,96,2026-08-31,4
1711,1920,82,2026-02-11,5
1712,1747,99,2026-08-07,4
1713,1489,81,2026-07-13,1
1714,411,47,2026-06-21,4
1715,493,20,2025-12-11,3
1716,841,41,2026-05-07,1
1717,417,53,2026-08-17,3
1718,1324,21,2026-02-20,3
1719,1232,31,2026-09-13,4
1720,233,20,2026-01-27,2
1721,503,40,2025-10-11,4
1722,1147,56,2026-06-02,4
1723,1855,5,2026-08-24,2
1724,559,18,2025-12-17,1
1725,1618,36,2026-02-06,5
1726,1320,6,2025-12-26,4
1727,114,11,2025-10-07,3
1728,611,9,2026-08-01,4
1729,1376,85,2026-04-01,1
1730,1932,93,2026-04-18,2
1731,230,74,2026-01-25,5
1732,1069,86,2025-11-27,5
1733,516,64,2026-06-22,1
1734,1229,16,2026-01-26,3
1735,1705,75,2026-03-14,4
1736,1916,55,2026-01-25,2
1737,219,23,2025-12-09,2
1738,901,53,2026-02-14,3
1739,115,63,2026-07-25,5
1740,1433,15,2026-04-06,3
1741,868,61,2026-07-03,2
1742,1802,19,2026-02-16,3
1743,1466,48,2026-05-28,3
1744,1322,78,2025-10-07,1
1745,1637,7,2026-09-01,2
1746,1132,50,2026-02-03,3
1747,1963,90,2026-08-20,3
1748,250,69,2026-09-12,2
1749,796,2,2026-05-11,4
1750,617,12,2026-02-04,2
1751,431,21,2026-02-26,4
1752,650,99,2026-08-16,4
1753,562,11,2025-10-14,4
1754,1510,53,2026-05-26,3
1755,1796,13,2026-05-01,2
1756,535,65,2026-09-19,1
1757,862,78,2026-03-26,5
1758,929,89,2026-03-13,1
1759,1314,83,2025-10-23,2
1760,909,83,2026-08-15,2
1761,821,26,2025-09-28,3
1762,1180,11,2026-03-06,1
1763,512,67,2025-12-16,2
1764,1405,53,2026-07-28,3
1765,980,95,2026-05-16,2
1766,356,88,2026-02-07,5
1767,1638,37,2026-03-13,2
1768,849,48,2025-11-09,2
1769,1795,49,2026-04-16,5
1770,43,3,2026-01-19,5
1771,1254,81,2026-08-24,2
1772,1996,60,2025-11-11,2
1773,1437,22,2026-02-08,1
1774,1266,55,2026-04-20,5
1775,306,12,2026-02-07,3
1776,1940,73,2025-12-23,1
1777,1472,68,2025-10-04,4
1778,1695,87,2026-05-17,4
1779,460,92,2025-11-26,2
1780,1938,35,2026-01-02,3
1781,783,17,2026-06-07,4
1782,1229,28,2026-01-10,3
1783,388,54,2026-09-08,2
1784,1623,19,2026-04-24,1
1785,2000,34,2026-02-22,100
1786,924,32,2026-08-09,3
1787,1402,83,2026-07-22,4
1788,22,61,2025-11-09,2
1789,1996,89,2026-03-11,4
1790,435,92,2026-09-13,4
1791,867,95,2026-09-24,5
1792,150,13,2026-02-05,5
1793,107,43,2025-10-27,2
1794,1861,46,2026-05-26,5
1795,1981,77,2026-09-05,1
1796,520,65,2025-09-29,5
1797,620,51,2026-04-10,3
1798,1983,72,2025-12-03,1
1799,368,34,2026-07-21,2
1800,1010,44,2026-06-11,4
1801,184,41,2025-12-03,5
1802,291,34,2026-05-06,1
1803,91,17,2026-03-06,4
1804,1532,47,2026-02-17,4
1805,1849,34,2026-02-18,5
1806,1059,41,2026-02-09,4
1807,647,95,2025-12-20,4
1808,1139,85,2025-12-13,4
1809,387,20,2025-10-24,1
1810,376,5,2026-01-22,4
1811,335,91,2026-02-07,4
1812,238,64,2026-05-08,1
1813,731,91,2026-05-11,5
1814,938,64,2026-06-02,1
1815,254,45,2025-12-11,1
1816,1779,37,2026-01-09,2
1817,1536,66,2025-12-22,3
1818,1825,85,2026-07-12,5
1819,1196,1,2026-01-13,5
1820,370,54,2026-07-16,1
1821,1574,64,2026-01-31,1
1822,54,37,2026-03-14,1
1823,766,76,2026-04-16,1
1824,315,4,2026-03-11,1
1825,1702,91,2026-05-20,4
1826,1287,35,2026-05-17,5
1827,12,43,2026-08-29,1
1828,1275,58,2026-08-28,3
1829,265,28,2026-07-15,1
1830,580,42,2026-08-22,1
1831,1121,78,2025-11-02,4
1832,817,33,2025-11-13,2
1833,1977,99,2026-01-27,4
1834,43,27,2025-11-11,2
1835,1597,52,2026-04-13,3
1836,1542,84,2026-08-24,2
1837,612,63,2025-11-27,4
1838,1851,88,2026-03-04,5
1839,736,86,2025-12-03,1
1840,1050,26,2026-04-03,4
1841,1814,50,2026-05-13,4
1842,1154,77,2026-02-11,4
1843,1550,55,2025-11-12,3
1844,382,56,2026-08-07,4
1845,83,66,2025-11-13,3
1846,1386,29,2026-05-22,2
1847,1080,81,2026-06-07,5
1848,596,60,2025-11-08,4
1849,1858,62,2025-11-06,3
1850,262,88,2025-12-12,3
1851,1072,55,2026-02-01,3
1852,98,71,2026-07-15,1
1853,1052,14,2025-10-20,5
1854,846,13,2026-05-02,4
1855,1476,73,2026-08-31,3
1856,522,75,2026-03-27,1
1857,34,15,2026-06-11,4
1858,1611,24,2025-12-27,4
1859,171,54,2025-10-20,3
1860,1203,93,2026-03-06,4
1861,922,80,2026-09-05,3
1862,1980,24,2026-03-20,2
1863,161,96,2025-12-30,5
1864,1786,87,2026-02-06,1
1865,1095,3,2026-05-07,1
1866,239,2,2026-04-17,2
1867,978,59,2026-08-28,4
1868,1978,96,2026-08-29,5
1869,621,80,2026-06-03,5
1870,1415,87,2026-03-30,4
1871,180,17,2026-02-28,2
1872,391,15,2025-10-04,1
1873,1988,25,2026-09-18,1
1874,986,84,2026-01-12,2
1875,496,56,2026-08-25,5
1876,177,39,2026-01-02,4
1877,971,55,2025-12-11,1
1878,341,20,2025-11-25,4
1879,966,3,2026-06-02,4
1880,497,26,2026-07-23,3
1881,1699,51,2026-07-15,1
1882,17,14,2026-03-16,4
1883,1738,64,2026-04-27,5
1884,1498,71,2026-07-29,3
1885,999,52,2025-10-15,4
1886,1211,93,2026-06-16,5
1887,1854,63,2026-09-09,2
1888,1082,3,2025-10-28,4
1889,647,71,2026-07-19,1
1890,1829,83,2026-02-11,4
1891,240,64,2026-05-27,5
1892,711,58,2026-08-23,4
1893,331,37,2025-10-07,2
1894,705,57,2026-05-25,2
1895,450,76,2026-06-13,3
1896,1748,92,2026-08-01,4
1897,1809,38,2025-12-03,4
1898,1707,87,2026-04-28,3
1899,1638,21,2026-05-26,5
1900,579,89,2026-01-11,1
1901,989,17,2026-09-03,2
1902,321,78,2026-01-07,4
1903,1626,54,2025-11-17,4
1904,481,27,2026-03-01,5
1905,38,46,2025-10-21,3
1906,1387,21,2026-03-28,2
1907,66,9,2026-06-11,3
1908,234,80,2026-05-05,2
1909,1151,29,2025-11-27,4
1910,697,46,2026-02-06,1
1911,548,20,2026-07-09,5
1912,1372,14,2026-08-02,1
1913,1637,59,2026-05-09,1
1914,1601,79,2025-11-20,5
1915,1687,72,2025-11-18,1
1916,216,22,2026-06-13,1
1917,1866,47,2026-01-10,2
1918,1451,57,2026-02-23,5
1919,1501,13,2026-06-09,2
1920,745,43,2026-08-24,2
1921,1738,26,2025-11-28,4
1922,1576,99,2026-04-27,1
1923,1710,61,2026-01-30,3
1924,1035,22,2026-02-20,1
1925,763,92,2026-02-10,4
1926,1290,86,2026-03-30,2
1927,1543,97,2025-12-13,5
1928,1613,30,2026-04-30,2
1929,847,53,2026-05-04,4
1930,1628,88,2026-06-18,3
1931,907,19,2025-10-12,1
1932,1933,9,2026-06-18,1
1933,645,52,2026-03-19,2
1934,126,51,2026-05-07,1
1935,1890,83,2026-08-31,2
1936,119,81,2026-07-18,5
1937,859,52,2026-02-25,5
1938,1478,96,2026-03-01,3
1939,17,36,2026-03-22,5
1940,1886,19,2026-08-05,4
1941,1319,27,2026-05-13,5
1942,1615,80,2026-08-12,4
1943,708,84,2026-09-19,4
1944,1805,39,2026-01-06,1
1945,1101,43,2025-10-15,4
1946,1066,70,2025-11-30,3
1947,191,66,2026-01-14,5
1948,1068,44,2026-03-05,2
1949,58,70,2025-10-08,5
1950,495,100,2026-02-06,3
1951,1035,15,2026-05-01,1
1952,532,81,2026-04-05,5
1953,254,7,2026-03-27,1
1954,611,74,2026-05-14,1
1955,695,31,2026-05-17,5
1956,2051,81,2026-07-13,5
1957,479,45,2026-07-28,3
1958,1366,92,2026-02-19,5
1959,287,92,2026-09-06,4
1960,1511,32,2026-06-20,1
1961,1058,75,2026-03-13,2
1962,931,13,2026-03-30,2
1963,872,53,2026-09-26,1
1964,128,55,2025-11-13,2
1965,440,58,2026-05-28,1
1966,1387,68,2026-04-04,4
1967,1145,67,2026-07-25,4
1968,1197,64,2026-02-09,4
1969,1412,63,2026-05-10,4
1970,296,65,2025-12-19,2
1971,1457,59,2026-06-02,2
1972,1052,68,2026-09-22,1
1973,436,59,2026-09-17,4
1974,1529,21,2025-10-13,5
1975,1888,16,2026-04-04,5
1976,226,16,2026-04-24,3
1977,594,6,2026-07-16,5
1978,242,48,2025-12-14,3
1979,622,38,2026-04-06,4
1980,1621,19,2025-10-11,2
1981,864,7,2026-07-25,3
1982,442,24,2026-02-19,4
1983,251,71,2025-09-28,3
1984,1783,6,2025-10-31,4
1985,1174,40,2026-05-31,5
1986,1844,44,2026-05-16,4
1987,1709,93,2026-05-28,5
1988,1561,18,2025-12-03,5
1989,944,98,2026-08-18,4
1990,920,20,2026-09-03,3
1991,1639,80,2025-11-11,5
1992,794,30,2026-04-24,4
1993,1108,6,2026-03-19,4
1994,1323,12,2026-02-16,2
1995,51,74,2026-09-24,3
1996,1322,16,2026-07-11,5
1997,395,80,2025-11-09,5
1998,1552,7,2026-07-19,5
1999,388,97,2026-06-21,4
2000,1837,3,2026-06-11,1
2001,1918,69,2026-08-30,2
2002,564,27,2025-10-06,2
2003,1719,75,2026-09-23,4
2004,1653,69,2025-11-09,5
2005,823,76,2026-03-10,1
2006,1766,3,2026-06-05,3
2007,370,54,2026-05-08,1
2008,650,49,2026-06-24,3
2009,235,13,2025-11-12,5
2010,585,19,2025-12-22,2
2011,1574,12,2026-02-04,2
2012,1951,53,2026-03-03,2
2013,1259,42,2025-10-27,2
2014,1461,8,2025-10-10,3
2015,203,41,2026-04-14,2
2016,1829,42,2026-04-26,3
2017,1929,16,2026-04-07,1
2018,491,97,2026-01-08,5
2019,485,64,2026-07-24,5
2020,789,15,2026-06-12,3
2021,652,60,2025-10-28,5
2022,135,62,2026-04-23,1
2023,1298,30,2026-04-23,1
2024,1135,76,2026-02-11,1
2025,1563,72,2026-01-31,2
2026,1164,53,2026-03-01,4
2027,1734,82,2025-11-08,5
2028,1604,19,2026-01-09,3
2029,345,32,2026-06-30,5
2030,1969,72,2026-05-01,4
2031,3,60,2025-10-18,5
2032,1338,22,2026-02-22,1
2033,1912,62,2025-10-27,3
2034,514,88,2026-07-30,4
2035,1726,81,2026-03-25,2
2036,1722,66,2026-07-23,3
2037,331,95,2025-10-20,5
2038,144,39,2026-07-12,1
2039,1431,16,2026-04-17,2
2040,573,56,2026-07-08,2
2041,1034,41,2026-08-05,3
2042,536,97,2026-08-18,4
2043,504,85,2026-02-13,3
2044,432,59,2026-03-20,5
2045,33,89,2026-03-14,2
2046,1889,1,2026-08-23,5
2047,9,2,2026-05-28,2
2048,1139,90,2026-04-26,4
2049,1103,11,2026-04-16,1
2050,64,86,2026-06-29,4
2051,253,46,2026-09-06,4
2052,734,50,2026-07-31,2
2053,18,16,2026-09-18,4
2054,1918,25,2026-04-04,4
2055,454,96,2025-10-01,1
2056,1394,91,2026-02-17,3
2057,185,79,2026-01-03,3
2058,480,64,2026-01-18,3
2059,575,64,2025-10-15,5
2060,15,26,2026-01-12,4
2061,1782,36,2025-11-22,5
2062,1012,22,2026-06-10,5
2063,1352,95,2026-01-04,5
2064,1398,78,2026-09-06,5
2065,134,76,2025-12-25,2
2066,261,34,2025-10-30,5
2067,1805,67,2026-01-21,3
2068,1737,87,2026-01-03,1
2069,1389,69,2026-09-16,5
2070,1395,72,2026-02-03,4
2071,1921,55,2025-09-28,1
2072,886,53,2026-03-11,3
2073,1393,67,2025-11-28,4
2074,741,67,2026-06-07,1
2075,97,36,2026-01-19,4
2076,920,41,2026-06-26,1
2077,399,43,2026-04-15,1
2078,1655,4,2026-07-16,2
2079,868,10,2026-09-15,2
2080,337,43,2026-01-05,3
2081,1283,81,2025-10-29,1
2082,983,56,2025-10-11,1
2083,1633,81,2026-07-27,3
2084,507,14,2026-02-02,4
2085,1964,44,2026-01-27,1
2086,1065,31,2026-03-16,1
2087,1269,57,2026-07-31,1
2088,915,75,2026-08-13,1
2089,1996,8,2025-11-09,1
2090,642,89,2026-04-08,1
2091,127,57,2025-12-01,1
2092,1251,81,2026-02-28,4
2093,209,87,2025-10-30,1
2094,107,38,2026-07-10,4
2095,197,80,2026-04-20,4
2096,1771,77,2026-01-24,5
2097,929,50,2025-10-02,4
2098,1803,80,2026-05-04,5
2099,696,84,2025-11-17,1
2100,1060,43,2026-05-17,5
2101,222,14,2026-01-03,1
2102,1461,9,2026-07-28,5
2103,1853,74,2026-01-04,2
2104,1043,33,2026-08-19,3
2105,986,93,2026-04-30,5
2106,381,32,2026-05-12,2
2107,124,17,2025-10-19,3
2108,893,66,2026-07-23,3
2109,1196,70,2026-03-05,2
2110,962,40,2025-12-11,5
2111,597,48,2026-03-21,1
2112,1202,85,2026-06-19,2
2113,487,65,2025-10-26,5
2114,865,45,2025-10-24,2
2115,1312,26,2026-01-07,1
2116,388,86,2026-03-20,4
2117,1417,60,2026-09-17,5
2118,679,75,2026-09-16,5
2119,1262,39,2026-03-17,4
2120,333,14,2026-03-14,4
2121,1016,29,2025-10-18,1
2122,457,89,2026-08-20,2
2123,1278,28,2026-05-23,2
2124,1505,99,2026-05-31,3
2125,421,52,2026-04-07,2
2126,744,2,2025-09-30,1
2127,62,72,2026-03-29,1
2128,2041,57,2025-12-08,2
2129,1200,98,2026-08-16,3
2130,1998,4,2025-10-19,2
2131,582,23,2026-01-06,2
2132,1473,23,2026-02-08,3
2133,504,23,2026-07-07,2
2134,361,34,2025-10-08,1
2135,1703,87,2025-10-07,2
2136,1342,15,2026-04-09,3
2137,625,59,2026-01-12,2
2138,1658,48,2026-04-04,2
2139,1637,80,2026-06-23,4
2140,134,16,2026-09-26,2
2141,1628,25,2025-12-02,2
2142,775,89,2026-06-26,3
2143,1228,55,2026-03-08,2
2144,1563,79,2025-10-20,5
2145,1750,69,2026-01-01,3
2146,672,32,2025-12-12,1
2147,1630,36,2026-08-15,2
2148,1984,75,2026-06-14,4
2149,1490,11,2026-01-12,4
2150,1260,9,2026-09-01,2
2151,795,97,2026-06-14,5
2152,1022,67,2026-04-06,4
2153,660,92,2025-12-27,3
2154,1423,62,2026-06-23,4
2155,550,75,2026-05-27,4
2156,1887,75,2026-08-19,1
2157,450,26,2026-01-11,4
2158,811,28,2026-01-25,3
2159,1821,49,2026-05-02,5
2160,1916,48,2025-12-16,3
2161,174,18,2026-07-05,1
2162,911,67,2026-02-25,-5
2163,1196,6,2026-01-22,4
2164,1273,44,2026-06-16,4
2165,958,56,2026-05-15,4
2166,1648,64,2026-04-03,3
2167,784,4,2026-02-13,2
2168,479,34,2026-05-11,1
2169,1847,11,2026-03-29,3
2170,1051,70,2026-06-10,1
2171,1898,30,2026-02-15,1
2172,147,47,2025-11-26,1
2173,411,43,2026-07-03,2
2174,675,33,2026-09-07,3
2175,1732,36,2026-09-11,2
2176,1238,18,2026-09-23,5
2177,18,99,2026-02-07,3
2178,1685,45,2026-02-18,4
2179,1684,75,2026-04-22,1
2180,1340,66,2026-05-26,2
2181,467,30,2026-04-18,2
2182,479,67,2026-05-27,5
2183,1552,60,2026-07-06,4
2184,1622,11,2026-03-20,3
2185,879,99,2026-01-01,4
2186,899,58,2026-01-12,5
2187,768,18,2025-10-12,5
2188,626,95,2025-12-01,1
2189,1660,85,2026-06-09,3
2190,462,54,2026-03-19,4
2191,1542,52,2026-09-13,5
2192,668,76,2026-02-27,1
2193,1609,5,2026-07-14,2
2194,1952,43,2025-12-14,5
2195,1637,78,2026-08-15,5
2196,1776,51,2026-07-17,4
2197,1943,51,2026-01-09,1
2198,792,25,2026-06-27,4
2199,674,73,2025-11-21,4
2200,1833,39,2026-08-20,1
2201,214,87,2025-12-23,5
2202,66,89,2025-12-26,5
2203,55,24,2026-06-04,2
2204,1867,50,2025-11-01,3
2205,478,38,2026-01-10,5
2206,932,8,2025-11-01,3
2207,23,22,2026-06-19,3
2208,801,21,2026-04-25,1
2209,1099,54,2025-12-02,4
2210,797,27,2025-11-01,2
2211,635,56,2026-01-10,4
2212,1237,74,2025-12-17,3
2213,416,65,2026-07-24,4
2214,414,1,2026-02-15,2
2215,132,52,2026-05-13,5
2216,1077,43,2026-01-31,5
2217,943,60,2026-06-05,5
2218,1510,12,2025-10-17,3
2219,1805,59,2026-08-23,3
2220,1726,92,2026-09-20,3
2221,1256,23,2026-04-15,4
2222,368,80,2026-02-01,4
2223,788,85,2026-05-19,2
2224,1165,13,2026-09-19,4
2225,1937,6,2026-09-19,2
2226,561,81,2025-12-16,5
2227,1366,9,2026-02-23,2
2228,843,98,2026-06-06,5
2229,756,10,2025-11-28,1
2230,1570,100,2026-06-12,3
2231,924,22,2026-04-24,3
2232,1037,6,2026-01-11,4
2233,150,82,2025-10-10,4
2234,704,96,2026-04-10,4
2235,813,5,2026-01-04,1
2236,235,91,2026-02-02,2
2237,1373,96,2026-03-13,4
2238,945,9,2026-06-02,1
2239,1346,32,2026-07-04,4
2240,965,36,2025-12-07,2
2241,1718,3,2025-12-23,5
2242,363,38,2025-11-17,1
2243,1519,51,2026-06-27,2
2244,1376,98,2025-11-05,1
2245,560,20,2026-09-08,4
2246,365,28,2026-03-29,1
2247,1091,28,2026-09-07,4
2248,98,82,2026-09-18,5
2249,1357,92,2026-08-21,1
2250,1414,40,2026-04-14,4
2251,1226,1,2025-10-23,1
2252,1572,26,2026-04-08,2
2253,1862,31,2026-04-06,2
2254,33,54,2025-11-12,1
2255,691,25,2025-10-04,1
2256,1964,13,2026-01-17,2
2257,91,54,2025-12-21,5
2258,1671,42,2025-11-21,3
2259,1284,25,2026-07-11,5
2260,1914,70,2026-01-11,4
2261,248,30,2026-05-04,2
2262,731,42,2025-11-20,2
2263,824,84,2025-10-04,3
2264,798,28,2025-10-03,4
2265,136,85,2026-01-17,3
2266,1278,48,2026-08-25,1
2267,1814,28,2025-10-31,4
2268,1572,77,2026-02-28,4
2269,1460,69,2025-11-18,5
2270,516,13,2025-12-23,5
2271,1293,90,2026-03-12,4
2272,1894,99,2026-09-09,2
2273,360,82,2026-03-16,3
2274,988,9,2026-09-03,3
2275,1247,75,2025-10-06,4
2276,1047,82,2026-04-10,2
2277,1204,91,2026-06-11,1
2278,44,79,2026-01-24,1
2279,485,95,2026-03-04,4
2280,1270,11,2026-01-29,1
2281,768,64,2025-12-06,3
2282,311,49,2026-01-08,2
2283,78,31,2026-08-21,5
2284,1514,43,2026-05-12,2
2285,651,83,2026-02-16,1
2286,1622,54,2026-06-20,3
2287,470,94,2025-10-09,3
2288,497,27,2026-03-21,5
2289,1857,86,2025-10-24,2
2290,1426,93,2026-09-13,2
2291,1788,49,2026-08-04,5
2292,376,57,2026-03-10,1
2293,1782,63,2025-10-30,1
2294,107,82,2026-01-03,2
2295,258,12,2026-01-09,2
2296,1125,27,2026-07-27,2
2297,161,55,2026-06-13,4
2298,337,93,2026-03-05,2
2299,869,23,2026-01-30,5
2300,621,37,2026-02-01,5
2301,1982,82,2026-05-14,2
2302,1767,62,2026-02-13,1
2303,816,49,2026-03-30,2
2304,904,55,2026-05-26,5
2305,1506,56,2026-08-05,2
2306,41,98,2026-05-31,4
2307,1750,11,2026-05-03,3
2308,1101,20,2026-07-28,5
2309,527,49,2025-12-25,4
2310,929,37,2026-03-02,4
2311,1242,62,2026-07-11,1
2312,280,92,2026-03-16,4
2313,317,25,2026-01-05,1
2314,1765,65,2025-10-03,3
2315,829,54,2026-06-05,4
2316,787,63,2026-04-06,3
2317,1205,10,2026-08-21,4
2318,1888,16,2025-10-16,4
2319,333,25,2026-07-13,4
2320,1580,97,2026-02-04,3
2321,1453,63,2026-06-14,3
2322,119,84,2026-09-18,4
2323,1507,32,2026-05-02,2
2324,71,47,2026-05-29,1
2325,1364,83,2026-09-19,2
2326,1240,59,2026-02-07,2
2327,507,78,2026-02-04,5
2328,1724,21,2026-09-01,1
2329,1579,12,2025-11-25,4
2330,1447,76,2026-04-18,1
2331,1864,25,2026-06-19,4
2332,1700,55,2025-12-20,3
2333,619,65,2026-09-16,5
2334,2063,49,2026-08-30,5
2335,1504,53,2026-03-03,1
2336,1303,74,2025-11-21,3
2337,551,96,2025-12-09,2
2338,1432,40,2026-04-18,1
2339,1672,63,2025-12-22,1
2340,144,100,2025-11-15,4
2341,854,84,2026-06-22,3
2342,350,23,2026-05-05,3
2343,1442,18,2025-12-31,2
2344,373,65,2026-06-03,1
2345,1162,28,2026-05-15,2
2346,121,96,2026-01-07,2
2347,532,53,2026-01-03,4
2348,1870,80,2026-08-13,1
2349,341,11,2026-08-18,3
2350,774,16,2025-11-09,3
2351,701,4,2025-10-29,5
2352,979,63,2026-01-25,1
2353,126,35,2025-10-01,1
2354,1193,6,2026-09-02,1
2355,1070,1,2026-01-13,4
2356,1066,98,2026-08-01,3
2357,970,97,2026-06-02,3
2358,880,44,2026-08-02,3
2359,1824,44,2026-09-11,3
2360,1928,47,2026-01-27,4
2361,1251,8,2026-04-08,3
2362,1652,13,2026-03-15,1
2363,1783,90,2026-05-18,4
2364,53,78,2025-12-07,1
2365,573,90,2026-06-25,2
2366,926,80,2026-04-03,4
2367,847,85,2026-06-17,2
2368,1307,42,2025-09-28,1
2369,738,6,2026-08-17,3
2370,910,30,2026-09-09,5
2371,820,95,2026-06-02,5
2372,714,55,2025-11-07,4
2373,1756,90,2026-08-30,1
2374,602,78,2026-04-12,2
2375,294,67,2026-09-26,5
2376,66,17,2026-06-12,4
2377,618,87,2025-11-10,5
2378,345,58,2026-05-24,1
2379,1358,70,2026-05-31,2
2380,434,22,2026-01-29,1
2381,891,92,2025-11-20,1
2382,1903,42,2025-12-18,4
2383,452,93,2026-02-17,3
2384,976,86,2026-09-02,1
2385,279,69,2026-09-02,4
2386,1630,89,2025-11-12,3
2387,1909,74,2026-01-19,5
2388,1319,44,2025-10-30,4
2389,1340,83,2026-04-10,5
2390,1656,30,2026-05-08,2
2391,237,38,2026-02-06,1
2392,183,44,2025-11-23,5
2393,1525,15,2026-01-01,5
2394,261,41,2026-04-03,4
2395,1510,1,2026-07-19,3
2396,1209,69,2025-10-28,2
2397,868,41,2026-04-13,3
2398,1913,17,2026-09-09,5
2399,1233,76,2026-09-01,2
2400,810,2,2025-11-20,5
2401,648,19,2026-05-20,3
2402,1024,88,2026-01-17,4
2403,1232,37,2025-12-11,2
2404,1740,90,2026-09-02,1
2405,656,40,2026-07-30,5
2406,253,36,2026-09-14,5
2407,1293,28,2026-05-29,4
2408,1443,49,2026-02-23,1
2409,313,92,2026-03-16,2
2410,1435,95,2026-01-20,1
2411,1755,63,2025-12-27,4
2412,1670,85,2026-02-27,2
2413,1123,51,2025-10-08,3
2414,1389,61,2026-05-01,3
2415,801,10,2026-04-15,5
2416,579,90,2026-02-18,2
2417,1754,71,2026-09-20,4
2418,269,42,2025-11-15,5
2419,1741,91,2025-10-24,3
2420,1341,21,2026-05-19,5
2421,905,90,2025-12-06,4
2422,1838,19,2026-02-23,2
2423,1648,96,2026-01-16,2
2424,19,47,2026-08-26,5
2425,1390,19,2025-11-18,4
2426,1392,22,2026-05-03,1
2427,729,61,2025-11-15,2
2428,241,66,2025-10-23,3
2429,889,20,2026-07-27,4
2430,70,16,2026-01-30,2
2431,1001,39,2026-04-18,5
2432,1337,96,2025-12-24,4
2433,1629,86,2026-09-16,1
2434,1772,84,2026-05-22,4
2435,1296,84,2026-02-14,4
2436,24,16,2026-04-03,1
2437,250,63,2025-11-08,5
2438,48,76,2026-01-20,5
2439,983,36,2026-07-17,1
2440,371,50,2026-07-27,4
2441,1440,56,2026-08-23,3
2442,257,13,2026-07-16,3
2443,1462,69,2025-10-29,2
2444,1665,90,2026-04-22,1
2445,1139,69,2026-04-16,5
2446,131,67,2026-06-04,5
2447,1462,84,2026-06-29,1
2448,1978,85,2026-01-11,1
2449,1766,77,2025-12-28,2
2450,1137,58,2025-09-29,3
2451,81,17,2025-11-28,5
2452,1337,21,2026-01-10,1
2453,526,97,2026-07-11,1
2454,256,65,2025-11-09,3
2455,1979,70,2026-04-01,2
2456,1936,85,2026-05-01,1
2457,616,6,2026-02-01,5
2458,1350,69,2026-02-24,4
2459,1182,63,2025-12-07,3
2460,1866,46,2026-06-21,5
2461,1046,27,2026-06-29,1
2462,1679,6,2026-09-01,2
2463,386,19,2025-10-15,3
2464,1961,18,2026-01-15,5
2465,443,76,2026-07-06,3
2466,264,94,2026-02-16,5
2467,153,71,2026-05-01,3
2468,782,84,2026-02-07,2
2469,935,11,2026-04-19,3
2470,872,89,2026-09-08,2
2471,418,10,2026-06-28,3
2472,1428,83,2026-08-17,2
2473,1155,85,2026-04-05,5
2474,336,54,2026-08-02,2
2475,1614,56,2026-03-07,4
2476,1975,78,2025-10-10,2
2477,554,16,2025-11-05,5
2478,1401,71,2025-11-22,4
2479,675,82,2025-10-30,1
2480,1863,43,2026-03-31,3
2481,1780,29,2025-12-10,3
2482,201,49,2025-10-02,2
2483,1950,14,2026-04-08,1
2484,1079,94,2025-12-25,3
2485,1683,63,2026-07-25,1
2486,715,90,2026-06-24,5
2487,1130,35,2026-02-18,5
2488,1837,7,2025-11-16,2
2489,1939,97,2026-03-08,4
2490,707,95,2025-12-28,5
2491,1218,52,2026-07-06,4
2492,262,34,2026-07-27,1
2493,1052,92,2026-09-13,2
2494,259,19,2026-08-29,4
2495,1507,35,2026-07-14,1
2496,1996,48,2026-08-20,2
2497,1247,54,2026-09-09,4
2498,899,46,2025-12-29,4
2499,588,36,2026-06-11,4
2500,1929,92,2026-06-20,2
2501,1302,12,2026-03-02,3
2502,1579,41,2026-04-23,1
2503,163,10,2026-08-17,2
2504,339,74,2025-11-13,1
2505,1523,37,2025-11-09,5
2506,1656,2,2026-06-06,4
2507,1042,94,2026-09-08,2
2508,1020,66,2026-05-30,5
2509,256,52,2026-09-19,1
2510,390,96,2026-08-08,1
2511,1439,69,2026-05-02,3
2512,1514,85,2026-01-30,5
2513,1248,6,2026-09-12,5
2514,1976,22,2026-05-14,5
2515,359,10,2026-01-20,3
2516,1053,46,2025-12-04,1
2517,1015,49,2026-05-01,2
2518,1987,15,2026-04-06,3
2519,512,70,2026-09-09,1
2520,613,62,2026-02-22,3
2521,437,1,2026-02-09,5
2522,446,40,2026-04-16,5
2523,1916,60,2025-10-15,5
2524,118,46,2026-06-03,1
2525,943,43,2026-08-08,3
2526,220,1,2026-03-27,3
2527,824,46,2025-12-31,1
2528,883,63,2025-11-17,2
2529,1084,66,2025-11-09,2
2530,254,63,2026-04-25,1
2531,1576,85,2025-12-15,3
2532,964,51,2026-01-20,3
2533,747,55,2026-02-27,2
2534,1663,35,2026-06-28,1
2535,1345,57,2026-05-09,2
2536,725,96,2025-12-07,4
2537,736,91,2025-09-29,2
2538,389,37,2025-11-22,1
2539,809,54,2025-12-04,3
2540,329,86,2025-10-13,2
2541,1966,86,2026-05-30,3
2542,863,63,2025-11-26,5
2543,1639,88,2026-06-07,2
2544,1539,98,2026-03-12,4
2545,1487,95,2026-06-10,4
2546,225,14,2025-12-03,1
2547,319,45,2025-11-30,5
2548,1572,88,2025-10-03,2
2549,1390,44,2025-10-23,4
2550,1511,2,2026-07-29,4
2551,593,37,2026-05-30,4
2552,1559,55,2025-11-08,2
2553,313,94,2026-08-09,5
2554,511,36,2025-12-31,1
2555,1436,32,2026-02-08,4
2556,971,91,2026-01-06,1
2557,1496,65,2026-09-20,5
2558,387,76,2025-12-28,2
2559,247,17,2026-01-22,4
2560,561,25,2025-10-16,2
2561,37,79,2026-05-03,2
2562,1771,7,2025-11-12,4
2563,1076,40,2026-04-23,2
2564,689,55,2026-01-18,4
2565,1045,55,2025-10-28,1
2566,226,35,2026-03-01,3
2567,1932,45,2026-02-17,4
2568,656,7,2026-01-31,2
2569,2,7,2025-10-17,3
2570,585,61,2026-01-13,3
2571,207,56,2026-08-03,2
2572,1943,63,2026-02-03,3
2573,624,15,2026-03-17,1
2574,28,88,2026-09-04,5
2575,679,47,2025-12-02,3
2576,1084,78,2026-07-25,3
2577,1332,36,2026-01-26,2
2578,787,12,2026-07-23,1
2579,1290,96,2025-12-02,5
2580,85,76,2025-11-27,2
2581,1444,58,2026-01-03,1
2582,1929,70,2025-11-04,5
2583,618,93,2026-03-21,4
2584,1093,93,2026-01-08,2
2585,262,25,2025-10-19,4
2586,1458,33,2026-07-05,5
2587,1833,47,2026-03-23,4
2588,1470,16,2026-08-15,4
2589,989,54,2025-10-31,5
2590,1620,3,2026-06-11,2
2591,562,90,2026-07-30,2
2592,94,73,2026-02-22,1
2593,390,95,2026-09-17,4
2594,1403,69,2026-06-07,5
2595,339,57,2025-11-04,5
2596,1152,100,2026-04-11,4
2597,1244,35,2026-04-20,2
2598,8,21,2025-12-30,5
2599,1213,90,2026-01-16,1
2600,933,65,2026-06-16,5
2601,622,29,2026-02-06,3
2602,550,71,2026-09-24,1
2603,459,6,2025-12-23,5
2604,598,6,2026-01-26,2
2605,1900,18,2026-02-16,3
2606,1316,32,2025-10-23,2
2607,238,1,2026-06-27,3
2608,1240,48,2026-08-16,3
2609,1939,91,2025-11-08,5
2610,1479,18,2026-02-09,4
2611,604,42,2026-08-06,1
2612,1672,2,2026-08-13,3
2613,1497,36,2026-01-17,2
2614,1990,3,2026-02-05,5
2615,1778,100,2026-08-29,5
2616,1480,96,2025-11-20,4
2617,528,81,2026-08-27,5
2618,423,57,2026-07-06,2
2619,551,27,2026-03-12,5
2620,1655,97,2026-08-15,4
2621,914,30,2025-12-15,4
2622,304,62,2026-04-03,1
2623,372,59,2026-06-07,2
2624,387,73,2025-12-26,4
2625,1327,37,2025-12-28,1
2626,334,23,2026-03-04,4
2627,1245,25,2026-09-13,1
2628,148,55,2025-12-09,2
2629,1862,83,2026-05-17,4
2630,1484,68,2025-11-17,2
2631,1236,13,2025-10-03,4
2632,43,15,2026-04-11,1
2633,1915,6,2026-08-22,2
2634,1578,11,2026-02-01,3
2635,1923,81,2025-12-09,5
2636,1623,2,2025-10-03,1
2637,1508,44,2026-07-01,1
2638,286,62,2026-01-08,5
2639,1671,21,2026-05-12,3
2640,981,20,2026-03-15,2
2641,1114,89,2025-10-25,3
2642,1114,16,2026-08-14,1
2643,211,70,2025-10-19,3
2644,1048,54,2025-11-18,2
2645,1869,29,2025-09-27,1
2646,875,50,2026-01-21,2
2647,1343,37,2026-03-26,2
2648,788,88,2026-09-12,1
2649,348,15,2026-06-05,2
2650,1959,37,2025-11-18,3
2651,1261,43,2025-11-05,1
2652,1891,11,2026-03-30,1
2653,310,23,2026-08-02,4
2654,686,77,2026-06-25,2
2655,871,20,2026-09-09,3
2656,1675,37,2026-08-12,3
2657,556,64,2025-11-19,3
2658,1661,92,2026-02-09,1
2659,1765,20,2025-09-28,2
2660,303,50,2026-03-09,4
2661,1669,9,2026-05-29,1
2662,876,94,2026-07-19,3
2663,186,42,2025-12-10,2
2664,1572,50,2025-12-29,3
2665,1013,55,2026-03-09,4
2666,1993,53,2026-09-17,5
2667,683,18,2026-08-18,2
2668,858,71,2026-04-11,4
2669,1094,64,DATE_INVALIDE,5
2670,1683,30,2026-06-28,4
2671,1190,92,2025-11-08,4
2672,1184,100,2026-06-23,2
2673,179,31,2026-09-21,3
2674,417,3,2025-09-28,3
2675,971,18,2026-07-09,1
2676,1867,45,2025-10-27,3
2677,604,59,2025-12-07,2
2678,1991,54,2026-07-06,2
2679,1696,29,2026-01-12,1
2680,241,90,DATE_INVALIDE,2
2681,1502,4,2026-04-08,4
2682,111,90,2026-04-05,1
2683,1192,10,2026-09-01,4
2684,1783,21,2026-07-28,1
2685,749,19,2025-12-11,1
2686,158,2,2026-01-30,5
2687,307,98,2026-04-28,2
2688,1523,18,2026-05-25,5
2689,1944,39,2026-09-19,4
2690,1480,44,2026-04-25,4
2691,1424,2,2026-08-23,3
2692,320,8,2025-11-22,1
2693,1539,23,2026-08-02,5
2694,23,51,2025-12-18,4
2695,1942,59,2026-09-10,5
2696,1699,34,2026-09-26,5
2697,627,91,2026-06-10,2
2698,1908,21,2026-05-01,3
2699,1069,49,2025-11-13,2
2700,821,80,2026-01-13,1
2701,804,24,2026-01-17,5
2702,1724,10,2026-08-02,4
2703,642,84,2026-05-29,4
2704,338,7,2026-04-09,3
2705,869,25,2026-08-24,3
2706,214,10,2025-11-21,3
2707,1595,43,2026-08-01,1
2708,578,21,2026-01-27,5
2709,134,28,2025-11-20,5
2710,1550,40,2025-10-02,2
2711,414,82,2026-07-06,1
2712,552,11,2026-01-28,5
2713,92,73,2026-07-13,4
2714,99,41,2025-10-20,1
2715,18,46,2026-03-04,3
2716,1025,25,2026-04-18,3
2717,1487,46,2026-04-15,2
2718,1382,13,2026-09-21,3
2719,1837,95,2026-04-23,5
2720,1029,100,2025-11-17,2
2721,1203,49,2025-10-09,4
2722,1780,5,2026-07-24,3
2723,311,88,2025-12-18,4
2724,1813,81,2025-11-06,1
2725,1812,28,2026-01-23,2
2726,1974,65,2025-12-18,5
2727,1335,67,2026-08-04,3
2728,1609,17,2026-05-14,3
2729,738,80,2026-02-22,4
2730,1825,92,2025-10-17,4
2731,428,79,2026-01-27,5
2732,1963,20,2025-11-04,5
2733,1019,13,2026-08-14,1
2734,1570,40,2025-12-09,5
2735,1022,13,2025-11-10,4
2736,348,38,2026-03-06,2
2737,574,74,2025-10-31,3
2738,183,10,2026-03-26,2
2739,1581,59,2026-09-25,3
2740,525,98,2026-05-27,4
2741,1893,18,2026-08-25,1
2742,1000,6,2026-07-15,3
2743,822,53,2026-02-20,5
2744,265,57,2026-09-10,3
2745,1731,80,2026-06-16,3
2746,171,88,2026-04-06,4
2747,922,34,2026-06-13,1
2748,1319,8,2026-08-10,2
2749,1682,72,2026-09-20,1
2750,1748,14,2025-12-15,3
2751,325,73,2026-04-07,4
2752,457,50,2025-11-03,4
2753,192,45,2026-09-04,4
2754,1316,69,2026-05-24,4
2755,176,24,2025-11-21,1
2756,1574,56,2026-04-18,2
2757,674,9,2026-04-20,3
2758,1238,63,2026-03-21,2
2759,1519,61,2026-09-21,1
2760,931,5,2026-02-16,5
2761,1943,61,2025-12-15,2
2762,438,41,2026-08-20,5
2763,1232,100,2025-10-13,4
2764,1918,47,2025-10-28,4
2765,438,7,2026-05-27,2
2766,1952,98,2025-10-08,4
2767,517,82,2026-02-12,2
2768,291,9,2025-11-08,3
2769,168,39,2026-04-22,4
2770,1075,28,2026-04-29,3
2771,1701,7,2025-12-30,1
2772,701,97,2026-05-04,3
2773,407,45,2025-12-20,4
2774,974,69,2026-05-31,2
2775,895,46,2026-09-18,5
2776,1686,2,2026-04-14,5
2777,407,10,2026-07-29,5
2778,297,42,2026-08-08,3
2779,309,59,2025-10-04,2
2780,1771,41,2026-06-09,1
2781,833,34,2026-09-07,5
2782,923,17,2025-09-28,4
2783,1986,75,2026-08-20,1
2784,448,96,2025-10-15,2
2785,1427,70,2026-04-30,2
2786,774,28,2026-07-31,3
2787,1951,25,2026-01-12,5
2788,759,47,2025-10-04,1
2789,1837,40,2026-02-28,5
2790,1433,64,2025-11-29,4
2791,841,46,2026-04-26,3
2792,873,67,2026-07-01,-5
2793,1898,23,2025-11-24,4
2794,765,23,2026-05-04,5
2795,334,70,2026-07-28,4
2796,584,85,2026-04-10,4
2797,581,90,2026-08-17,5
2798,180,14,2025-11-16,1
2799,34,79,2026-08-25,4
2800,1017,96,2025-11-19,5
2801,205,82,2026-07-02,4
2802,1191,5,2026-06-11,3
2803,434,29,2026-04-30,4
2804,781,15,2026-07-06,2
2805,1947,16,2026-05-25,3
2806,846,83,2026-05-22,4
2807,1925,48,2025-09-30,2
2808,581,35,2026-06-13,3
2809,1718,54,2026-03-03,2
2810,1844,54,2025-09-29,1
2811,54,20,2025-10-04,3
2812,1680,95,2026-06-19,5
2813,687,22,2026-03-08,5
2814,496,72,2026-05-05,4
2815,1263,83,2026-01-03,4
2816,1642,74,2025-10-23,4
2817,1924,82,2025-12-01,4
2818,826,41,2025-12-24,5
2819,896,30,2025-12-17,1
2820,1641,17,2026-09-25,5
2821,1294,74,2025-11-26,4
2822,1878,34,2026-08-14,5
2823,1943,42,2025-12-17,2
2824,192,4,2025-11-13,4
2825,1288,99,2025-10-02,5
2826,57,80,2025-12-14,5
2827,1172,49,2025-11-06,1
2828,930,82,2025-12-02,3
2829,491,84,2025-12-31,2
2830,397,69,2026-02-26,2
2831,1578,34,2026-04-08,1
2832,170,19,2026-02-14,1
2833,1187,14,2026-08-19,1
2834,1899,77,2026-05-20,1
2835,291,37,2025-11-20,3
2836,191,10,2025-12-28,4
2837,1870,27,2026-03-31,4
2838,1006,3,2025-11-17,4
2839,997,81,2025-11-03,1
2840,1408,54,2026-01-12,4
2841,1298,58,2026-03-06,2
2842,612,2,2025-12-28,2
2843,1162,81,2026-08-30,5
2844,241,44,2025-10-13,3
2845,1258,77,2026-06-01,5
2846,325,67,2025-09-29,3
2847,395,78,2025-11-28,1
2848,48,67,2026-06-28,5
2849,443,47,2025-12-14,1
2850,61,42,2026-01-16,2
2851,171,94,2026-01-17,2
2852,561,62,2026-02-11,2
2853,714,91,2025-11-13,5
2854,603,60,2026-08-26,4
2855,1050,52,2026-05-08,2
2856,355,26,2026-02-02,3
2857,211,75,2026-04-16,5
2858,340,27,2026-03-05,4
2859,1809,58,2026-05-06,4
2860,1531,35,2026-07-29,3
2861,221,78,2026-08-11,4
2862,410,73,2026-05-04,3
2863,1839,81,2026-04-06,1
2864,343,5,2026-05-15,5
2865,1202,53,2026-02-03,3
2866,1694,83,2026-08-02,5
2867,816,4,2026-03-26,1
2868,1657,42,2025-12-28,4
2869,733,32,2025-12-31,1
2870,1346,48,2026-01-15,3
2871,1597,41,2025-12-10,1
2872,653,89,2025-10-01,1
2873,438,60,2026-03-14,5
2874,1841,30,2026-03-10,5
2875,790,37,2025-10-30,5
2876,1080,28,2026-01-13,1
2877,570,92,2026-07-11,5
2878,154,74,2026-09-05,4
2879,1549,56,2026-09-11,3
2880,406,26,2026-03-09,1
2881,1022,6,2026-06-06,3
2882,245,16,2026-04-30,4
2883,1232,42,2025-12-23,5
2884,485,74,2026-04-11,1
2885,37,83,2026-02-19,5
2886,1868,60,2025-09-29,3
2887,1724,52,2025-12-03,1
2888,1881,68,2026-06-27,1
2889,1321,3,2026-03-18,1
2890,195,54,2026-05-25,3
2891,650,97,2026-02-14,3
2892,164,72,2026-04-19,3
2893,1255,7,2026-06-06,4
2894,1427,59,2026-02-26,4
2895,1981,16,2026-08-21,3
2896,211,4,2026-08-09,2
2897,1691,2,2025-10-21,2
2898,662,89,2025-11-19,4
2899,349,12,2026-01-20,2
2900,1672,69,2026-04-03,1
2901,1778,7,2026-09-14,3
2902,227,7,2025-10-19,3
2903,541,43,2025-11-04,5
2904,553,90,2026-04-09,2
2905,1195,59,2025-12-06,1
2906,654,19,2025-11-30,5
2907,1305,58,2026-04-26,1
2908,1081,31,2026-06-21,5
2909,1355,63,2026-05-29,3
2910,1583,94,2026-03-10,4
2911,189,34,2026-01-20,3
2912,170,46,2026-09-26,5
2913,1351,83,2026-01-29,2
2914,160,10,2026-09-17,4
2915,436,2,2025-10-27,2
2916,1677,50,2026-05-24,2
2917,215,44,2026-06-03,2
2918,1560,68,2026-07-26,5
2919,1558,40,2026-03-06,4
2920,316,65,2026-08-28,1
2921,449,47,2025-12-02,4
2922,1778,80,2026-05-16,5
2923,1598,52,2026-01-08,2
2924,570,55,2025-11-01,2
2925,630,74,2026-09-13,1
2926,945,14,2025-12-11,1
2927,34,59,2026-01-28,2
2928,59,61,2026-02-10,5
2929,721,34,2026-05-16,1
2930,173,46,2026-07-05,4
2931,309,51,2026-01-13,5
2932,1041,43,2026-05-05,1
2933,559,48,2026-05-10,1
2934,1329,49,2025-10-22,4
2935,603,25,2026-01-04,4
2936,1217,36,2025-12-26,5
2937,1011,67,2026-08-04,4
2938,1396,7,2025-11-21,2
2939,450,15,2025-11-22,1
2940,1179,35,2025-10-15,2
2941,1090,13,2025-10-30,3
2942,1808,80,2026-01-20,4
2943,805,13,2026-04-15,2
2944,550,64,2026-09-16,2
2945,1610,27,2025-12-23,3
2946,590,91,2026-08-19,5
2947,1503,1,2026-02-21,1
2948,1031,90,2025-12-30,5
2949,1514,40,2026-05-29,2
2950,646,88,2025-12-23,1
2951,384,43,2025-12-21,4
2952,1971,2,2025-12-08,4
2953,685,3,2026-05-04,2
2954,1805,10,2026-02-09,2
2955,1558,2,2026-09-09,5
2956,1986,61,2026-03-26,5
2957,1001,32,2025-09-27,4
2958,93,3,2025-11-22,5
2959,596,30,2026-09-10,5
2960,343,97,2026-06-11,2
2961,205,39,2025-11-14,3
2962,1005,95,2026-05-16,3
2963,528,85,2026-07-03,4
2964,747,59,2026-02-03,1
2965,617,91,2026-03-26,3
2966,1587,85,2026-06-19,5
2967,231,35,2026-06-01,5
2968,43,19,2026-08-20,4
2969,1351,19,2026-01-17,3
2970,64,32,2026-06-08,5
2971,1994,56,2026-09-18,3
2972,1525,12,2026-01-10,2
2973,1309,14,2026-04-08,3
2974,1391,70,2026-08-13,4
2975,359,34,2026-06-23,3
2976,801,76,2026-03-15,4
2977,634,25,2026-02-15,1
2978,1066,90,2026-07-20,3
2979,252,56,2026-08-06,4
2980,1983,45,2026-07-14,3
2981,1986,2,2025-11-22,4
2982,302,60,2026-09-12,2
2983,1980,38,2026-06-21,5
2984,1361,21,2026-07-09,3
2985,591,9,2026-06-03,3
2986,930,6,2025-10-04,2
2987,1691,76,2026-02-18,1
2988,1001,40,2025-10-24,1
2989,722,85,2026-05-05,1
2990,515,18,2025-10-22,3
2991,1609,65,2026-02-19,5
2992,1954,12,2025-12-15,3
2993,1502,26,2025-12-09,4
2994,1881,11,2026-07-23,3
2995,66,61,2026-01-17,3
2996,1663,87,2026-02-01,4
2997,818,13,2026-05-01,3
2998,1223,40,2026-02-28,2
2999,893,87,2026-07-12,3
3000,286,88,2026-07-20,2
3001,278,54,2026-02-02,5
3002,617,40,2026-01-07,1
3003,1161,81,2026-02-26,4
3004,376,49,2026-07-03,4
3005,284,68,2025-11-15,4
3006,642,65,2026-09-17,3
3007,726,55,2026-05-24,4
3008,1970,53,2026-04-30,4
3009,1869,72,2025-10-11,1
3010,182,97,2026-04-30,2
3011,1858,39,2026-08-07,2
3012,1049,48,2026-07-21,2
3013,1113,73,2026-08-10,3
3014,1547,51,2025-10-24,2
3015,1373,1,2026-04-21,4
3016,943,7,2026-06-19,1
3017,554,84,2025-10-25,1
3018,1218,13,2026-03-16,3
3019,987,89,2026-07-13,3
3020,249,95,2025-10-28,5
3021,1047,95,2026-09-07,1
3022,420,67,2026-09-21,2
3023,1517,64,2026-07-11,2
3024,1834,87,2026-01-19,2
3025,1287,40,2026-02-28,1
3026,1278,89,2026-06-02,2
3027,138,1,2025-11-24,2
3028,1803,16,2026-08-02,5
3029,507,27,2025-11-15,1
3030,51,65,2026-05-27,4
3031,114,16,2026-04-15,3
3032,991,24,2026-04-22,2
3033,534,79,2026-07-03,4
3034,1264,16,2026-08-29,4
3035,1303,3,2025-12-10,2
3036,1677,96,2025-12-08,2
3037,1048,95,2025-12-23,5
3038,976,62,2026-01-07,3
3039,1368,13,2026-02-22,5
3040,753,86,2026-06-06,3
3041,791,90,2026-04-15,1
3042,854,55,2026-05-22,2
3043,581,59,2025-10-11,1
3044,798,2,2026-07-12,5
3045,70,83,2026-03-01,5
3046,88,46,2026-05-12,2
3047,1808,93,2026-05-24,4
3048,19,21,2026-02-15,3
3049,1753,65,2026-06-10,2
3050,1849,91,2026-03-24,5
3051,1051,9,2026-04-14,2
3052,311,46,2026-08-28,5
3053,942,92,2026-03-19,2
3054,1608,98,2026-02-16,3
3055,140,83,2026-04-16,4
3056,1972,61,2026-04-07,5
3057,370,74,2026-08-30,5
3058,1077,34,2026-08-30,2
3059,664,76,2026-09-19,5
3060,1198,80,2026-03-24,4
3061,93,4,2025-10-31,2
3062,198,86,2026-01-23,1
3063,1914,87,2026-06-09,4
3064,1557,30,2026-03-11,2
3065,1843,23,2025-11-19,4
3066,1890,9,2026-04-30,1
3067,513,15,2026-08-06,1
3068,905,98,2025-11-03,3
3069,1293,4,2026-08-03,2
3070,221,90,2026-03-10,4
3071,273,82,2026-04-08,5
3072,410,26,2026-07-08,3
3073,897,87,2026-06-05,3
3074,413,95,2026-01-20,2
3075,1667,68,2026-05-07,2
3076,1193,4,2025-11-10,1
3077,69,18,2026-01-09,1
3078,1586,53,2026-03-30,5
3079,1771,10,2026-07-03,3
3080,1398,94,2025-12-30,5
3081,390,27,2026-06-08,5
3082,1026,46,2026-05-27,3
3083,1843,72,2026-08-09,2
3084,899,55,2025-10-31,4
3085,1166,11,2025-11-02,2
3086,611,13,2026-06-18,1
3087,473,7,2026-06-09,5
3088,678,3,2026-06-30,2
3089,1889,33,2026-02-22,4
3090,733,9,2026-09-22,2
3091,154,69,2026-02-21,5
3092,1748,67,2026-01-28,5
3093,640,52,2026-06-10,5
3094,1119,90,2025-10-26,1
3095,965,34,2026-07-22,1
3096,693,54,2025-10-13,3
3097,686,98,2026-01-07,1
3098,419,71,2025-12-07,3
3099,1869,8,2026-09-01,2
3100,150,73,2026-06-06,5
3101,1711,98,2026-09-21,1
3102,145,54,2026-03-23,5
3103,1904,11,2026-08-06,5
3104,1939,17,2026-05-30,3
3105,214,5,2025-10-18,4
3106,462,84,2026-06-13,3
3107,979,39,2026-05-05,2
3108,1908,8,2025-10-07,1
3109,1095,78,2026-01-05,4
3110,1401,95,2026-09-11,1
3111,988,7,2026-07-06,4
3112,1425,17,2026-04-08,4
3113,875,71,2026-09-21,2
3114,897,16,2025-11-25,5
3115,721,25,2026-04-03,3
3116,1881,8,2026-05-08,2
3117,189,76,2026-01-23,1
3118,846,96,2026-01-21,5
3119,94,2,2026-07-14,2
3120,157,8,2025-10-26,2
3121,370,37,2026-05-09,1
3122,717,78,2026-03-06,2
3123,266,78,2026-02-23,4
3124,1347,16,2026-05-30,1
3125,513,70,2025-11-05,2
3126,1445,95,2026-06-07,3
3127,909,92,2026-01-17,3
3128,1598,71,2026-04-02,3
3129,501,68,2026-08-27,3
3130,1430,70,2026-03-09,5
3131,111,45,2025-11-19,4
3132,1947,80,2026-09-23,4
3133,161,27,2026-02-17,2
3134,473,40,2026-06-20,5
3135,252,48,2026-01-12,2
3136,482,90,2025-10-15,4
3137,1566,59,2026-08-25,1
3138,1022,5,2025-10-07,3
3139,1205,50,2026-02-16,3
3140,123,36,2025-11-09,5
3141,1015,3,2026-04-11,4
3142,910,6,2026-04-11,2
3143,777,24,2026-01-10,4
3144,108,85,2026-06-26,3
3145,1110,98,2025-10-13,3
3146,1864,78,2025-10-10,3
3147,1660,97,2026-02-08,5
3148,1551,4,2026-01-15,3
3149,889,55,2026-08-11,1
3150,1134,50,2025-11-21,3
3151,950,55,2026-06-27,5
3152,1575,67,2026-07-14,3
3153,1967,49,2025-12-19,4
3154,271,2,2026-01-26,3
3155,1948,36,2026-09-11,1
3156,1580,70,2026-02-01,3
3157,1170,51,2026-03-18,1
3158,562,47,2026-08-08,3
3159,514,84,2026-08-30,5
3160,255,40,2025-10-03,5
3161,658,34,2026-08-31,2
3162,948,3,2026-05-12,4
3163,956,5,2025-10-01,3
3164,1307,72,2026-05-30,2
3165,120,75,2026-04-24,1
3166,1838,79,2026-02-15,5
3167,1953,9,2026-03-06,4
3168,529,99,2025-12-28,3
3169,1780,64,2026-02-06,2
3170,1291,23,2026-01-21,2
3171,1344,7,2026-08-09,2
3172,1341,5,2025-11-24,2
3173,1038,57,2026-09-12,5
3174,86,71,2026-03-08,2
3175,1950,92,2025-10-28,3
3176,34,87,2026-02-05,3
3177,1472,6,2026-06-30,5
3178,717,14,2026-01-25,1
3179,909,15,2026-06-13,5
3180,486,27,2025-11-05,3
3181,761,88,2026-07-16,4
3182,1315,55,2025-11-02,3
3183,51,42,2025-12-09,5
3184,687,53,2026-03-30,3
3185,1931,38,2026-05-25,5
3186,329,48,2025-10-12,1
3187,1906,20,2026-02-22,5
3188,218,78,2025-10-10,2
3189,1047,92,2026-03-06,5
3190,1460,45,2026-07-21,2
3191,1702,75,2026-04-08,1
3192,1488,20,2026-08-29,4
3193,161,10,2026-08-25,2
3194,1032,74,2026-07-13,5
3195,1104,94,2026-04-29,1
3196,1635,7,2026-06-24,5
3197,1351,68,2026-05-26,5
3198,650,35,2026-05-10,2
3199,601,32,2026-07-18,3
3200,1637,99,2026-01-29,3
3201,934,41,2026-01-23,1
3202,494,57,2026-09-16,4
3203,164,46,2026-03-31,5
3204,157,47,2026-06-12,4
3205,472,58,2026-08-02,4
3206,1167,17,2026-01-22,5
3207,1591,53,2026-01-30,5
3208,283,78,2026-09-02,3
3209,700,41,2026-02-20,1
3210,837,54,2025-11-07,5
3211,1180,64,2025-12-11,2
3212,1795,59,2025-12-28,1
3213,248,54,2025-12-21,3
3214,1457,61,2026-07-07,1
3215,1781,5,2025-11-30,4
3216,1414,22,2025-10-09,1
3217,1055,68,2025-12-03,4
3218,726,17,2026-05-01,4
3219,1141,31,2026-09-18,3
3220,690,44,2025-11-26,5
3221,1263,14,2026-08-04,1
3222,1513,46,2025-11-03,4
3223,1292,58,2026-04-24,4
3224,1552,62,2026-02-22,2
3225,1483,99,2025-12-29,5
3226,172,20,2026-06-14,1
3227,1215,48,2026-07-27,4
3228,657,57,2026-04-09,2
3229,1480,76,2026-06-14,3
3230,476,39,2025-11-15,4
3231,99,73,2026-03-20,5
3232,1188,66,2026-06-22,4
3233,662,50,2026-02-20,3
3234,1953,19,2025-12-27,1
3235,882,67,2026-01-12,3
3236,1802,79,2026-07-18,3
3237,712,37,2025-11-16,2
3238,590,36,2025-11-26,4
3239,459,22,2026-05-09,3
3240,1242,97,2026-02-06,1
3241,1365,36,2026-01-23,2
3242,424,71,2025-11-15,5
3243,2073,77,2025-12-22,1
3244,1102,25,2026-06-30,1
3245,1705,4,2026-06-04,3
3246,578,74,2026-01-09,4
3247,1067,17,2026-05-12,4
3248,1881,15,2026-02-25,1
3249,1821,56,2026-05-12,4
3250,178,18,2026-02-08,3
3251,239,46,2026-09-04,1
3252,1490,10,2026-01-18,3
3253,1039,43,2025-12-16,3
3254,1292,95,2026-05-17,5
3255,1592,10,2026-09-06,3
3256,888,13,2025-10-16,5
3257,390,72,2026-03-08,1
3258,1285,2,2026-08-17,2
3259,1201,49,2025-12-06,2
3260,401,34,2026-09-06,4
3261,993,24,2025-12-13,4
3262,270,26,2026-02-18,1
3263,1756,93,2026-06-18,2
3264,890,9,2025-09-28,4
3265,1252,27,2026-07-09,2
3266,857,89,2025-10-16,3
3267,779,81,2026-08-07,5
3268,1307,45,2026-01-25,4
3269,1346,24,2026-06-25,3
3270,1793,38,2026-01-23,4
3271,1632,81,2026-06-04,4
3272,732,70,2026-07-30,4
3273,198,29,2026-02-25,1
3274,860,58,2026-02-21,3
3275,1357,55,2026-01-31,1
3276,952,41,2025-12-26,1
3277,1428,51,2026-03-23,2
3278,1721,63,2026-06-01,5
3279,1408,31,2026-04-25,1
3280,549,65,2026-02-22,2
3281,125,72,2026-04-24,3
3282,1383,41,2026-02-07,4
3283,1657,57,2026-04-15,4
3284,534,7,2026-04-19,3
3285,1492,29,2026-06-02,3
3286,1677,6,2026-08-18,3
3287,840,29,2026-05-14,5
3288,1098,27,2025-12-21,1
3289,1251,43,2026-08-07,2
3290,1106,3,2026-08-02,1
3291,185,100,2026-04-09,3
3292,1571,99,2026-03-26,5
3293,1342,7,2025-10-29,5
3294,742,69,2026-01-12,2
3295,1717,69,2025-12-16,4
3296,595,21,2026-01-22,3
3297,847,28,2026-03-15,5
3298,1926,2,2026-02-01,1
3299,1547,68,2025-10-07,1
3300,815,63,2026-06-10,1
3301,580,39,2025-12-16,1
3302,1294,99,2026-01-22,2
3303,558,96,2025-10-14,1
3304,1343,52,2026-04-08,2
3305,1766,11,2026-02-12,1
3306,1034,93,2025-11-03,4
3307,31,96,2025-10-07,5
3308,1883,20,2026-08-02,1
3309,1624,51,2026-07-25,2
3310,1760,40,2026-08-03,3
3311,1050,96,2026-05-02,1
3312,562,59,2026-02-28,2
3313,542,84,2025-11-17,5
3314,772,38,2026-05-26,4
3315,456,53,2025-11-13,5
3316,990,37,2026-02-16,5
3317,501,49,2026-06-13,1
3318,1491,51,2026-06-08,3
3319,1464,14,2026-07-03,4
3320,1184,4,2026-01-19,4
3321,916,48,2026-01-23,4
3322,224,83,2026-07-12,3
3323,295,81,2026-03-16,1
3324,1149,22,2025-11-14,2
3325,1216,32,2026-06-04,1
3326,826,79,2025-12-08,4
3327,1481,73,2026-06-21,2
3328,1572,64,2025-10-27,3
3329,638,95,2026-04-25,3
3330,75,42,2025-12-13,5
3331,833,1,2026-07-30,3
3332,429,97,2026-09-15,5
3333,1118,64,2026-06-04,3
3334,483,42,2026-08-26,4
3335,990,66,2026-09-24,5
3336,1887,14,2025-11-07,4
3337,159,49,2026-09-20,2
3338,332,67,2025-10-03,1
3339,405,57,2025-12-21,1
3340,1814,55,2025-10-16,4
3341,1283,68,2025-12-23,4
3342,1534,71,2025-12-07,4
3343,19,38,2026-04-19,1
3344,603,93,2026-05-07,3
3345,661,79,2026-06-21,3
3346,1332,22,2026-07-12,2
3347,1072,88,2026-02-22,2
3348,1950,92,2026-08-07,3
3349,1239,33,2026-06-19,4
3350,432,43,2026-05-21,2
3351,1074,92,2025-12-20,4
3352,651,54,2025-10-02,2
3353,964,9,2025-12-12,1
3354,1437,25,2026-03-05,2
3355,193,69,2026-09-17,4
3356,194,8,2026-03-15,5
3357,1218,21,2026-05-24,1
3358,1304,72,2026-03-25,2
3359,1288,2,2026-03-22,2
3360,583,55,2026-02-14,5
3361,753,80,2026-03-02,4
3362,1150,70,2026-02-04,2
3363,1214,20,2025-11-05,1
3364,574,23,2026-01-15,3
3365,210,17,2026-07-12,5
3366,1321,99,2026-07-24,4
3367,1179,99,2026-03-15,5
3368,568,95,2026-08-02,5
3369,1863,61,2026-09-04,2
3370,6,30,2025-12-22,2
3371,1904,79,2025-11-12,2
3372,338,61,2025-12-09,1
3373,160,7,2026-03-11,2
3374,1654,57,2026-06-15,4
3375,967,42,2026-09-02,3
3376,1557,16,2026-06-10,2
3377,806,49,2026-07-10,4
3378,972,46,2026-09-23,3
3379,650,68,2026-06-21,1
3380,1725,28,2026-08-02,2
3381,1708,36,2026-08-17,2
3382,1148,57,2026-05-08,4
3383,1616,33,2026-09-17,1
3384,1843,56,2026-07-09,3
3385,52,47,2025-12-27,4
3386,709,94,2026-09-05,4
3387,1264,72,2026-01-14,2
3388,767,23,2026-04-10,1
3389,906,47,2026-01-05,5
3390,12,76,2026-01-04,3
3391,193,48,2026-03-14,3
3392,1888,2,2026-06-11,5
3393,69,83,2026-02-13,3
3394,981,51,2026-08-21,1
3395,1443,33,2026-09-18,3
3396,118,74,2026-08-13,1
3397,1245,81,2026-05-26,4
3398,356,61,2026-06-05,5
3399,79,48,2025-11-19,1
3400,1832,92,2026-08-06,2
3401,1508,23,2026-09-23,2
3402,2079,16,2025-11-08,1
3403,1306,91,2026-05-12,1
3404,200,70,2026-03-06,3
3405,1342,79,2026-01-04,1
3406,1715,87,2026-03-16,3
3407,347,76,2026-09-25,3
3408,30,86,2026-06-18,4
3409,1716,86,2026-04-28,1
3410,396,98,2025-10-30,5
3411,1493,35,2025-12-11,1
3412,909,6,2025-12-24,3
3413,407,89,2026-08-04,5
3414,355,82,2026-04-24,1
3415,561,72,2026-03-05,3
3416,700,60,2025-11-26,5
3417,177,73,2026-09-18,4
3418,239,12,2025-11-11,2
3419,381,41,2025-11-10,5
3420,1978,3,2026-08-13,2
3421,446,82,2025-10-02,3
3422,167,93,2026-05-20,2
3423,1715,88,2026-03-03,2
3424,636,7,2025-12-03,4
3425,588,23,2026-09-23,3
3426,1158,41,2025-12-07,4
3427,1711,25,2026-01-20,3
3428,363,38,2026-01-07,3
3429,901,34,2026-09-19,1
3430,728,75,2026-06-04,3
3431,1582,83,2026-03-24,5
3432,1699,81,2026-05-15,2
3433,1945,75,2025-10-15,4
3434,1102,73,2025-12-15,2
3435,889,45,2026-09-21,3
3436,701,90,2026-01-11,5
3437,1700,96,2026-07-06,3
3438,1052,99,2025-11-12,2
3439,447,60,2026-02-06,3
3440,1889,15,2025-10-13,5
3441,1293,24,2026-08-30,4
3442,957,76,2025-12-07,3
3443,1155,49,2026-04-05,5
3444,661,90,2025-10-14,1
3445,735,2,2026-08-15,2
3446,974,43,2026-04-30,3
3447,1850,13,2026-08-24,2
3448,628,21,2026-03-29,4
3449,382,97,2026-07-03,1
3450,1658,79,2026-05-09,4
3451,1180,89,2026-07-27,4
3452,970,32,2026-04-19,3
3453,1231,44,2026-04-06,4
3454,822,39,2026-09-09,1
3455,1563,65,2026-01-24,1
3456,873,100,2026-04-30,3
3457,821,76,2026-07-19,1
3458,1049,22,2025-12-19,3
3459,1977,90,2026-07-29,5
3460,1949,73,2026-01-06,2
3461,1359,43,2025-12-02,1
3462,634,99,2025-11-12,2
3463,940,51,2026-03-23,2
3464,2,85,2026-05-20,2
3465,1809,23,2026-01-07,3
3466,165,24,2026-03-03,2
3467,895,12,2026-01-09,2
3468,1403,72,2025-12-14,3
3469,978,21,2025-09-29,3
3470,965,71,2025-11-17,4
3471,436,61,2026-09-19,4
3472,1447,32,2026-05-22,1
3473,264,41,2026-04-13,2
3474,1584,42,2026-04-19,3
3475,1496,55,2026-09-07,5
3476,1094,10,2026-04-16,3
3477,1372,95,2026-06-04,5
3478,455,78,2025-10-10,2
3479,756,47,2026-01-25,3
3480,1686,1,2026-06-10,5
3481,1540,51,2026-07-30,1
3482,472,18,2026-08-23,4
3483,91,28,2026-01-01,3
3484,191,44,2026-05-07,4
3485,369,55,2026-08-27,2
3486,638,50,2026-02-19,4
3487,535,54,2025-10-14,2
3488,816,88,2025-12-19,5
3489,953,11,2025-11-20,3
3490,1501,13,2026-09-13,4
3491,330,41,2025-10-03,2
3492,1039,50,2026-07-18,4
3493,996,84,2025-10-02,4
3494,1580,7,2026-05-01,3
3495,530,95,2026-05-02,1
3496,1653,58,2026-08-02,5
3497,1600,61,2026-04-05,3
3498,1991,47,2026-06-27,1
3499,869,69,2025-12-27,4
3500,164,20,2026-09-07,1
3501,1942,91,2026-03-18,5
3502,405,66,2026-02-06,5
3503,891,7,2026-05-17,4
3504,82,16,2026-02-18,4
3505,752,7,2026-05-20,5
3506,757,33,2026-09-13,4
3507,1383,38,2026-03-18,1
3508,548,23,2026-07-01,3
3509,855,3,2026-03-28,4
3510,610,82,2026-03-12,1
3511,229,46,2026-07-29,1
3512,1513,51,2026-06-26,2
3513,173,69,2025-12-25,1
3514,1489,19,2025-11-30,4
3515,1829,36,2026-05-05,3
3516,1412,80,2026-05-19,2
3517,1166,59,2026-06-22,1
3518,669,48,2025-11-05,1
3519,1248,93,2025-12-11,1
3520,1050,93,2026-04-10,1
3521,1900,82,2026-03-18,3
3522,821,3,2026-05-01,2
3523,1478,84,2026-02-05,1
3524,1977,15,2026-05-06,2
3525,535,39,2026-07-16,5
3526,1105,32,2026-06-17,1
3527,1175,61,2026-04-06,2
3528,563,96,2026-05-08,2
3529,1028,86,2026-02-15,1
3530,817,24,2026-08-02,3
3531,11,53,2026-02-13,2
3532,1602,54,2025-10-06,2
3533,547,60,2026-02-14,5
3534,652,13,2026-08-18,2
3535,38,91,2026-01-20,3
3536,131,79,2026-01-18,3
3537,1248,59,2026-09-26,5
3538,1301,77,2026-04-30,3
3539,797,61,2026-07-01,5
3540,703,44,2025-10-03,3
3541,1685,57,2026-03-23,2
3542,1750,96,2026-05-21,4
3543,1091,90,2026-01-12,2
3544,799,33,2026-09-06,4
3545,1354,74,2025-10-13,1
3546,997,72,2026-08-16,3
3547,426,96,2025-11-08,5
3548,623,38,2026-04-04,3
3549,1382,60,2026-05-16,1
3550,1280,75,2025-12-15,2
3551,721,73,2026-08-12,4
3552,1567,3,2026-04-27,3
3553,1524,63,2026-07-08,2
3554,1887,69,2026-04-07,2
3555,1244,16,2026-04-08,1
3556,448,28,2026-04-17,1
3557,593,23,2026-07-16,2
3558,1127,53,2026-04-20,3
3559,857,77,2026-01-16,3
3560,1578,47,2026-03-09,1
3561,1812,88,2026-09-02,3
3562,1097,69,2026-06-11,4
3563,1760,52,2026-01-20,4
3564,587,58,2026-05-22,2
3565,820,37,2025-12-26,1
3566,1700,43,2026-06-26,4
3567,353,88,2026-08-28,1
3568,1189,84,2026-04-11,4
3569,841,25,2026-04-29,1
3570,460,18,2026-08-09,5
3571,1031,11,2026-08-10,5
3572,1500,53,2026-07-16,1
3573,1249,32,2026-03-12,2
3574,1282,61,2026-07-15,1
3575,47,96,2026-04-04,5
3576,798,71,2026-08-27,5
3577,1742,21,2026-01-03,4
3578,1481,31,2026-04-03,2
3579,1920,92,2026-05-26,2
3580,272,38,2026-03-11,1
3581,424,74,2025-10-12,4
3582,502,88,2026-05-20,5
3583,496,23,2026-05-12,4
3584,1314,15,2026-06-10,5
3585,1787,21,2026-03-15,2
3586,1479,9,2026-05-21,1
3587,1397,87,2025-10-13,4
3588,963,50,2026-06-20,1
3589,1962,34,2026-04-28,5
3590,1466,100,2025-11-27,5
3591,1094,92,2026-08-24,1
3592,985,93,2026-05-09,1
3593,1663,51,2026-02-23,1
3594,819,92,2026-04-01,5
3595,1331,57,2026-08-15,4
3596,213,19,2025-11-29,3
3597,1544,15,2026-07-20,2
3598,846,85,2026-04-02,3
3599,1870,32,2025-12-08,4
3600,542,13,2026-01-12,3
3601,1421,10,2026-08-21,4
3602,1007,97,2026-09-25,2
3603,702,38,2026-02-07,4
3604,1613,58,2026-03-15,3
3605,564,77,2026-07-14,1
3606,304,67,2025-12-07,3
3607,453,48,2025-10-10,5
3608,1462,38,2026-03-31,3
3609,1163,82,2025-12-17,3
3610,1461,57,2026-05-28,3
3611,1524,89,2025-12-15,2
3612,1245,38,2025-12-11,4
3613,1305,30,2026-02-05,1
3614,1195,39,2026-01-13,2
3615,25,34,2026-07-23,3
3616,1527,67,2026-06-14,4
3617,1267,22,2026-05-29,3
3618,320,76,2026-08-22,5
3619,1072,48,2026-03-06,4
3620,1328,22,2026-06-02,5
3621,360,62,2026-05-31,4
3622,1370,9,2025-10-04,3
3623,634,27,2026-01-20,2
3624,570,78,2025-12-12,1
3625,404,46,2026-08-25,4
3626,1167,82,2026-05-20,1
3627,1840,30,2026-06-22,2
3628,1361,5,2026-04-01,4
3629,203,43,2026-08-13,5
3630,556,71,2025-10-31,5
3631,1788,11,2026-06-29,1
3632,1161,67,2026-05-13,2
3633,525,95,2026-01-30,2
3634,1918,84,2026-09-15,2
3635,1413,92,2026-01-21,4
3636,83,78,2025-12-26,3
3637,569,12,2026-07-06,2
3638,1856,17,2025-10-29,5
3639,125,27,2026-03-01,2
3640,1200,98,2026-01-29,5
3641,951,13,2026-05-29,5
3642,654,82,2025-10-23,1
3643,980,15,2026-01-05,4
3644,975,26,2025-11-08,1
3645,1208,28,2026-07-01,5
3646,615,73,2026-06-03,1
3647,881,15,2026-07-21,4
3648,399,76,2026-08-22,5
3649,2,33,2026-05-18,4
3650,555,64,2026-07-31,2
3651,1039,62,2026-03-14,5
3652,1949,83,2026-02-19,3
3653,1777,69,2026-02-09,2
3654,564,87,2026-03-20,5
3655,633,81,2026-06-11,4
3656,1550,24,2025-11-23,4
3657,654,66,2025-09-30,4
3658,335,23,2026-06-07,1
3659,1379,39,2026-05-06,1
3660,702,82,2026-05-11,5
3661,397,100,2025-12-29,1
3662,437,40,2026-01-23,5
3663,656,99,2026-03-02,5
3664,211,88,2026-05-26,3
3665,431,74,2026-08-05,2
3666,321,25,2026-03-11,4
3667,1746,21,2025-12-23,5
3668,322,42,2026-09-01,5
3669,1339,77,2026-05-27,4
3670,469,34,2026-02-11,4
3671,760,19,2026-03-01,3
3672,1489,46,2026-03-16,3
3673,631,55,2026-05-15,5
3674,1562,54,2026-04-16,1
3675,114,53,2026-04-21,3
3676,1650,18,2026-08-23,4
3677,40,91,2026-02-14,2
3678,1356,92,2026-01-11,3
3679,1706,48,2026-02-24,1
3680,876,49,2026-03-10,3
3681,1147,95,2026-07-09,2
3682,1265,65,2026-01-15,4
3683,219,10,2026-02-14,2
3684,667,93,2025-12-18,4
3685,963,6,2026-07-27,4
3686,1966,91,2026-09-14,4
3687,574,78,2026-02-01,5
3688,122,13,2026-04-07,1
3689,702,36,2026-08-20,5
3690,898,37,2026-04-04,1
3691,276,96,2026-05-26,1
3692,1588,94,2026-03-12,4
3693,1790,20,2025-12-13,5
3694,1176,26,2026-02-27,5
3695,898,32,2025-11-11,3
3696,1120,98,2026-07-17,3
3697,1088,38,2026-07-09,1
3698,1582,99,2025-12-07,1
3699,1457,95,2026-09-20,3
3700,1854,99,2026-03-30,4
3701,378,42,2026-01-14,4
3702,944,47,2026-01-21,3
3703,1388,91,2026-01-06,3
3704,1237,96,2026-02-04,1
3705,245,83,2025-12-07,4
3706,812,63,2026-05-03,1
3707,124,66,2026-06-24,3
3708,1159,56,2025-10-05,1
3709,1789,42,2026-06-12,5
3710,579,74,2026-06-05,3
3711,138,95,2026-08-17,1
3712,189,72,2026-07-13,1
3713,325,66,2026-06-26,1
3714,1890,60,2026-07-17,5
3715,391,97,2026-08-25,1
3716,883,36,2026-09-12,4
3717,1822,95,2026-05-16,2
3718,677,10,2026-08-26,2
3719,1179,44,2026-08-24,4
3720,1600,89,2026-06-24,4
3721,823,74,2025-10-07,3
3722,1278,50,2025-09-30,1
3723,462,42,2025-10-01,4
3724,531,29,2025-12-13,5
3725,1573,42,2026-09-07,5
3726,1339,86,2026-05-19,2
3727,1896,46,2026-07-18,5
3728,387,99,2025-12-14,2
3729,632,24,2026-01-10,1
3730,1093,78,2025-10-10,1
3731,1107,45,2025-12-01,1
3732,1783,41,2026-03-13,2
3733,428,26,2026-08-29,3
3734,869,35,2025-12-19,2
3735,1582,46,2026-01-16,1
3736,1798,57,2025-12-06,1
3737,53,57,2026-04-07,2
3738,101,58,2026-04-09,4
3739,407,27,2026-04-19,4
3740,1669,16,2026-07-26,1
3741,1038,75,2025-12-25,5
3742,334,97,2025-11-28,2
3743,1927,63,2025-11-27,5
3744,1536,41,2026-03-29,4
3745,431,12,2026-01-02,5
3746,979,33,2026-03-30,5
3747,1936,59,2025-11-23,1
3748,779,54,2025-09-30,4
3749,727,47,2025-11-17,3
3750,890,84,2025-10-30,3
3751,1437,11,2026-01-22,4
3752,33,36,2026-05-26,3
3753,289,32,2025-10-20,2
3754,19,17,2026-07-13,5
3755,288,89,2025-12-15,4
3756,126,77,2025-10-16,2
3757,601,48,2026-08-31,5
3758,1687,21,2026-04-27,4
3759,358,67,2025-12-24,2
3760,372,47,2026-09-04,1
3761,62,64,2025-12-19,2
3762,827,81,2026-03-02,3
3763,1274,42,2026-02-09,1
3764,680,4,2025-10-10,4
3765,1506,19,2025-10-14,4
3766,1105,49,2025-10-20,5
3767,348,21,2026-06-22,1
3768,715,29,2025-10-04,1
3769,136,15,2026-04-29,4
3770,851,69,2026-05-22,4
3771,1755,78,2025-12-04,1
3772,976,61,2026-03-05,3
3773,662,85,2025-12-01,5
3774,1960,79,2026-04-02,1
3775,1010,96,2026-05-29,5
3776,258,29,2026-01-05,5
3777,1650,19,2025-12-02,2
3778,169,96,2026-08-30,1
3779,579,79,2026-04-21,1
3780,464,33,2026-02-01,2
3781,617,43,2026-08-30,4
3782,1210,67,2026-09-04,5
3783,1810,35,2026-07-19,2
3784,865,48,2026-03-13,2
3785,1509,5,2026-07-20,4
3786,99,26,2026-08-16,2
3787,293,82,2025-10-04,1
3788,332,51,2026-01-26,3
3789,1172,62,2025-10-02,4
3790,385,81,2026-03-22,5
3791,926,28,2026-04-22,4
3792,539,70,2026-08-11,4
3793,1526,36,2025-11-26,5
3794,691,24,2026-03-18,3
3795,1653,63,2026-03-20,5
3796,1359,13,2026-05-18,3
3797,539,9,2026-06-19,3
3798,1316,4,2026-05-03,5
3799,194,30,2025-11-30,4
3800,247,71,2025-11-22,3
3801,1789,45,2025-11-30,3
3802,894,71,2026-05-16,1
3803,374,51,2026-06-12,5
3804,291,88,2026-01-04,2
3805,407,94,2025-10-05,3
3806,1231,100,2026-06-23,2
3807,1762,68,2026-07-12,5
3808,1639,69,2025-10-21,3
3809,472,89,2026-06-30,5
3810,767,21,2025-12-21,1
3811,340,82,2026-09-10,5
3812,1727,97,2026-01-20,2
3813,1930,79,2026-06-30,4
3814,571,7,2026-01-08,4
3815,799,67,2026-02-25,4
3816,959,42,2026-05-28,2
3817,1,10,2026-02-27,3
3818,1139,86,2026-09-24,3
3819,1891,94,2026-01-11,5
3820,1965,9,2026-07-28,1
3821,288,19,2026-04-25,4
3822,1566,32,2025-12-18,4
3823,1324,54,2025-12-17,4
3824,397,32,2026-07-26,3
3825,464,36,2025-11-02,2
3826,253,93,2026-04-20,5
3827,311,27,2026-09-06,4
3828,1377,36,2025-12-08,3
3829,1305,16,2025-10-02,5
3830,1074,14,2026-03-05,5
3831,476,85,2026-05-26,4
3832,1684,16,2026-02-26,5
3833,931,20,2026-08-05,1
3834,1793,35,2026-03-20,1
3835,1717,33,2026-04-10,1
3836,956,55,2026-08-13,5
3837,1795,91,2025-12-22,4
3838,461,67,2026-02-23,1
3839,1499,78,2025-11-11,5
3840,495,86,2026-03-31,4
3841,1973,56,2026-09-21,4
3842,1307,14,2025-10-26,3
3843,1853,33,2026-02-15,5
3844,860,86,2026-03-14,3
3845,171,2,2026-03-28,1
3846,498,75,2026-06-02,4
3847,1211,56,2026-01-18,3
3848,1600,91,2025-11-19,4
3849,1243,73,2026-07-11,4
3850,1063,86,2026-08-03,4
3851,1233,14,2025-10-18,5
3852,1954,13,2026-08-22,5
3853,241,98,2025-11-14,2
3854,1189,87,2026-03-30,5
3855,1670,51,2026-04-30,1
3856,1326,57,2026-03-23,4
3857,1769,67,2026-07-17,1
3858,1666,81,2026-04-19,4
3859,1860,4,2026-09-04,2
3860,371,4,2026-07-14,3
3861,599,53,2025-11-16,1
3862,1740,33,2026-05-18,3
3863,705,46,2026-09-11,2
3864,914,7,2026-02-15,3
3865,1432,82,2026-05-19,3
3866,429,72,2025-12-18,5
3867,660,95,2026-08-24,4
3868,1600,23,2026-03-24,4
3869,684,46,2025-11-11,5
3870,1516,30,2026-06-29,3
3871,208,93,2026-03-02,1
3872,832,41,2026-08-20,5
3873,1310,24,2026-06-08,4
3874,543,91,2026-01-08,4
3875,691,57,2026-03-25,3
3876,1965,22,2025-12-17,3
3877,229,25,2025-10-05,5
3878,1862,65,2026-03-04,5
3879,1550,72,2026-02-25,5
3880,816,80,2025-12-27,1
3881,192,12,2026-01-06,5
3882,829,34,2026-09-01,2
3883,1092,46,2026-03-20,4
3884,1887,50,2025-12-04,1
3885,1257,73,2026-02-24,1
3886,461,57,2026-03-11,1
3887,1123,20,2026-01-30,3
3888,1013,29,2025-10-10,2
3889,1793,29,2026-01-30,4
3890,1663,28,2026-08-24,2
3891,608,32,2025-10-03,1
3892,990,57,2026-08-06,4
3893,1129,73,2026-07-08,2
3894,382,67,2026-04-26,5
3895,1285,74,2026-04-19,4
3896,1448,47,2026-02-07,3
3897,759,47,2026-05-05,2
3898,1107,46,2026-03-09,1
3899,276,42,2026-09-16,2
3900,1186,17,2026-06-29,1
3901,1451,61,2026-06-13,5
3902,215,78,2026-03-06,2
3903,1470,90,2026-03-24,5
3904,953,35,2026-01-19,5
3905,943,80,2025-10-24,4
3906,1211,56,2026-06-08,1
3907,46,72,2025-12-23,4
3908,1332,8,2026-07-10,3
3909,1777,91,2026-05-29,2
3910,1397,46,2025-10-29,1
3911,1167,33,2026-02-15,1
3912,1006,56,2026-07-30,2
3913,441,85,2026-04-17,4
3914,1103,90,2026-03-04,3
3915,477,73,2026-03-15,5
3916,296,99,2026-04-23,5
3917,1202,41,2026-09-10,1
3918,109,92,2026-08-05,3
3919,246,100,2026-07-24,1
3920,131,68,2026-08-07,4
3921,1501,25,2025-12-18,2
3922,1585,98,2026-07-31,2
3923,61,84,2025-12-28,4
3924,680,12,2025-11-27,1
3925,1176,90,2026-04-21,4
3926,781,90,2026-04-23,4
3927,1736,44,2025-12-06,2
3928,638,46,2025-11-15,2
3929,882,33,2026-09-24,4
3930,378,34,2025-11-12,4
3931,465,45,2026-01-07,1
3932,926,97,2026-03-19,1
3933,528,3,2026-06-22,5
3934,1141,8,2025-10-28,3
3935,346,1,2025-11-14,5
3936,10,42,2025-10-03,4
3937,57,73,2026-03-02,5
3938,1760,9,2026-04-06,2
3939,1304,80,2026-01-01,4
3940,1097,28,2025-12-29,3
3941,1787,88,2025-11-15,2
3942,767,74,2026-07-31,2
3943,1447,99,2026-05-10,2
3944,305,57,2026-06-13,1
3945,80,69,2026-08-11,1
3946,1915,38,2026-03-05,1
3947,1399,24,2026-03-24,5
3948,343,13,2026-06-19,4
3949,1236,20,2026-01-03,5
3950,1921,59,2026-03-18,5
3951,1606,58,2026-04-14,1
3952,1136,9,2026-09-04,3
3953,749,19,2026-01-31,2
3954,386,52,2026-06-05,1
3955,121,62,2026-03-29,5
3956,1737,67,2025-11-16,1
3957,1342,42,2026-09-01,5
3958,1178,90,2026-07-12,5
3959,808,97,2026-06-21,5
3960,412,37,2026-08-22,3
3961,918,98,2025-12-05,2
3962,2047,81,2026-02-23,4
3963,892,49,2026-04-21,1
3964,49,63,2026-06-05,1
3965,1150,62,2026-03-10,5
3966,627,64,2026-04-14,3
3967,1432,8,2026-09-12,5
3968,386,12,2025-10-18,3
3969,1532,74,2026-07-24,5
3970,1313,41,2025-12-24,1
3971,58,7,2026-06-27,3
3972,386,46,2026-04-12,5
3973,1688,88,2025-10-23,4
3974,1074,23,2026-06-14,5
3975,1395,90,2026-04-04,1
3976,203,59,2026-01-14,2
3977,1460,41,2026-01-18,1
3978,1015,27,2026-01-09,5
3979,1256,2,2026-08-20,1
3980,422,89,2026-04-10,1
3981,10,31,2026-02-22,3
3982,799,30,2025-12-26,3
3983,92,20,2026-04-20,2
3984,505,80,2026-07-30,3
3985,1394,74,2026-05-01,3
3986,1926,84,2026-01-09,3
3987,1414,2,2026-04-24,4
3988,773,36,2026-04-26,2
3989,520,77,2026-06-03,1
3990,1419,51,2026-08-13,1
3991,1572,58,2026-09-18,2
3992,1413,29,2026-09-01,1
3993,235,15,2026-08-19,2
3994,137,24,2026-06-04,5
3995,343,95,2026-03-13,3
3996,1465,89,2026-09-10,4
3997,1099,37,2026-02-19,3
3998,536,14,2026-07-15,1
3999,1686,26,2026-04-17,1
4000,1734,64,2026-07-08,2
4001,1062,5,2025-12-01,4
4002,224,15,2026-05-30,2
4003,1707,50,2025-10-16,2
4004,1562,89,2025-11-08,1
4005,893,79,2026-01-28,3
4006,1513,19,2026-05-09,4
4007,1576,6,2026-07-29,5
4008,1574,27,2026-01-01,3
4009,1165,2,2025-10-19,2
4010,1761,33,2026-03-20,2
4011,947,26,2026-03-25,1
4012,779,20,2026-04-15,3
4013,131,29,2026-06-12,2
4014,399,43,2026-08-14,4
4015,1785,57,2025-10-09,1
4016,1233,68,2026-01-30,3
4017,330,19,2026-07-09,5
4018,117,15,2026-03-08,1
4019,1061,69,2026-04-24,1
4020,1476,22,2026-08-09,3
4021,79,19,2026-04-04,1
4022,479,1,2026-09-12,4
4023,1153,8,2025-09-28,4
4024,246,29,2026-07-14,1
4025,1118,10,2026-07-12,1
4026,1688,61,2026-08-25,5
4027,791,37,2026-08-23,5
4028,921,96,2026-04-13,2
4029,1005,79,2026-09-11,3
4030,1304,59,2026-03-22,4
4031,931,69,2025-12-14,3
4032,296,37,2026-01-19,2
4033,527,21,2026-04-13,3
4034,885,39,2025-10-07,2
4035,942,53,2025-10-18,5
4036,824,17,2026-01-21,3
4037,1929,52,2026-01-11,4
4038,944,94,2026-04-28,4
4039,1951,50,2026-05-12,4
4040,692,42,2026-04-01,4
4041,1482,68,2025-12-04,2
4042,445,92,2026-01-30,2
4043,399,94,2026-07-15,5
4044,1844,60,2026-04-01,5
4045,768,83,2026-04-24,3
4046,805,19,2026-01-14,4
4047,1112,84,2025-11-21,4
4048,1853,100,2026-02-27,5
4049,105,26,2026-04-26,2
4050,1130,21,2026-03-18,4
4051,885,24,2026-06-18,4
4052,1422,27,2025-10-09,4
4053,1367,23,2026-07-14,3
4054,1154,99,2026-09-10,2
4055,824,74,2026-08-21,2
4056,843,41,2025-12-13,4
4057,1778,95,2026-01-30,2
4058,648,79,2026-06-03,5
4059,1506,81,2026-06-25,1
4060,199,9,2026-09-08,1
4061,18,7,2025-10-07,3
4062,642,46,2025-11-12,2
4063,1962,28,2025-12-13,3
4064,744,80,2025-10-30,3
4065,1853,58,2026-07-22,4
4066,1441,23,2026-03-19,3
4067,208,72,2026-03-01,2
4068,335,54,2025-12-13,1
4069,1865,80,2026-06-26,4
4070,1151,71,2025-12-17,4
4071,576,89,2026-09-20,2
4072,1360,19,2025-11-24,4
4073,1548,6,2025-11-15,2
4074,969,49,2026-04-10,4
4075,1572,3,2025-12-23,5
4076,1676,47,2026-09-14,4
4077,1172,24,2026-07-23,4
4078,1988,63,2025-10-07,5
4079,1814,44,2026-03-22,1
4080,142,23,2026-04-04,2
4081,615,87,2026-08-12,4
4082,228,86,2025-12-12,2
4083,657,38,2026-08-17,1
4084,1235,64,2026-03-27,1
4085,1825,76,2026-08-11,4
4086,748,33,2025-12-22,2
4087,574,67,2026-06-16,1
4088,653,22,2026-06-04,1
4089,490,90,2026-08-25,3
4090,920,56,2026-02-08,3
4091,559,96,2025-10-17,4
4092,165,43,2026-08-30,5
4093,268,80,2025-10-13,1
4094,40,39,2026-07-17,4
4095,1853,61,2026-01-07,4
4096,74,89,2026-04-13,3
4097,769,43,2026-09-18,3
4098,1749,55,2026-06-16,4
4099,701,17,2026-09-24,3
4100,1132,25,2026-02-07,4
4101,547,11,2026-02-18,4
4102,174,86,2026-09-05,3
4103,1835,15,2026-06-14,1
4104,1652,98,2025-12-01,1
4105,153,23,2026-01-29,3
4106,316,74,2025-10-30,2
4107,1769,10,2025-11-10,1
4108,1509,44,2025-10-03,5
4109,320,75,2025-11-02,4
4110,1789,43,2026-08-16,1
4111,250,8,2026-08-06,2
4112,1881,96,2026-01-07,1
4113,188,92,2025-12-31,1
4114,887,88,2025-09-28,2
4115,103,92,2026-01-12,1
4116,657,81,2026-04-13,5
4117,975,26,2026-01-03,4
4118,1447,24,2026-08-02,4
4119,1499,87,2026-02-21,5
4120,907,24,2025-10-28,5
4121,163,23,2025-09-30,2
4122,295,70,2026-02-08,5
4123,1434,16,2026-01-01,1
4124,384,42,2026-01-01,2
4125,809,82,2025-12-19,5
4126,1232,53,2026-02-25,5
4127,585,28,2026-08-20,4
4128,1689,45,2026-02-02,2
4129,15,84,2026-06-25,3
4130,1545,21,2026-02-18,1
4131,129,64,2025-10-28,3
4132,1270,97,2025-10-27,4
4133,1381,98,2025-11-06,4
4134,1525,87,2025-10-03,1
4135,1205,99,2026-03-09,3
4136,1395,78,2026-09-19,1
4137,538,94,2026-07-15,3
4138,734,96,2026-05-15,4
4139,1024,39,2026-04-04,4
4140,1119,96,2026-03-06,2
4141,1203,22,2026-01-21,1
4142,723,53,2026-09-15,4
4143,665,52,2026-05-21,4
4144,927,20,2026-05-22,2
4145,860,4,2026-04-12,2
4146,782,81,2026-03-08,2
4147,749,2,2026-04-19,4
4148,1855,23,2026-08-31,2
4149,1938,24,2026-07-27,2
4150,34,51,2025-11-14,4
4151,555,44,2025-12-12,2
4152,1019,51,2025-10-08,2
4153,1700,71,2026-03-01,3
4154,390,63,2026-01-21,5
4155,887,56,2026-06-09,2
4156,1985,86,2026-06-03,1
4157,1970,14,2026-03-26,1
4158,1446,62,2026-03-11,5
4159,290,31,2026-02-22,5
4160,1646,28,2026-06-07,4
4161,27,40,2026-06-05,2
4162,1292,40,2026-03-19,5
4163,1253,16,2026-05-04,5
4164,1085,37,2025-12-02,3
4165,1653,89,2026-04-06,2
4166,1158,61,2026-04-04,1
4167,916,48,2025-10-06,4
4168,429,42,2026-01-31,2
4169,1299,61,2026-03-06,3
4170,698,74,2026-07-08,3
4171,399,17,2026-09-19,3
4172,1173,30,2026-08-16,5
4173,486,32,2026-08-05,4
4174,963,3,2026-07-12,3
4175,1804,13,2026-06-15,4
4176,1278,42,2025-12-11,1
4177,1006,60,2026-06-24,5
4178,138,58,2026-02-10,4
4179,1621,99,2026-01-03,3
4180,294,47,2026-09-26,1
4181,506,29,2026-05-27,1
4182,730,80,2026-03-13,4
4183,300,35,2026-07-11,3
4184,644,78,2026-06-02,5
4185,1688,83,2026-01-07,2
4186,1240,16,2026-07-29,3
4187,1507,25,2025-10-28,5
4188,579,32,2026-06-12,4
4189,1435,2,2026-05-01,3
4190,419,19,2026-02-07,3
4191,60,84,2025-10-09,4
4192,755,60,2025-11-06,2
4193,1282,49,2026-05-13,5
4194,1217,57,2025-12-16,3
4195,1919,36,2025-11-21,4
4196,406,91,2026-02-15,5
4197,584,21,2026-05-17,5
4198,662,3,2025-12-01,1
4199,1778,42,2025-10-23,5
4200,756,19,2026-05-29,3
4201,1127,4,2026-04-07,4
4202,664,51,2026-08-23,2
4203,1256,98,2026-03-13,1
4204,580,42,2026-08-22,5
4205,81,66,2026-07-15,1
4206,1018,9,2025-12-03,1
4207,311,14,2025-12-07,5
4208,1926,92,2025-12-19,2
4209,1546,47,2025-11-13,3
4210,167,53,2026-03-19,3
4211,1009,52,2025-11-01,5
4212,1075,54,2025-10-28,4
4213,318,71,2026-09-17,1
4214,919,21,2026-01-11,1
4215,466,31,2026-02-07,1
4216,1400,72,2026-08-23,1
4217,1317,90,2025-10-23,2
4218,87,6,2026-05-30,2
4219,1946,20,2026-01-24,2
4220,655,42,2026-06-10,4
4221,1373,51,2026-08-17,1
4222,1568,38,2026-06-15,4
4223,1372,92,2025-10-09,4
4224,140,6,2026-07-05,2
4225,74,27,2026-07-25,2
4226,1007,1,2026-07-22,3
4227,166,75,2026-09-21,3
4228,1841,22,2026-06-14,4
4229,312,69,2026-01-13,1
4230,1525,80,2026-08-14,3
4231,1140,48,2026-02-10,5
4232,328,26,2026-04-13,5
4233,686,26,2026-02-05,3
4234,805,16,2026-02-07,3
4235,60,58,2026-05-16,5
4236,1376,66,2026-08-26,4
4237,379,15,2026-01-09,1
4238,1648,14,2026-04-13,2
4239,1556,73,2026-01-07,3
4240,1381,28,2026-09-15,5
4241,740,60,2026-03-01,1
4242,1283,30,2026-08-24,5
4243,445,66,2026-02-03,1
4244,26,28,2026-03-04,2
4245,423,64,2026-03-16,4
4246,938,51,2026-03-13,5
4247,1886,63,2025-12-20,4
4248,1223,37,2026-07-11,2
4249,1263,14,2025-11-05,1
4250,1269,7,2025-10-12,1
4251,1905,1,2026-02-14,3
4252,782,94,2026-05-12,5
4253,200,7,2025-12-17,3
4254,1323,25,2026-01-15,4
4255,156,36,2026-04-05,4
4256,46,39,2026-08-27,1
4257,619,19,2025-11-27,3
4258,1905,27,2026-05-18,1
4259,1525,88,2026-08-18,1
4260,358,2,2026-05-28,1
4261,1485,31,2025-11-10,4
4262,1424,72,2026-07-20,3
4263,47,90,2026-02-12,5
4264,130,94,2026-05-30,2
4265,134,51,2026-01-15,4
4266,77,64,2025-10-12,4
4267,845,23,2026-05-23,1
4268,1838,6,2026-07-19,1
4269,1454,37,2026-02-17,4
4270,1643,35,2026-01-08,1
4271,557,25,2026-09-05,2
4272,918,1,2026-09-15,1
4273,1711,56,2026-07-12,5
4274,1001,30,2026-09-21,1
4275,746,12,2026-02-20,5
4276,935,61,2026-04-03,5
4277,765,85,2025-12-19,3
4278,1108,19,2026-07-06,3
4279,711,53,2026-08-20,2
4280,823,48,2026-07-21,4
4281,1572,38,2026-03-23,2
4282,1540,64,2026-09-06,5
4283,738,56,2026-04-23,1
4284,519,18,2026-08-01,3
4285,1322,60,2026-03-29,4
4286,1765,88,2026-06-30,2
4287,704,65,2025-10-18,2
4288,700,70,2026-07-30,2
4289,286,27,2026-07-17,4
4290,1687,54,2025-11-07,1
4291,1115,6,2026-06-10,5
4292,1179,1,2025-11-19,3
4293,1362,22,2026-07-05,2
4294,1454,43,2026-09-12,4
4295,667,94,2025-11-25,3
4296,1919,51,2026-07-04,5
4297,1679,51,2026-08-29,2
4298,720,96,2026-07-19,4
4299,1540,14,2026-09-14,2
4300,1319,59,2026-08-20,2
4301,1834,97,2026-09-17,2
4302,1830,65,2025-09-27,1
4303,296,10,2026-06-07,3
4304,1548,52,2026-01-28,3
4305,1110,82,2026-01-12,1
4306,49,3,2026-01-02,1
4307,248,27,2026-02-25,2
4308,147,9,2026-09-10,3
4309,1948,16,2026-05-16,4
4310,1355,52,2026-03-29,1
4311,1224,39,2026-09-19,3
4312,768,27,2026-04-13,3
4313,1269,76,2026-05-04,4
4314,1260,76,2026-08-18,1
4315,1007,5,2026-09-09,4
4316,720,4,2026-03-09,3
4317,970,50,2026-09-20,5
4318,866,89,2025-11-16,5
4319,1804,45,2026-08-10,4
4320,779,5,2025-10-10,4
4321,973,33,2025-11-10,5
4322,170,32,2025-11-13,1
4323,778,96,2026-05-17,3
4324,1237,61,2026-01-28,1
4325,635,71,2026-03-11,4
4326,1257,53,2026-01-15,1
4327,1401,17,2025-10-02,5
4328,1600,4,2026-09-07,5
4329,142,65,2026-05-12,2
4330,563,90,2026-05-22,5
4331,1642,69,2026-04-13,1
4332,1200,16,2026-02-03,5
4333,357,58,2026-06-05,3
4334,82,38,2025-12-19,5
4335,874,15,2026-03-15,2
4336,408,62,2025-11-05,4
4337,12,50,2026-02-01,2
4338,90,39,2026-04-07,2
4339,697,88,2026-01-19,5
4340,469,92,2026-06-06,4
4341,1942,15,2026-09-20,1
4342,286,17,2025-12-20,5
4343,49,57,2026-07-12,4
4344,1627,90,2026-04-02,4
4345,1451,68,2025-10-07,3
4346,1114,14,2026-08-18,4
4347,69,36,2026-05-27,4
4348,1438,55,2026-07-09,1
4349,179,34,2025-10-30,3
4350,822,65,2026-05-28,2
4351,248,4,2025-12-06,2
4352,1169,24,2025-11-10,2
4353,1352,70,2026-05-13,3
4354,539,62,2026-07-09,1
4355,380,75,2026-08-29,4
4356,1147,6,2025-11-25,2
4357,302,39,2026-01-08,2
4358,801,2,2026-09-21,3
4359,1045,2,2025-10-27,1
4360,1364,35,2026-06-22,5
4361,19,39,2026-06-25,2
4362,1886,32,2026-03-09,4
4363,387,85,2026-01-14,4
4364,981,28,2026-05-29,1
4365,795,71,2025-12-24,5
4366,300,86,2025-11-02,2
4367,298,98,2026-06-15,1
4368,1052,10,2026-05-29,5
4369,506,81,2025-12-20,4
4370,741,29,2026-08-13,3
4371,123,97,2026-04-23,4
4372,1784,42,2025-10-18,4
4373,395,86,2025-10-11,3
4374,922,78,2026-04-15,2
4375,982,79,2025-12-01,5
4376,1324,97,2026-04-23,2
4377,1227,67,2026-01-28,3
4378,1584,10,2026-06-08,4
4379,64,54,2026-07-31,1
4380,174,91,2026-07-11,2
4381,82,48,2026-08-21,3
4382,576,60,2026-04-16,3
4383,1713,69,2026-03-01,5
4384,1883,40,2026-03-13,4
4385,999,50,2026-06-15,5
4386,1148,88,2026-09-17,5
4387,1354,74,2026-07-30,2
4388,691,12,2026-05-25,4
4389,1092,67,2026-03-21,5
4390,129,33,2026-08-16,3
4391,1792,37,2026-02-12,5
4392,467,41,2026-06-16,3
4393,1160,25,2026-01-27,3
4394,393,43,2026-03-02,5
4395,843,36,2026-09-08,3
4396,869,86,2026-07-30,2
4397,1824,18,2026-08-06,3
4398,1408,88,2026-01-02,3
4399,1112,71,2026-09-26,3
4400,1635,60,2026-01-09,5
4401,356,16,2026-06-20,3
4402,506,27,2026-08-19,5
4403,1701,44,2026-08-17,2
4404,1659,64,2026-08-24,3
4405,803,62,2026-01-30,3
4406,941,69,2026-07-14,3
4407,522,78,2025-12-10,1
4408,255,49,2026-02-03,5
4409,7,9,2026-04-16,2
4410,1901,64,2026-02-04,4
4411,1196,36,2026-07-05,5
4412,862,26,2026-07-14,3
4413,876,81,2025-10-23,4
4414,222,61,2026-07-28,4
4415,642,16,2026-04-13,2
4416,252,47,2025-12-28,1
4417,1736,9,2025-10-18,3
4418,1124,69,2025-11-21,3
4419,1606,13,2025-12-01,4
4420,82,85,2026-01-09,5
4421,21,15,2025-10-27,3
4422,1474,36,2026-08-12,3
4423,493,30,2026-05-05,2
4424,1237,74,2026-08-09,3
4425,725,31,2026-07-06,2
4426,1134,75,2025-10-08,3
4427,352,50,2026-01-17,2
4428,1263,3,2026-07-01,2
4429,1170,95,2025-11-12,5
4430,1658,63,2026-02-12,1
4431,505,53,2025-11-14,2
4432,942,79,2026-01-28,2
4433,1880,29,2025-12-24,3
4434,7,31,2025-11-20,3
4435,1188,77,2026-05-07,4
4436,438,30,2026-05-13,1
4437,837,92,2025-11-07,4
4438,308,95,2026-05-11,4
4439,1538,49,2026-08-07,1
4440,1567,35,2026-07-01,2
4441,1007,56,2026-09-06,5
4442,660,3,2026-03-21,4
4443,1261,50,2026-06-13,4
4444,421,48,2026-08-03,2
4445,159,77,2026-09-22,4
4446,1614,52,2025-12-22,2
4447,644,46,2026-01-16,4
4448,510,92,2026-02-14,3
4449,778,77,2026-01-23,4
4450,1406,73,2025-10-09,2
4451,1429,9,2026-08-23,4
4452,797,74,2025-10-08,3
4453,781,3,2026-03-30,4
4454,1484,58,2026-05-08,4
4455,896,33,2025-11-11,3
4456,552,47,2026-01-22,3
4457,324,22,2026-05-30,2
4458,1321,67,2026-07-23,5
4459,1660,26,2026-06-25,1
4460,747,7,2026-04-10,2
4461,1449,21,2025-11-12,1
4462,1425,71,2026-08-08,1
4463,163,68,2026-02-02,3
4464,306,38,2026-05-16,2
4465,571,24,2026-05-08,2
4466,639,22,2026-04-24,5
4467,475,12,2025-10-31,5
4468,1173,84,2025-10-23,2
4469,1123,61,2026-02-21,4
4470,484,3,2025-12-21,2
4471,1460,10,2026-08-01,1
4472,552,23,2025-11-17,5
4473,1596,60,2025-11-29,5
4474,1482,23,2026-04-03,2
4475,1910,24,2026-06-27,2
4476,667,22,2025-10-01,3
4477,1666,3,2026-06-16,5
4478,1833,8,2026-06-12,4
4479,343,7,2025-12-05,4
4480,1734,17,2025-12-15,2
4481,1709,48,2026-08-04,5
4482,948,32,2026-02-16,4
4483,1455,15,2025-12-25,2
4484,1311,78,2025-12-18,1
4485,773,18,2025-10-31,1
4486,944,68,2026-02-21,4
4487,1545,51,2026-09-08,5
4488,1488,52,2026-07-01,5
4489,1971,83,2026-05-23,5
4490,1611,78,2026-03-27,5
4491,1540,33,2026-04-22,5
4492,342,65,2026-04-23,4
4493,1649,5,2025-11-30,2
4494,1229,48,2025-11-03,3
4495,1238,53,2025-11-25,4
4496,614,48,2026-04-07,1
4497,998,26,2026-03-07,1
4498,892,100,2026-01-15,2
4499,1772,76,2026-05-15,2
4500,1626,39,2026-08-25,4
4501,292,3,2026-01-30,2
4502,518,63,2026-05-09,4
4503,1460,60,2026-05-23,3
4504,949,17,2026-01-09,4
4505,503,19,2025-10-23,1
4506,767,7,2026-02-25,3
4507,1863,50,2026-05-23,4
4508,1226,38,2025-11-05,3
4509,1130,62,2026-06-16,1
4510,139,46,2026-05-30,3
4511,636,65,2026-01-04,2
4512,208,19,2025-10-02,5
4513,123,4,2026-02-12,5
4514,1292,67,2026-01-16,3
4515,919,52,2025-10-09,3
4516,943,45,2026-08-06,5
4517,584,48,2026-03-13,1
4518,1200,16,2026-06-18,4
4519,888,98,2026-06-03,5
4520,1365,100,2025-10-15,5
4521,1037,9,2026-07-13,2
4522,677,85,2026-04-08,4
4523,548,19,2026-08-18,2
4524,191,79,2026-01-05,4
4525,808,29,2026-02-15,1
4526,621,2,2025-10-19,2
4527,857,73,2026-01-04,2
4528,1638,20,2026-04-28,4
4529,1164,33,2026-07-04,2
4530,136,21,2025-09-27,1
4531,1490,62,2026-02-09,1
4532,960,22,2026-01-17,4
4533,164,86,2025-11-24,4
4534,1264,94,2026-03-21,3
4535,1958,34,2026-05-25,5
4536,1123,95,2026-07-09,3
4537,1362,42,2026-08-16,5
4538,1368,88,2025-12-15,5
4539,1398,36,2026-06-20,5
4540,464,3,2026-01-30,4
4541,558,43,2026-06-01,5
4542,1022,93,2026-02-27,4
4543,1950,76,2025-10-23,3
4544,219,19,2026-02-05,5
4545,1730,29,2026-01-19,2
4546,1854,20,2026-05-22,1
4547,1111,65,2026-09-19,3
4548,1521,52,2026-04-26,4
4549,679,39,2026-07-14,1
4550,333,80,2026-01-29,4
4551,136,100,2026-09-01,3
4552,893,52,2025-10-26,4
4553,849,61,2025-12-14,1
4554,1921,48,2026-03-16,1
4555,483,63,2026-03-03,4
4556,1206,28,2026-04-17,4
4557,1740,31,2026-05-05,3
4558,1251,22,2026-01-29,3
4559,1225,42,2025-12-17,5
4560,1748,11,2026-04-07,1
4561,169,95,2025-11-08,1
4562,1107,55,2025-12-12,4
4563,1914,90,2025-11-13,2
4564,5,61,2025-10-23,2
4565,274,38,2025-10-13,3
4566,1405,90,2026-09-09,3
4567,1172,12,2026-09-03,1
4568,1829,40,2025-12-20,3
4569,80,75,2025-11-17,1
4570,1259,1,2025-10-17,2
4571,1838,51,2025-12-23,4
4572,548,76,2025-11-21,3
4573,1714,68,2026-08-08,1
4574,583,18,2026-08-06,1
4575,1242,34,2026-05-21,2
4576,1590,90,2026-08-22,5
4577,1017,78,2025-11-15,2
4578,582,5,2026-09-14,4
4579,1362,21,2026-03-19,4
4580,735,66,2026-05-16,3
4581,1339,91,2026-02-24,4
4582,1653,31,2026-04-29,3
4583,669,27,2026-09-03,2
4584,305,91,2026-05-21,2
4585,163,8,2025-10-15,5
4586,303,14,2025-11-26,4
4587,306,93,2025-11-30,1
4588,1578,43,2026-02-18,3
4589,490,92,2026-07-20,4
4590,840,16,2026-05-07,5
4591,620,91,2026-07-24,2
4592,1344,5,2026-05-27,3
4593,801,25,2025-12-16,3
4594,101,5,2025-10-30,3
4595,383,64,2026-04-14,4
4596,1980,51,2026-08-30,3
4597,273,42,2026-05-15,4
4598,645,97,2026-08-30,5
4599,377,1,2026-09-20,2
4600,852,12,2026-02-02,4
4601,304,6,2026-03-17,2
4602,1051,78,2026-01-27,4
4603,1859,26,2026-02-16,2
4604,79,99,2026-04-28,1
4605,739,92,2026-08-16,3
4606,764,44,2026-08-07,1
4607,989,99,2025-11-19,5
4608,433,19,2026-01-08,3
4609,1349,95,2026-09-10,5
4610,1088,51,2026-02-14,5
4611,1255,79,2026-07-26,2
4612,1577,94,2026-05-07,1
4613,1975,93,2026-05-17,5
4614,595,69,2026-07-04,4
4615,583,43,2025-10-19,1
4616,1207,81,2026-04-23,1
4617,1699,54,2026-05-27,4
4618,1172,30,2026-08-04,3
4619,457,58,2026-07-26,3
4620,1826,84,2026-02-27,1
4621,1369,75,2026-01-22,3
4622,544,1,2026-04-17,5
4623,84,29,2026-01-22,4
4624,814,1,2026-01-27,4
4625,1964,10,2025-10-21,3
4626,1668,70,2026-06-28,4
4627,1028,94,2025-10-05,3
4628,1359,7,2026-07-31,4
4629,438,69,2026-07-21,5
4630,1597,15,2026-02-21,2
4631,1149,93,2026-04-14,3
4632,1117,84,2025-12-26,2
4633,1404,55,2025-10-04,1
4634,1325,32,2026-03-14,4
4635,204,17,2025-10-07,3
4636,1347,38,2025-12-22,3
4637,332,55,2026-04-27,2
4638,741,13,2025-12-19,3
4639,1111,89,2026-03-04,5
4640,141,10,2026-08-20,2
4641,1748,1,2025-11-28,2
4642,1595,99,2025-10-30,3
4643,233,98,2025-12-27,4
4644,249,65,2026-03-18,5
4645,1047,16,2026-05-23,4
4646,1259,36,2026-09-04,1
4647,1616,12,2026-03-28,3
4648,795,25,2025-12-26,5
4649,1486,3,2026-02-02,5
4650,130,21,2025-11-10,2
4651,329,67,2026-03-21,5
4652,981,97,2026-01-04,3
4653,697,50,2025-10-12,4
4654,1654,66,2025-11-19,4
4655,344,25,2026-01-13,5
4656,991,100,2026-08-19,5
4657,138,96,2026-09-19,2
4658,1913,100,2026-08-29,4
4659,1579,59,2026-07-09,4
4660,1316,48,2026-03-10,2
4661,75,58,2025-10-18,2
4662,1170,46,2025-09-28,1
4663,1913,48,2026-09-02,3
4664,1536,1,2026-04-27,3
4665,175,18,2026-05-22,1
4666,1067,72,2026-07-28,1
4667,279,61,2026-07-27,4
4668,1130,93,2026-07-07,3
4669,1280,5,2025-11-27,3
4670,640,69,2026-01-30,4
4671,80,14,2026-02-24,1
4672,1362,18,2026-02-27,3
4673,314,36,2026-04-09,3
4674,153,68,2026-04-25,3
4675,1021,40,2025-11-04,3
4676,47,4,2026-04-23,3
4677,379,92,2026-03-13,1
4678,1908,68,2025-12-06,5
4679,1745,13,2026-07-30,3
4680,195,34,2025-11-24,3
4681,1820,16,2026-03-08,2
4682,435,75,2026-07-19,1
4683,101,36,2026-01-23,3
4684,1546,70,2026-07-05,1
4685,1125,74,2026-09-26,5
4686,1857,71,2026-02-26,3
4687,1834,52,2025-11-17,1
4688,1882,54,2026-03-05,1
4689,683,35,2026-08-29,1
4690,141,13,2025-12-06,5
4691,219,62,2025-09-29,1
4692,1658,47,2026-05-25,4
4693,219,34,2026-07-01,2
4694,1925,72,2026-07-26,2
4695,685,22,2025-11-07,2
4696,1881,73,2026-08-25,1
4697,1664,3,2026-08-15,4
4698,1493,91,2026-01-16,2
4699,1512,88,2025-12-22,5
4700,836,1,2026-01-27,5
4701,1182,94,2026-02-13,2
4702,1122,31,2026-06-06,1
4703,433,79,2026-05-05,4
4704,1690,68,2026-01-03,3
4705,279,52,2026-03-22,5
4706,1866,75,2026-04-25,3
4707,511,79,2026-02-11,100
4708,861,33,2026-09-23,5
4709,3,15,2026-06-08,4
4710,392,96,2026-07-26,3
4711,263,74,2026-09-15,2
4712,1189,16,2026-08-21,2
4713,1457,6,2025-12-03,2
4714,1526,6,2026-02-01,1
4715,809,18,2026-09-12,2
4716,1965,15,2026-02-15,5
4717,1335,27,2025-09-28,1
4718,29,53,2026-09-18,1
4719,423,58,2026-03-20,2
4720,1484,83,2025-12-11,1
4721,666,53,2026-04-03,4
4722,1063,88,2026-08-30,3
4723,1359,26,2026-05-12,2
4724,798,46,2026-01-10,2
4725,1758,85,2026-09-02,2
4726,1002,36,2026-06-04,4
4727,517,1,2025-10-22,4
4728,325,8,2026-05-22,1
4729,1074,38,2026-05-19,2
4730,227,37,2026-04-26,2
4731,573,23,2026-02-19,4
4732,970,98,2025-10-04,5
4733,1202,59,2025-10-30,3
4734,1320,29,2026-03-01,4
4735,1410,36,2026-01-07,4
4736,553,21,2026-04-14,4
4737,898,18,2026-01-17,1
4738,1322,63,2026-01-25,4
4739,1943,71,2026-01-17,5
4740,1913,19,2026-08-21,1
4741,1478,48,2026-02-11,5
4742,1413,13,2026-02-04,3
4743,1058,40,2026-08-30,4
4744,129,73,2025-10-07,1
4745,1841,37,2026-01-28,3
4746,1552,86,2026-01-30,5
4747,1177,68,2026-08-07,2
4748,1018,68,2026-08-14,1
4749,1964,3,2025-12-12,3
4750,1577,71,2026-09-15,4
4751,699,1,2026-07-14,4
4752,384,14,2026-01-04,3
4753,515,90,2026-05-02,3
4754,409,81,2026-07-24,4
4755,1725,78,2026-09-04,5
4756,731,13,2026-07-12,4
4757,1280,26,2026-05-26,2
4758,94,44,2026-03-12,3
4759,1555,31,2026-05-26,5
4760,1010,30,2026-03-16,4
4761,34,89,2026-07-11,1
4762,1158,18,2025-11-18,2
4763,1775,6,2026-04-25,2
4764,845,69,2026-05-24,1
4765,1395,71,2025-11-18,4
4766,453,95,2025-12-05,2
4767,760,13,2026-01-16,1
4768,24,76,2026-02-05,4
4769,575,83,2025-11-27,5
4770,1830,27,2026-05-15,1
4771,1892,31,2026-03-20,5
4772,192,33,2025-11-26,5
4773,1529,81,2026-06-28,2
4774,975,89,2025-10-19,3
4775,343,85,2026-07-01,1
4776,1674,28,2026-06-04,4
4777,205,12,2026-03-15,5
4778,470,74,2026-07-22,3
4779,875,90,2025-09-27,3
4780,1543,58,2026-03-28,5
4781,337,4,2026-09-18,1
4782,1171,3,2026-08-14,3
4783,353,21,2026-01-03,2
4784,1501,23,2025-10-20,2
4785,405,17,2026-01-12,3
4786,126,85,2026-05-20,4
4787,1267,18,2026-01-20,1
4788,1487,93,2025-11-26,2
4789,1285,97,2026-04-02,3
4790,885,20,2026-09-13,1
4791,971,49,2025-12-17,1
4792,768,5,2025-12-23,5
4793,1402,54,2025-12-25,1
4794,1566,21,2025-11-09,2
4795,315,54,2025-11-03,1
4796,470,90,2026-05-07,2
4797,1462,67,2026-02-10,5
4798,1088,76,2026-09-08,5
4799,1816,58,2026-03-14,2
4800,1092,85,2026-07-28,5
4801,1954,58,2026-01-15,4
4802,1252,57,2025-12-24,3
4803,533,78,2026-03-07,2
4804,402,52,2025-10-07,3
4805,1583,69,2026-04-07,4
4806,1792,75,2025-11-12,1
4807,260,7,2026-09-17,2
4808,1093,15,2026-09-20,5
4809,809,84,2026-05-30,5
4810,1511,18,2026-09-26,1
4811,369,69,2026-06-19,2
4812,493,7,2025-11-30,5
4813,1114,10,2026-08-03,2
4814,1132,11,2026-06-29,3
4815,1101,12,2026-06-22,3
4816,681,71,2026-02-07,2
4817,91,55,2025-12-27,4
4818,287,29,2026-01-10,1
4819,303,80,2026-06-19,4
4820,865,93,2025-11-02,5
4821,1511,98,2025-11-07,3
4822,338,88,2026-05-20,3
4823,62,5,2026-03-18,1
4824,1588,86,2025-10-10,1
4825,172,42,2025-10-12,2
4826,1200,11,2026-08-19,1
4827,390,62,2026-09-14,1
4828,1605,69,2026-05-09,3
4829,1613,81,2025-10-26,5
4830,1473,20,2025-10-10,3
4831,777,87,2026-03-06,1
4832,1323,38,2026-06-12,3
4833,327,11,2026-02-07,5
4834,1230,86,2025-12-11,5
4835,977,37,2026-06-30,4
4836,1865,99,2026-06-21,1
4837,360,98,2025-12-13,3
4838,1274,6,2026-06-10,3
4839,961,6,2026-04-09,5
4840,958,4,2026-05-07,1
4841,101,1,2026-07-30,3
4842,774,45,2026-01-30,3
4843,741,93,2025-11-11,5
4844,1086,20,2026-02-14,4
4845,1154,16,2026-04-08,2
4846,306,35,2026-04-26,5
4847,659,48,2026-01-21,1
4848,636,22,2026-04-02,5
4849,1495,6,2026-04-07,5
4850,1281,61,2025-10-17,1
4851,426,31,2026-04-23,4
4852,1754,79,2026-08-01,5
4853,1266,46,2026-05-20,1
4854,1595,82,2026-08-12,5
4855,258,9,2025-12-30,1
4856,1643,7,2026-02-11,1
4857,518,68,2026-04-15,1
4858,1875,68,2026-07-08,1
4859,1282,94,2026-02-07,3
4860,364,71,2026-08-22,4
4861,1804,32,2026-06-09,5
4862,775,92,2026-01-04,2
4863,1327,9,2026-06-24,4
4864,497,20,2026-02-11,1
4865,1427,52,2025-12-08,5
4866,605,93,2026-09-09,2
4867,1171,83,2026-06-21,3
4868,610,21,2026-04-23,1
4869,1802,54,2026-01-29,2
4870,1480,93,2026-04-03,5
4871,439,14,2026-05-05,3
4872,169,60,2026-02-02,1
4873,598,81,2026-04-14,4
4874,727,97,2025-12-16,3
4875,1775,6,2026-02-22,2
4876,1616,30,2026-04-21,3
4877,1114,88,2026-03-20,2
4878,393,94,2026-02-24,1
4879,174,61,2026-09-04,4
4880,843,36,2026-03-03,3
4881,1180,68,2026-06-16,5
4882,1582,29,2025-10-08,1
4883,495,72,2026-04-03,5
4884,366,36,2026-06-19,3
4885,954,79,2025-12-04,1
4886,1410,44,2026-09-06,1
4887,1407,82,2026-02-22,1
4888,490,27,2026-02-23,2
4889,1987,98,2026-01-11,3
4890,1697,68,2026-01-04,3
4891,646,91,2026-07-24,1
4892,1492,29,2026-04-17,2
4893,185,13,2025-11-18,5
4894,1078,60,2026-05-17,1
4895,99,78,2026-07-02,2
4896,1216,12,2026-01-28,2
4897,444,18,2026-06-06,4
4898,662,29,2026-08-22,1
4899,1751,5,2026-04-23,1
4900,1881,97,2025-11-08,5
4901,1018,98,2026-06-12,3
4902,196,60,2026-04-14,5
4903,1596,71,2026-04-23,5
4904,22,24,2025-10-01,2
4905,1661,4,2025-10-10,5
4906,686,100,2025-11-20,4
4907,1126,17,2025-11-23,5
4908,1894,2,2026-06-22,2
4909,773,43,2026-09-14,4
4910,1440,64,2026-08-19,3
4911,1686,77,2026-02-19,1
4912,1878,1,2026-04-27,5
4913,438,51,2026-09-10,3
4914,1623,45,2026-08-05,2
4915,157,40,2025-10-26,5
4916,1656,16,2025-11-02,5
4917,1581,74,2026-08-20,3
4918,1105,38,2025-11-21,2
4919,814,68,2026-01-23,4
4920,1717,4,2026-03-21,5
4921,1550,53,2025-12-07,2
4922,1670,93,2025-12-23,2
4923,1243,78,2026-01-15,5
4924,151,31,2025-12-11,4
4925,687,44,2026-02-14,4
4926,189,33,2025-11-05,1
4927,1528,94,2026-09-18,3
4928,1065,69,2025-12-02,4
4929,1699,47,2025-10-18,1
4930,487,64,2026-03-18,4
4931,892,96,2026-05-04,1
4932,1421,13,2026-06-19,1
4933,874,100,2025-12-01,1
4934,1934,25,2025-10-18,1
4935,1813,27,2026-06-20,3
4936,815,78,2026-04-14,1
4937,792,20,2025-10-10,4
4938,657,96,2025-11-03,2
4939,1952,23,2025-11-17,2
4940,1839,44,2026-02-04,3
4941,1675,56,2025-10-23,5
4942,376,56,2026-07-05,5
4943,995,81,2025-11-21,4
4944,1563,72,2026-05-02,2
4945,432,68,2026-08-11,3
4946,1536,6,2026-02-22,1
4947,623,71,2026-01-28,1
4948,917,100,2026-06-24,2
4949,612,31,2026-03-21,4
4950,1870,71,2026-09-03,5
4951,835,6,2025-12-05,2
4952,1322,48,2026-01-24,5
4953,110,14,2025-11-29,3
4954,1416,89,2026-05-16,1
4955,1684,7,2026-08-03,5
4956,1157,75,2026-04-03,1
4957,586,74,2026-02-22,2
4958,1464,58,2025-10-05,3
4959,1654,22,2026-07-22,4
4960,1447,74,2026-07-30,5
4961,862,99,2026-08-13,5
4962,1655,49,2026-07-17,3
4963,1315,78,2026-07-06,5
4964,1390,98,2026-09-08,4
4965,1821,67,2025-11-11,3
4966,2029,47,2025-12-10,5
4967,2073,73,2026-04-11,2
4968,677,73,2025-12-11,1
4969,44,99,2026-02-24,5
4970,1167,80,2026-03-04,2
4971,1824,25,2025-12-25,1
4972,1719,100,2025-12-30,2
4973,1599,19,2026-02-24,4
4974,1155,72,2026-04-21,1
4975,1275,90,2026-04-23,1
4976,969,20,2026-07-09,4
4977,242,59,2026-08-20,4
4978,1315,57,2025-10-12,2
4979,634,72,2026-01-15,2
4980,1243,29,2026-06-20,3
4981,1357,78,2026-09-05,3
4982,500,67,2026-08-25,2
4983,1838,72,2026-08-29,1
4984,1696,1,2026-02-19,3
4985,1818,85,2026-04-23,1
4986,1848,89,2025-12-08,5
4987,890,44,2026-08-05,1
4988,1648,19,2026-07-05,4
4989,1563,46,2026-07-26,5
4990,301,56,2026-09-08,3
4991,1605,71,2025-11-13,4
4992,775,45,2026-07-17,4
4993,150,28,2026-08-15,1
4994,987,55,2026-07-11,1
4995,1702,88,2026-09-06,2
4996,1654,68,2026-01-02,3
4997,690,97,2026-07-16,1
4998,1728,25,2026-02-02,3
4999,1109,20,2026-04-19,2
5000,1631,99,2026-07-24,3
5001,557,81,2026-06-14,1
5002,1706,22,2025-10-12,4
5003,3,1,2026-01-19,5
5004,1230,51,2026-05-07,4
5005,113,15,2025-10-29,4
5006,414,10,2026-06-11,1
5007,396,79,2026-09-04,3
5008,99,9,2025-10-10,4
5009,115,79,2026-06-24,3
5010,601,81,2025-11-07,5
5011,1757,95,2025-11-03,3
5012,929,53,2025-10-24,2
5013,1069,26,2026-08-15,5
5014,1315,53,2026-05-11,2
5015,1495,48,2025-10-22,2
5016,574,35,2026-08-19,1
5017,903,57,2026-06-07,5
5018,801,21,2026-02-18,1
5019,1814,18,2026-05-14,4
5020,1376,17,2026-04-25,5
5021,706,3,2025-12-06,5
5022,1528,63,2025-11-13,4
5023,1891,7,2026-04-11,2
5024,1433,78,2026-07-13,1
5025,47,51,2026-02-08,5
5026,1093,34,2026-09-07,1
5027,407,26,2026-01-04,4
5028,183,17,2026-01-23,3
5029,1465,22,2026-03-29,2
5030,1876,52,2026-03-22,1
5031,1116,11,2026-05-24,4
5032,420,22,2025-10-02,1
5033,1235,21,2025-11-06,1
5034,231,29,2026-04-09,4
5035,1690,66,2026-01-26,3
5036,958,64,2025-12-03,5
5037,2000,45,2026-07-17,4
5038,390,28,2025-11-28,4
5039,1826,86,2025-11-04,5
5040,629,34,2026-02-25,5
5041,1487,22,2025-10-22,5
5042,98,19,2026-03-11,4
5043,1046,6,2026-02-24,1
5044,565,37,2026-05-05,1
5045,926,27,2026-01-26,3
5046,816,61,2025-11-18,5
5047,1900,19,2025-11-21,4
5048,1367,66,2026-06-09,2
5049,154,2,2025-12-31,2
5050,189,63,2026-08-20,5
5051,1695,24,2026-06-28,1
5052,397,34,2026-08-14,5
5053,352,74,2026-04-29,5
5054,1505,63,2026-03-20,5
5055,479,98,2026-05-09,4
5056,1792,70,2026-01-23,2
5057,1737,66,2025-11-24,2
5058,1396,41,2026-07-02,4
5059,694,30,2025-10-11,5
5060,1966,95,2026-05-15,1
5061,1609,90,2026-06-06,5
5062,1473,82,2026-07-02,4
5063,1395,16,2026-04-21,4
5064,1434,8,2026-05-29,4
5065,484,52,2026-06-08,5
5066,1762,2,2025-12-11,3
5067,771,70,2025-09-28,2
5068,1350,22,2025-11-09,2
5069,1289,45,2026-01-19,3
5070,327,12,2026-09-07,4
5071,1789,85,2026-09-09,3
5072,1592,43,2025-10-04,5
5073,1920,14,2026-05-14,3
5074,1167,20,2026-04-22,1
5075,1334,99,2026-06-21,2
5076,1169,18,2025-11-03,3
5077,815,59,2026-07-14,5
5078,1142,76,2025-10-17,5
5079,550,31,2026-09-11,4
5080,1248,70,2026-08-12,3
5081,1778,3,2026-07-03,2
5082,1828,5,2025-11-30,3
5083,1949,78,2025-10-14,2
5084,1724,70,2026-09-01,4
5085,1468,89,2026-07-30,3
5086,1985,38,2026-06-13,2
5087,1808,78,2026-02-26,3
5088,1049,71,2026-08-05,1
5089,173,37,2026-08-24,3
5090,1283,70,2026-05-16,5
5091,1972,97,2026-05-19,1
5092,1342,57,2026-09-17,1
5093,1892,23,2026-03-28,2
5094,823,58,2026-07-02,4
5095,402,70,2026-05-29,2
5096,1913,79,2025-10-10,4
5097,780,100,2026-02-14,1
5098,131,93,2026-08-07,4
5099,1251,69,2026-06-07,4
5100,1110,20,2026-04-11,5
5101,1875,56,2026-07-18,5
5102,1472,20,2026-06-08,2
5103,1058,74,2026-03-09,2
5104,1536,5,2026-06-06,5
5105,1396,68,2026-03-08,1
5106,1318,24,2026-04-19,2
5107,107,90,2026-04-03,3
5108,1359,47,2025-10-12,4
5109,1491,80,2026-04-10,3
5110,936,73,2026-09-13,1
5111,1379,16,2025-10-12,2
5112,1843,70,2026-02-17,2
5113,1746,48,2026-03-21,3
5114,374,68,2026-02-02,4
5115,1216,51,2026-05-20,2
5116,723,79,2025-12-07,3
5117,1308,32,2025-12-31,2
5118,1091,95,2026-09-11,5
5119,1617,51,2026-02-11,2
5120,1119,74,2026-01-04,1
5121,830,22,2026-03-20,3
5122,1402,88,2025-11-06,3
5123,1092,98,2025-12-31,3
5124,365,44,2026-06-01,4
5125,1984,74,2025-12-21,2
5126,1938,76,2026-04-21,2
5127,456,44,2026-09-17,5
5128,1601,88,2026-08-04,3
5129,458,65,2025-11-18,1
5130,1456,51,2026-07-10,3
5131,53,83,2026-04-02,4
5132,539,50,2026-06-19,5
5133,33,79,2026-03-12,3
5134,1584,88,2026-06-03,3
5135,460,1,2026-02-07,2
5136,1287,80,2026-03-02,1
5137,1831,66,2026-09-07,5
5138,1898,15,2025-11-04,4
5139,992,22,2026-07-30,1
5140,1069,91,2026-01-06,3
5141,484,35,2026-07-21,1
5142,1718,47,2025-11-10,2
5143,630,12,2026-04-16,3
5144,930,14,2026-02-24,3
5145,415,14,2026-03-13,2
5146,750,80,2025-12-24,2
5147,975,94,2026-04-29,5
5148,488,55,2025-11-15,4
5149,94,3,2026-03-08,5
5150,1952,20,2026-02-10,1
5151,1947,99,2026-02-19,1
5152,1590,46,2025-10-15,2
5153,785,79,2026-05-18,5
5154,1426,76,2025-11-28,5
5155,1150,8,2026-05-27,5
5156,1552,62,2025-12-03,1
5157,740,17,2026-02-13,2
5158,1079,72,2026-06-17,3
5159,334,18,2026-04-20,3
5160,1658,100,2026-07-09,4
5161,120,42,2026-04-28,5
5162,851,97,2026-06-13,4
5163,906,36,2026-06-29,3
5164,284,64,2025-12-21,3
5165,691,95,2026-06-15,3
5166,1295,44,2026-07-01,5
5167,1976,47,2026-05-01,3
5168,1724,79,2026-09-26,3
5169,1029,17,2025-12-27,3
5170,1865,16,2026-08-07,1
5171,877,43,2026-09-16,1
5172,1910,1,2025-12-05,1
5173,320,40,2025-10-18,3
5174,471,76,2026-08-20,2
5175,1963,31,2025-11-03,2
5176,1797,15,2026-08-22,3
5177,142,27,2026-03-08,1
5178,697,62,2026-03-11,1
5179,418,82,2026-06-21,4
5180,1512,24,2026-07-08,1
5181,622,37,2026-02-19,5
5182,1264,50,2026-06-22,4
5183,1270,92,2026-07-24,4
5184,1024,89,2025-12-09,2
5185,920,82,2026-05-01,4
5186,1318,53,2026-02-23,2
5187,266,47,2025-09-30,5
5188,344,48,2026-09-22,3
5189,1945,9,2026-01-12,5
5190,1650,23,2026-01-16,5
5191,1510,18,2025-11-20,2
5192,259,26,2025-10-29,5
5193,1800,83,2025-12-09,1
5194,625,80,2026-08-13,1
5195,773,95,2025-10-27,1
5196,1065,32,2025-11-12,4
5197,1003,21,2026-02-08,2
5198,949,45,2026-07-07,1
5199,339,99,2026-06-26,4
5200,1063,91,2026-04-21,1
5201,934,23,2026-09-02,2
5202,984,60,2026-03-25,3
5203,1530,47,2026-02-07,5
5204,545,62,2026-08-14,2
5205,317,74,2026-04-09,1
5206,292,80,2026-03-12,1
5207,1673,100,2026-06-15,4
5208,1843,85,2026-04-10,5
5209,1495,14,2026-01-28,4
5210,1126,24,2025-10-24,4
5211,1322,61,2025-11-27,2
5212,937,88,2025-10-29,2
5213,908,92,2026-01-06,2
5214,1343,75,2026-07-13,2
5215,668,24,2025-10-11,2
5216,1181,73,2025-12-15,5
5217,1518,53,2026-01-14,2
5218,1501,55,2025-11-17,3
5219,1749,75,2026-08-29,1
5220,621,31,2026-08-20,5
5221,295,31,2026-07-05,2
5222,1338,47,2026-03-12,2
5223,1753,70,2026-07-19,2
5224,1139,40,2026-03-09,3
5225,251,63,2026-04-28,4
5226,449,21,2026-06-06,4
5227,507,3,2026-02-22,5
5228,535,33,2026-03-16,5
5229,1252,92,2026-06-09,1
5230,1830,58,2025-12-28,5
5231,899,1,2026-07-22,2
5232,358,57,2026-07-16,1
5233,114,43,2025-12-18,2
5234,1846,77,2026-09-03,4
5235,1866,64,2026-06-23,1
5236,1005,91,2026-01-14,3
5237,1187,72,2025-12-06,5
5238,268,20,2026-01-29,1
5239,1542,13,2026-09-07,2
5240,814,94,2026-04-01,1
5241,386,23,2026-07-04,1
5242,544,98,2025-10-19,5
5243,1243,88,2026-06-04,4
5244,1032,65,2026-06-19,5
5245,716,88,2026-05-09,2
5246,1516,93,2026-09-16,3
5247,1054,46,2026-09-03,2
5248,1306,69,2026-01-26,4
5249,1636,97,2025-10-28,1
5250,36,36,2026-01-08,3
5251,1890,50,2026-01-25,1
5252,1752,74,2026-07-17,3
5253,943,9,2025-11-22,3
5254,1954,27,2025-12-19,5
5255,47,100,2025-11-13,2
5256,1183,22,2026-08-22,5
5257,1360,4,2026-03-24,1
5258,408,62,2026-03-01,3
5259,1778,95,2026-08-27,5
5260,117,79,2026-01-03,2
5261,1181,54,2025-09-29,4
5262,431,88,2025-11-08,5
5263,191,78,2026-06-09,1
5264,815,7,2025-12-10,2
5265,237,27,2025-12-13,2
5266,1776,88,2025-11-26,4
5267,956,97,2026-04-24,2
5268,236,78,2025-10-24,1
5269,231,49,2025-11-25,4
5270,266,24,2025-11-19,1
5271,1265,93,2025-11-27,1
5272,279,93,2026-05-13,3
5273,1521,68,2026-08-31,4
5274,406,80,2026-02-01,2
5275,602,74,2025-10-15,2
5276,779,44,2026-05-05,2
5277,28,85,2026-06-28,2
5278,1333,86,2026-05-18,3
5279,213,20,2026-06-20,3
5280,206,12,2025-12-26,3
5281,1618,72,2025-10-08,4
5282,1075,18,2026-08-13,3
5283,1181,86,2025-10-01,3
5284,308,77,2025-12-04,3
5285,264,3,2026-04-07,5
5286,1435,47,2026-01-04,3
5287,1720,9,2026-04-09,1
5288,1466,86,2026-01-14,5
5289,708,17,2026-07-29,5
5290,1687,3,2026-06-08,1
5291,1985,59,2026-01-22,1
5292,565,25,2025-12-08,4
5293,1126,42,2026-03-29,5
5294,794,40,2026-04-02,2
5295,1734,4,2026-01-13,3
5296,1819,96,2025-11-04,2
5297,289,62,2025-10-10,1
5298,253,47,2026-05-01,5
5299,982,30,2025-12-18,5
5300,570,8,2026-06-07,2
5301,1269,8,2026-07-30,4
5302,884,55,2025-11-09,5
5303,845,30,2025-10-08,2
5304,1762,37,2025-11-30,5
5305,1936,14,2026-08-25,3
5306,535,21,2026-03-09,1
5307,1437,91,2026-01-18,3
5308,512,8,2025-10-13,1
5309,1262,47,2025-10-05,4
5310,1156,99,2026-06-08,4
5311,867,40,2026-04-03,5
5312,760,57,2025-10-30,5
5313,1595,45,2026-09-08,3
5314,871,23,2026-02-19,2
5315,983,14,2026-02-02,2
5316,946,56,2026-02-02,1
5317,91,72,2025-11-22,1
5318,1633,66,2025-11-26,1
5319,425,4,2025-10-16,4
5320,471,13,2026-07-07,4
5321,566,98,2026-04-19,1
5322,332,55,2026-06-04,5
5323,1115,2,2025-10-18,5
5324,1664,94,2025-11-15,3
5325,220,19,2026-05-14,5
5326,1779,93,2025-10-12,1
5327,1443,8,2026-03-21,4
5328,401,66,2025-11-09,1
5329,928,14,2026-04-24,2
5330,947,92,2025-10-24,2
5331,164,7,2026-03-16,3
5332,1987,68,2026-03-30,3
5333,615,26,2026-06-05,4
5334,234,91,2025-12-25,2
5335,36,73,2025-10-09,4
5336,715,69,2025-12-29,5
5337,728,58,2026-09-08,4
5338,880,77,2026-09-22,3
5339,61,27,2026-06-08,1
5340,12,43,2026-07-11,2
5341,1646,100,2026-09-05,2
5342,825,21,2026-08-03,4
5343,1717,56,2026-02-04,4
5344,1686,20,2026-05-08,1
5345,1199,9,2026-03-26,5
5346,1702,18,2026-01-28,4
5347,66,8,2025-10-06,3
5348,850,55,2026-04-21,1
5349,1977,43,2026-03-05,5
5350,1547,9,2025-10-09,1
5351,916,76,2025-10-22,4
5352,958,16,2026-09-03,3
5353,41,96,2025-10-16,3
5354,484,70,2026-07-23,5
5355,1681,92,2025-10-31,5
5356,1758,91,2026-09-20,3
5357,7,41,2026-07-17,2
5358,1450,9,2026-09-03,3
5359,87,33,2025-12-24,5
5360,1028,5,2026-08-04,5
5361,1325,77,2026-02-26,4
5362,1605,78,2026-04-17,5
5363,1309,29,2026-06-06,1
5364,949,76,2026-01-06,4
5365,247,54,2026-09-12,4
5366,1140,96,2026-08-01,3
5367,842,49,2025-11-18,1
5368,443,63,2025-12-12,3
5369,994,62,2025-10-22,5
5370,509,30,2026-02-10,2
5371,895,24,2026-03-11,2
5372,1981,66,2026-09-14,5
5373,593,75,2026-07-28,5
5374,1251,58,2025-11-24,1
5375,1458,34,2025-10-31,2
5376,1737,85,2026-05-05,2
5377,439,60,2025-10-10,1
5378,944,70,2026-06-17,2
5379,183,53,2025-11-20,1
5380,1354,86,2025-12-17,1
5381,1646,85,2026-08-15,3
5382,1741,70,2025-11-14,1
5383,757,88,2026-01-25,5
5384,1051,77,2026-07-16,5
5385,919,19,2026-07-23,1
5386,1999,57,2025-11-08,1
5387,1032,81,2026-06-29,5
5388,1901,85,2026-02-22,5
5389,1670,10,2025-10-12,5
5390,1832,34,2026-04-19,3
5391,284,21,2026-06-27,1
5392,1940,46,2026-05-16,5
5393,1511,30,2026-06-16,5
5394,1992,65,2026-05-10,3
5395,1910,2,2026-05-09,5
5396,127,4,2025-12-24,3
5397,96,54,2026-06-30,4
5398,970,86,2026-03-09,1
5399,1725,25,2025-12-28,4
5400,175,39,2026-07-12,5
5401,188,98,2026-04-21,1
5402,1047,64,2025-12-16,5
5403,1621,22,2026-02-12,5
5404,868,72,2026-09-05,5
5405,949,93,2025-12-13,4
5406,1932,86,2026-07-20,4
5407,1302,7,2026-09-02,3
5408,1206,46,2025-10-19,2
5409,530,12,2025-11-26,5
5410,231,46,2026-05-01,4
5411,1013,71,2025-10-19,2
5412,999,37,2025-12-26,5
5413,460,43,2026-07-09,4
5414,220,100,2026-03-27,4
5415,1635,85,2026-07-21,4
5416,600,82,2025-12-29,1
5417,1897,54,2026-08-02,3
5418,771,50,2026-08-05,5
5419,1476,34,2026-02-01,5
5420,53,35,2026-05-04,4
5421,640,20,2026-06-15,1
5422,24,20,2026-05-12,5
5423,210,50,2026-03-19,2
5424,1912,46,2025-12-17,5
5425,1691,81,2026-01-29,4
5426,1112,70,2026-02-14,2
5427,1030,74,2025-09-27,2
5428,1095,52,2026-02-10,5
5429,1028,30,2026-09-18,5
5430,1803,56,2025-10-18,2
5431,810,62,2026-02-06,2
5432,912,78,2026-06-23,5
5433,871,3,2025-10-31,5
5434,183,39,2025-10-29,1
5435,1700,15,2026-01-14,5
5436,733,85,2026-02-01,5
5437,1669,21,2026-08-20,2
5438,222,30,2026-04-23,2
5439,1474,53,2026-05-28,1
5440,383,32,2026-03-20,1
5441,658,72,2026-02-04,5
5442,821,43,2025-11-14,1
5443,738,36,2025-12-20,3
5444,297,34,2026-06-07,1
5445,200,55,2026-08-08,3
5446,65,25,2026-08-25,3
5447,58,73,2026-02-14,4
5448,1731,9,2026-04-20,4
5449,1837,96,2026-06-01,1
5450,260,90,2026-06-18,3
5451,1103,74,2026-07-28,5
5452,86,70,2026-08-15,5
5453,1775,52,2025-09-28,4
5454,298,13,2026-07-06,3
5455,907,35,2025-11-06,4
5456,1737,14,2026-06-18,2
5457,1275,24,2026-03-13,4
5458,772,34,2026-08-13,5
5459,1263,85,2026-05-01,5
5460,1649,32,2026-08-09,5
5461,1427,80,2026-04-17,5
5462,639,65,2026-05-10,4
5463,640,89,2026-07-14,1
5464,697,76,2026-03-13,3
5465,1646,85,2026-03-06,1
5466,255,79,2025-11-22,2
5467,1392,24,2026-07-30,1
5468,1600,62,2026-09-13,3
5469,1428,49,2026-01-31,1
5470,233,10,2026-03-25,4
5471,866,88,2025-11-06,1
5472,1706,77,2026-01-21,5
5473,1654,51,2026-07-08,2
5474,644,32,2026-04-30,4
5475,1327,17,2026-09-25,1
5476,1187,34,2026-06-17,3
5477,1228,8,2026-04-05,4
5478,16,7,2026-06-02,1
5479,1344,84,2026-07-28,5
5480,1653,18,2026-02-28,3
5481,1990,75,2026-06-25,3
5482,97,38,2025-12-27,4
5483,1398,36,2026-04-07,5
5484,891,56,2026-08-07,4
5485,103,42,2026-04-25,4
5486,332,2,2026-02-08,3
5487,868,47,2026-03-07,4
5488,697,69,2026-05-11,1
5489,923,40,2026-07-16,3
5490,394,65,2026-01-18,5
5491,871,17,2025-10-11,2
5492,529,52,2026-04-04,4
5493,1750,82,2025-12-02,2
5494,690,90,2026-04-29,3
5495,223,51,2025-10-24,3
5496,1246,45,2026-08-02,2
5497,19,89,2025-10-24,4
5498,1753,24,2025-12-18,1
5499,312,38,2025-12-25,2
5500,877,62,2026-05-16,4
5501,822,18,2026-03-05,3
5502,138,50,2026-08-06,1
5503,162,23,2025-11-19,3
5504,205,12,2026-09-25,3
5505,1670,33,2026-06-11,5
5506,1310,50,2026-06-18,1
5507,1558,69,2025-09-30,1
5508,972,76,2025-11-21,5
5509,986,92,2026-04-17,4
5510,262,26,2026-07-10,1
5511,1184,77,2025-12-24,3
5512,1907,2,2026-05-12,3
5513,277,92,2026-05-13,100
5514,1747,22,2026-02-08,4
5515,302,94,2025-11-04,1
5516,110,27,2025-12-20,5
5517,469,95,2026-02-02,4
5518,467,56,2026-03-21,3
5519,1206,94,2026-09-18,4
5520,99,60,2026-06-26,5
5521,1995,82,2026-03-25,2
5522,543,66,2026-04-03,2
5523,262,16,2026-03-04,5
5524,1539,30,2026-09-17,5
5525,1800,33,2026-03-12,3
5526,97,5,2026-02-11,4
5527,626,84,2026-02-04,3
5528,1336,60,2026-02-20,3
5529,1782,26,2025-12-10,1
5530,287,25,2025-11-23,2
5531,585,99,2026-05-14,5
5532,1568,95,2026-08-07,4
5533,1926,80,2026-09-11,1
5534,898,100,2026-05-15,4
5535,498,86,2026-01-10,3
5536,1314,87,2026-08-23,2
5537,348,4,2026-06-04,2
5538,1104,49,2026-07-08,2
5539,1839,61,2025-11-03,3
5540,1342,70,2025-10-03,1
5541,1243,50,2025-10-31,2
5542,523,43,2025-10-18,2
5543,792,78,2025-10-13,2
5544,1473,70,2026-03-12,5
5545,547,80,2025-12-10,2
5546,1737,30,2026-03-15,3
5547,74,90,2025-10-03,1
5548,142,92,2026-06-17,4
5549,972,65,2026-05-10,3
5550,1854,9,2026-06-17,4
5551,353,36,2026-03-22,3
5552,1878,86,2026-02-04,3
5553,537,55,2026-02-07,1
5554,431,69,2026-06-26,3
5555,136,61,2026-09-14,5
5556,446,58,2026-08-10,5
5557,32,83,2025-11-20,3
5558,1319,77,2026-01-28,1
5559,1100,59,2025-12-11,5
5560,1354,33,2026-06-16,5
5561,1647,80,2026-04-12,5
5562,872,76,2026-07-20,5
5563,1591,20,2026-06-17,5
5564,627,41,2025-10-28,4
5565,1440,18,2026-07-20,4
5566,562,58,2025-11-19,2
5567,772,30,2026-02-03,1
5568,1766,94,2025-11-11,5
5569,1532,49,2026-06-30,3
5570,549,17,2025-12-25,2
5571,1329,29,2026-07-09,5
5572,334,67,2026-05-15,2
5573,1164,14,2026-01-26,2
5574,1324,85,2025-11-23,5
5575,62,51,2026-06-09,2
5576,431,23,2026-07-14,5
5577,1893,7,2026-06-17,5
5578,1893,28,2026-07-09,2
5579,249,6,2025-12-10,1
5580,380,30,2025-10-04,2
5581,34,9,2025-09-28,5
5582,945,56,2026-04-12,4
5583,93,4,2025-11-24,5
5584,1223,86,2026-08-16,5
5585,985,92,2026-09-08,4
5586,23,71,2025-11-28,1
5587,388,48,2026-02-25,4
5588,592,8,2025-11-13,2
5589,593,41,2026-07-07,2
5590,1933,11,2026-08-21,5
5591,1547,7,2026-06-15,4
5592,863,97,2026-02-15,5
5593,284,25,2026-08-21,3
5594,837,76,2026-03-04,3
5595,1619,13,2026-09-08,1
5596,407,94,2025-09-28,1
5597,1711,97,2026-05-19,4
5598,8,48,2025-12-29,3
5599,1951,96,2026-03-14,5
5600,897,10,2026-04-09,3
5601,1850,89,2025-10-07,1
5602,887,86,2026-05-08,4
5603,551,12,2026-05-01,1
5604,1854,83,2025-10-03,4
5605,613,12,2026-04-04,1
5606,1722,29,2026-09-22,3
5607,1655,58,2025-09-27,5
5608,206,52,2026-03-11,5
5609,551,99,2026-07-26,5
5610,86,67,2026-05-25,5
5611,753,99,2025-10-04,5
5612,881,54,2026-01-04,5
5613,603,71,2026-01-08,2
5614,1095,93,2026-04-08,5
5615,1274,52,2026-07-13,2
5616,1243,59,2026-04-13,1
5617,480,70,2026-06-24,4
5618,1138,67,2026-07-09,5
5619,968,68,2025-11-26,4
5620,149,47,2026-08-07,1
5621,1645,76,2026-04-04,4
5622,744,59,2025-12-28,1
5623,931,49,2026-07-15,1
5624,1218,31,2026-09-16,2
5625,1932,12,2025-10-08,2
5626,1805,90,2026-05-05,3
5627,1740,81,2026-05-17,5
5628,1145,24,2026-07-19,4
5629,620,11,2025-10-04,5
5630,1559,74,2025-09-29,3
5631,1927,10,2025-12-07,4
5632,688,66,2026-03-30,3
5633,944,63,2025-11-26,4
5634,1447,12,2026-02-22,2
5635,608,50,2026-06-03,5
5636,1606,10,2025-12-30,1
5637,1379,83,2026-07-01,5
5638,575,12,2025-12-10,5
5639,1213,52,2026-09-26,2
5640,546,23,2026-05-08,2
5641,1236,62,2025-12-08,3
5642,1204,10,2026-06-16,4
5643,1662,91,2025-10-24,3
5644,546,17,2026-04-02,1
5645,710,88,2026-07-07,3
5646,996,6,2026-04-05,3
5647,1597,65,2026-05-07,2
5648,1731,74,2025-09-28,2
5649,1730,47,2025-11-30,4
5650,1455,74,2025-09-27,1
5651,130,81,2025-10-22,4
5652,1896,91,2026-01-17,3
5653,564,7,2026-04-24,4
5654,433,18,2025-12-23,3
5655,364,65,2026-05-25,2
5656,1252,42,2026-07-10,3
5657,120,12,2025-09-29,4
5658,1336,67,2026-06-20,2
5659,1411,34,2025-12-18,4
5660,185,18,2026-01-28,4
5661,798,70,2025-11-03,3
5662,987,9,2025-09-30,1
5663,1932,72,2026-03-25,1
5664,238,74,2025-11-12,3
5665,1251,23,2025-09-27,4
5666,1672,85,2025-11-21,1
5667,381,55,2026-03-07,1
5668,1524,47,2025-10-19,2
5669,110,73,2026-05-10,2
5670,90,5,2026-01-07,4
5671,1659,56,2025-11-02,5
5672,1394,2,2026-03-06,1
5673,526,90,2026-06-01,1
5674,1176,40,2026-06-12,5
5675,671,90,2026-09-26,3
5676,1661,83,2026-01-21,2
5677,1069,60,2026-07-14,4
5678,1138,74,2026-07-27,2
5679,706,17,2026-04-26,5
5680,572,61,2026-02-05,1
5681,1713,94,2026-04-26,1
5682,1625,93,2026-08-12,5
5683,972,26,2025-12-08,3
5684,170,28,2026-06-29,1
5685,529,43,2025-10-15,1
5686,721,100,2025-12-14,5
5687,1251,52,2026-09-01,2
5688,376,9,2026-09-12,4
5689,437,94,2026-02-25,3
5690,525,68,2026-05-09,2
5691,1785,20,2026-03-18,4
5692,124,52,2026-06-25,3
5693,892,5,2026-07-03,4
5694,397,76,2026-05-14,5
5695,1470,33,2026-01-17,3
5696,1031,25,2026-07-01,5
5697,1982,23,2026-03-01,3
5698,784,81,2026-01-21,3
5699,1874,18,2026-04-22,5
5700,678,43,2025-10-21,1
5701,1672,57,2026-05-13,3
5702,103,51,2026-09-22,3
5703,1270,43,2026-05-14,3
5704,746,51,2025-11-06,2
5705,1157,24,2026-01-10,1
5706,70,70,2026-07-28,3
5707,220,6,2026-03-12,4
5708,1434,40,2026-08-15,1
5709,1229,14,2026-09-03,2
5710,1948,11,2025-11-17,1
5711,1596,65,2026-05-21,4
5712,1231,88,2025-11-14,1
5713,673,38,2025-12-08,4
5714,797,7,2026-09-11,2
5715,1299,4,2025-12-22,4
5716,760,30,2026-08-10,3
5717,1431,11,2026-02-11,2
5718,1829,11,2025-09-27,2
5719,897,41,2025-12-29,5
5720,1786,8,2026-03-28,1
5721,1762,54,2025-12-16,1
5722,655,15,2025-11-06,3
5723,1768,93,2026-01-14,2
5724,1980,84,2026-03-23,5
5725,902,82,2026-02-06,5
5726,66,57,2026-03-19,3
5727,1958,64,2025-10-19,1
5728,1443,25,2026-05-11,2
5729,1219,71,2026-05-22,1
5730,1451,96,2026-03-27,5
5731,750,83,2026-09-07,1
5732,1365,97,2026-01-23,1
5733,20,51,2025-10-21,3
5734,1274,28,2026-09-08,3
5735,417,89,2025-10-03,5
5736,7,36,2025-11-26,3
5737,1921,5,2025-11-30,2
5738,94,65,2026-05-04,5
5739,1992,98,2026-09-19,3
5740,148,70,2025-10-29,3
5741,1257,13,2026-08-13,2
5742,690,79,2026-08-27,5
5743,1966,70,2025-12-25,3
5744,1557,97,2026-03-23,2
5745,1405,73,2026-04-06,3
5746,94,47,2025-12-11,4
5747,69,8,2025-11-02,4
5748,1167,74,2026-06-03,1
5749,40,51,2026-08-22,5
5750,1932,71,2026-05-04,1
5751,1120,50,2025-11-03,4
5752,539,6,2026-05-29,2
5753,1026,35,2026-05-30,2
5754,1357,25,2026-01-16,5
5755,629,75,2026-02-21,3
5756,43,1,2026-01-20,4
5757,939,49,2026-06-05,2
5758,672,2,2026-03-17,2
5759,1297,45,2025-12-18,1
5760,1011,28,2025-11-03,4
5761,523,17,2026-03-06,4
5762,586,14,2025-12-30,4
5763,522,24,2026-06-29,5
5764,1286,24,2025-10-28,5
5765,1596,20,2026-09-21,2
5766,631,43,2026-01-18,1
5767,32,95,2025-11-01,1
5768,82,83,2026-07-16,4
5769,96,46,2026-09-08,2
5770,1305,98,2025-09-29,5
5771,1871,53,2026-07-08,5
5772,498,2,2026-02-03,2
5773,182,50,2025-11-25,4
5774,451,18,2026-05-12,5
5775,577,87,2025-09-30,3
5776,685,97,2026-05-18,5
5777,1618,70,2026-07-08,4
5778,1756,73,2026-03-11,2
5779,351,76,2025-11-10,5
5780,639,22,2026-05-01,4
5781,473,31,2025-10-20,4
5782,1647,23,2026-09-05,1
5783,290,59,2026-09-17,3
5784,1067,24,2026-03-27,1
5785,947,60,2026-02-04,1
5786,1221,17,2026-09-17,1
5787,235,12,2026-05-12,3
5788,463,92,2025-12-18,5
5789,371,25,2025-09-30,4
5790,1961,22,2026-09-20,1
5791,1629,78,2026-08-24,2
5792,723,68,2025-10-31,1
5793,1174,63,2026-06-21,1
5794,750,73,2026-09-13,1
5795,218,99,2026-05-07,1
5796,895,28,2026-06-11,5
5797,681,71,2026-04-05,5
5798,1496,76,2025-11-07,3
5799,1536,60,2026-07-15,4
5800,1442,89,2025-12-21,1
5801,1139,67,2026-04-10,1
5802,104,97,2026-09-24,3
5803,981,69,2026-01-26,5
5804,138,71,2026-01-15,4
5805,1931,20,2026-08-04,5
5806,983,23,2026-07-21,5
5807,680,40,2026-02-15,1
5808,197,66,2026-08-29,2
5809,1480,97,2025-12-22,4
5810,3,7,2025-12-19,2
5811,438,79,2026-07-06,3
5812,262,81,2026-06-28,2
5813,1357,20,2025-12-05,1
5814,182,36,2026-02-03,3
5815,571,84,2026-06-03,2
5816,1894,96,2025-12-03,5
5817,136,54,2025-11-22,3
5818,1234,91,2026-07-19,2
5819,21,87,2026-09-20,2
5820,1505,2,2026-08-14,2
5821,1299,27,2025-10-15,1
5822,1920,92,2026-02-15,2
5823,1746,17,2026-01-17,2
5824,1020,46,2026-05-09,2
5825,1794,14,2026-09-18,2
5826,1471,25,2026-04-05,1
5827,1031,12,2025-12-02,4
5828,1816,7,2026-03-17,4
5829,811,26,2026-02-03,1
5830,1690,8,2026-09-11,3
5831,473,57,2026-07-28,4
5832,729,51,2026-05-20,5
5833,1252,69,2025-11-15,2
5834,1573,10,2025-12-03,1
5835,332,77,2026-08-26,1
5836,1399,88,2026-04-27,1
5837,612,49,2026-05-25,5
5838,1763,21,2025-10-17,5
5839,447,16,2026-06-25,1
5840,508,95,2026-02-08,5
5841,137,80,2026-02-15,4
5842,333,20,2026-04-15,5
5843,1642,26,2025-11-07,1
5844,998,2,2026-04-29,5
5845,752,52,2025-10-25,5
5846,1985,54,2026-04-03,4
5847,1954,97,2026-05-20,1
5848,479,90,2026-04-11,4
5849,173,74,2025-12-14,5
5850,742,47,2026-04-16,1
5851,1191,37,2026-03-01,3
5852,1344,5,2026-02-27,4
5853,802,26,2026-05-05,3
5854,1578,25,2026-08-02,2
5855,854,45,2026-07-14,1
5856,1326,78,2026-02-28,4
5857,930,25,2025-12-21,2
5858,790,18,2025-12-22,4
5859,182,38,2025-11-26,2
5860,444,53,2026-02-04,2
5861,1927,84,2026-03-21,5
5862,657,35,2026-09-18,2
5863,1391,66,2025-11-17,5
5864,1816,6,2026-08-18,5
5865,1944,77,2026-06-06,5
5866,1516,80,2025-11-16,4
5867,1310,31,2025-12-11,3
5868,174,85,2026-09-26,5
5869,1399,49,2026-07-16,3
5870,412,72,2026-01-17,3
5871,1818,18,2026-01-27,3
5872,1995,24,2026-05-20,3
5873,118,47,2026-09-03,5
5874,461,32,2026-01-25,3
5875,1945,5,2026-01-08,2
5876,162,91,2025-11-05,3
5877,1084,64,2026-09-04,4
5878,766,93,2025-10-11,3
5879,1769,60,2026-04-04,4
5880,1155,87,2026-09-15,3
5881,678,59,2026-06-09,4
5882,1459,93,2026-07-24,3
5883,688,26,2026-08-18,3
5884,895,48,2026-01-27,5
5885,1756,35,2026-05-26,4
5886,1908,94,2026-04-12,5
5887,783,9,2026-06-11,4
5888,1856,36,2026-01-11,2
5889,363,44,2025-11-06,3
5890,46,69,2026-04-04,1
5891,681,80,2026-07-17,3
5892,180,44,2026-06-14,2
5893,1221,19,2026-04-19,3
5894,1180,49,2026-04-05,4
5895,1730,58,2026-02-28,2
5896,1748,31,2025-11-23,1
5897,1782,36,2026-05-17,2
5898,754,100,2026-01-27,5
5899,545,24,2025-11-26,4
5900,1912,37,2025-11-28,1
5901,1954,34,2026-09-03,5
5902,401,32,2026-07-22,2
5903,1673,15,2026-04-27,3
5904,1815,40,2026-03-08,2
5905,928,73,2025-10-25,4
5906,1348,99,2026-01-17,4
5907,214,88,2026-01-20,1
5908,1094,83,2025-10-12,1
5909,1926,68,2026-06-07,3
5910,291,16,2025-12-21,1
5911,1495,71,2026-04-03,4
5912,1877,72,2025-11-13,3
5913,321,27,2026-03-08,3
5914,573,95,2026-08-29,2
5915,1822,65,2026-05-06,4
5916,547,88,2026-02-06,4
5917,231,64,2025-10-21,2
5918,1977,21,2026-08-22,1
5919,1084,53,2026-09-16,3
5920,456,57,2025-12-11,4
5921,271,74,2026-05-16,4
5922,1397,42,2026-04-19,4
5923,400,60,2026-01-01,1
5924,571,8,2025-11-23,1
5925,1435,46,2026-08-15,2
5926,1910,69,2026-05-09,1
5927,1900,48,2025-10-09,3
5928,1064,85,2026-08-25,1
5929,52,20,2025-10-15,4
5930,365,94,2026-09-11,2
5931,634,24,2025-10-30,3
5932,1357,25,2026-05-22,1
5933,55,78,2026-05-02,3
5934,1982,74,2026-01-21,1
5935,1563,51,2026-01-16,5
5936,1422,12,2026-08-14,4
5937,1861,5,2025-12-20,2
5938,406,49,2025-11-28,5
5939,719,91,2026-03-23,2
5940,1589,51,2026-06-19,2
5941,1231,83,2025-10-10,2
5942,1488,81,2026-07-18,4
5943,705,17,2026-01-31,3
5944,722,85,2026-08-08,2
5945,304,22,2026-01-25,2
5946,1420,99,2026-08-20,4
5947,1433,79,2026-01-21,2
5948,1236,78,2026-06-21,2
5949,589,47,2025-09-27,4
5950,1421,29,2026-09-15,3
5951,265,30,2026-01-20,4
5952,179,65,2026-05-03,3
5953,962,51,2025-10-14,1
5954,1129,59,2025-10-22,1
5955,384,50,2026-06-15,5
5956,1614,16,2026-06-08,5
5957,1700,26,2025-12-17,4
5958,203,2,2025-10-16,4
5959,320,51,2025-11-29,1
5960,1321,71,2026-03-27,2
5961,1389,72,2026-07-09,2
5962,184,64,2026-09-23,4
5963,1561,34,2026-09-24,5
5964,1597,52,2026-02-06,4
5965,665,57,2026-01-07,3
5966,298,27,2025-12-03,2
5967,313,19,2026-09-15,2
5968,1042,3,2026-09-26,1
5969,599,33,2026-08-04,2
5970,1148,86,2026-03-23,5
5971,1470,86,2025-12-14,2
5972,1504,46,2025-12-27,4
5973,773,24,2025-10-26,5
5974,433,48,2026-03-18,1
5975,497,82,2026-04-14,4
5976,137,83,2026-01-30,1
5977,114,35,2026-06-26,4
5978,1625,63,2026-09-12,3
5979,1696,31,2025-11-19,1
5980,1371,41,2026-06-02,2
5981,1946,40,2026-07-10,1
5982,1151,42,2026-08-27,2
5983,1820,85,2025-10-03,1
5984,1587,50,2026-01-17,2
5985,1354,8,2026-04-20,5
5986,1360,52,2026-02-20,2
5987,1697,93,2026-07-16,4
5988,749,50,2026-08-29,1
5989,1497,36,2026-03-06,4
5990,741,41,2025-10-20,3
5991,149,23,2026-07-15,1
5992,178,55,2026-04-03,3
5993,159,73,2025-11-02,3
5994,878,35,2026-03-14,1
5995,1912,86,2026-07-15,1
5996,1477,49,2026-07-19,5
5997,1211,42,2026-01-13,4
5998,1018,46,2026-07-04,2
5999,978,1,2025-10-27,2
6000,520,22,2025-10-06,4
6001,1366,2,2025-12-17,1
6002,1776,84,2026-08-11,4
6003,279,94,2025-11-15,1
6004,630,10,2025-12-12,2
6005,499,97,2026-07-16,4
6006,827,60,2026-08-10,5
6007,1326,59,2026-07-14,4
6008,1160,67,2025-10-15,4
6009,152,22,2026-01-15,4
6010,1830,62,2026-06-05,2
6011,1635,78,2025-11-06,2
6012,897,84,2025-12-03,4
6013,1566,4,2026-09-07,4
6014,1425,74,2026-03-19,5
6015,1274,61,2026-06-27,5
6016,722,31,2026-04-30,2
6017,1403,74,2026-08-16,3
6018,237,78,2026-01-08,1
6019,1577,49,2026-08-15,3
6020,386,4,2026-03-04,5
6021,1485,75,2026-09-06,3
6022,478,16,2025-12-29,2
6023,325,16,2025-10-20,5
6024,721,4,2025-11-01,3
6025,1654,49,2026-06-02,3
6026,1154,82,2026-02-18,4
6027,983,1,2026-02-19,1
6028,288,54,2025-09-27,5
6029,811,40,2026-05-22,3
6030,1363,98,2026-07-02,4
6031,822,39,2026-06-08,5
6032,1215,58,2026-05-14,3
6033,860,26,2025-11-11,4
6034,874,89,2026-03-23,1
6035,1757,43,2026-02-05,1
6036,833,32,2025-10-08,3
6037,1432,29,2026-03-07,4
6038,78,76,2026-01-06,4
6039,1158,55,2026-02-13,5
6040,1972,60,2025-12-31,4
6041,226,82,2025-11-06,5
6042,734,18,2026-08-25,5
6043,779,29,2026-09-18,3
6044,102,89,2026-01-10,3
6045,955,93,2026-07-27,1
6046,754,45,2025-12-27,1
6047,1084,21,2025-12-18,4
6048,1382,27,2026-04-26,4
6049,481,11,2026-02-27,3
6050,594,68,2026-08-07,5
6051,1722,73,2026-07-10,3
6052,806,45,2026-08-06,3
6053,1347,56,2026-04-26,2
6054,1992,43,2026-02-26,3
6055,1527,29,2026-02-23,3
6056,528,10,2026-09-25,3
6057,249,51,2026-08-06,5
6058,1207,32,2026-08-01,5
6059,1708,91,2026-01-29,3
6060,1185,58,2026-02-15,3
6061,1178,35,2026-01-20,4
6062,36,68,2026-02-09,5
6063,300,29,2025-12-23,1
6064,673,65,2026-07-27,4
6065,1240,93,2025-12-01,4
6066,1179,86,2026-01-16,5
6067,1579,67,2026-08-21,5
6068,205,32,2026-02-12,2
6069,1982,2,2025-11-19,5
6070,265,8,2026-05-13,2
6071,1763,62,2025-11-24,1
6072,670,39,2026-05-30,5
6073,395,37,2026-03-24,4
6074,690,61,2026-04-04,5
6075,1760,100,2025-12-03,2
6076,501,2,2025-10-16,1
6077,570,73,2026-02-28,4
6078,782,9,2026-03-01,2
6079,458,73,2026-08-05,1
6080,290,95,2025-10-11,3
6081,280,100,2025-11-20,1
6082,1503,60,2026-01-09,3
6083,1771,46,2026-04-16,5
6084,1219,51,2026-09-23,2
6085,1193,44,2026-03-15,4
6086,1138,56,2025-09-28,1
6087,1249,28,2026-07-17,1
6088,1446,47,2026-02-07,5
6089,388,34,2026-02-26,3
6090,795,29,2026-04-18,1
6091,457,70,2025-11-03,5
6092,99,27,2026-04-04,3
6093,391,53,2025-12-29,2
6094,1518,18,2026-09-05,1
6095,400,40,2026-02-01,4
6096,376,34,2026-02-23,4
6097,1344,14,2026-01-11,1
6098,476,85,2026-02-28,4
6099,852,65,2026-07-20,4
6100,1703,4,2026-06-30,1
6101,1621,84,2026-07-06,3
6102,1450,19,2026-09-25,5
6103,782,97,2026-02-17,5
6104,314,84,2025-10-22,1
6105,1358,63,2026-08-24,4
6106,132,60,2026-02-20,3
6107,77,39,2026-01-01,2
6108,120,20,2026-03-09,2
6109,1626,47,2026-06-28,1
6110,332,72,2025-12-19,5
6111,865,51,2026-02-17,3
6112,919,97,2025-12-28,3
6113,408,26,2025-12-17,2
6114,314,80,2026-06-20,2
6115,280,3,2025-10-01,2
6116,822,74,2026-03-15,1
6117,419,2,2026-01-15,2
6118,450,26,2025-10-08,3
6119,960,57,2026-04-24,1
6120,252,86,2026-09-16,4
6121,748,2,2026-05-18,4
6122,291,100,2026-05-03,4
6123,1250,45,2026-08-05,3
6124,1841,96,2026-02-01,1
6125,570,83,2025-12-24,3
6126,115,11,2026-01-12,2
6127,1505,75,2026-01-23,5
6128,1672,63,2026-02-06,2
6129,60,28,2026-01-25,3
6130,96,17,2025-12-03,5
6131,939,9,2026-02-25,5
6132,187,59,2025-10-05,2
6133,1356,17,2025-12-19,3
6134,1805,48,2025-10-23,1
6135,1668,93,2026-05-09,4
6136,1353,70,2026-02-06,4
6137,1704,61,2025-11-18,4
6138,1690,34,2026-03-10,4
6139,1275,77,2025-11-20,2
6140,103,50,2026-02-09,3
6141,1110,30,2026-08-20,5
6142,316,87,2026-05-10,4
6143,304,44,2026-08-15,5
6144,369,20,2025-10-29,3
6145,83,75,2026-07-30,3
6146,808,98,2026-04-12,5
6147,1460,33,2026-02-18,5
6148,1940,32,2025-12-11,4
6149,1285,25,2026-02-01,4
6150,1576,10,2026-07-17,2
6151,267,11,2025-11-17,1
6152,245,68,2025-10-21,4
6153,86,31,2026-06-16,3
6154,1133,54,2026-09-14,5
6155,1372,10,2025-10-22,4
6156,1768,63,2025-10-22,3
6157,74,81,2026-09-17,2
6158,310,46,2026-07-30,1
6159,1990,80,2026-07-24,5
6160,1423,46,2026-02-02,2
6161,652,95,2026-07-30,1
6162,209,23,2026-06-06,2
6163,1855,64,2025-12-08,4
6164,512,29,2026-02-04,5
6165,373,21,2026-05-17,1
6166,1756,38,2026-03-30,2
6167,232,49,2025-12-09,2
6168,1391,42,2026-04-07,3
6169,1801,83,2026-07-26,4
6170,1862,25,2026-01-03,1
6171,1106,26,2026-09-16,2
6172,603,39,2026-02-22,4
6173,625,65,2025-10-06,5
6174,1042,77,2026-06-09,5
6175,25,35,2026-03-15,4
6176,1648,22,2025-10-07,1
6177,1258,88,2026-04-06,4
6178,1402,45,2026-06-13,1
6179,1569,41,2026-08-06,2
6180,918,64,2026-09-11,3
6181,1438,24,2026-08-12,4
6182,1300,85,2026-05-03,2
6183,1941,77,2025-12-17,3
6184,478,35,2026-04-27,2
6185,1887,64,2026-05-16,4
6186,1628,22,2026-03-09,2
6187,1162,20,2026-03-29,1
6188,165,52,2026-04-29,3
6189,172,19,2026-07-01,5
6190,57,84,2025-12-04,3
6191,1486,21,2026-07-17,2
6192,586,15,2026-07-27,1
6193,1893,99,2026-03-11,4
6194,87,20,2026-01-16,5
6195,647,97,2026-03-08,5
6196,477,56,2026-04-20,2
6197,1369,93,2026-05-22,2
6198,837,23,2026-08-23,5
6199,1361,98,2026-02-25,2
6200,884,49,2025-10-18,1
6201,1359,34,2026-03-17,5
6202,56,83,2026-06-17,5
6203,199,25,2026-03-19,2
6204,457,84,2025-11-20,5
6205,90,35,2025-10-17,5
6206,1745,29,2026-06-27,2
6207,1678,83,2025-10-29,1
6208,1742,20,2025-12-26,1
6209,1602,10,2025-12-24,3
6210,1048,85,2026-02-25,1
6211,763,69,2026-09-26,2
6212,1113,54,2026-05-07,5
6213,823,39,2026-06-09,1
6214,1564,75,2025-11-19,1
6215,670,34,2026-06-25,5
6216,120,50,2026-06-29,3
6217,1537,18,2026-03-02,1
6218,1628,50,2025-10-18,2
6219,1901,65,2026-07-15,4
6220,1308,68,2026-05-11,4
6221,1704,41,2026-01-30,5
6222,1590,95,2026-03-13,4
6223,823,37,2026-08-19,4
6224,1588,96,2026-03-05,1
6225,892,93,2026-07-29,2
6226,607,85,2026-01-16,2
6227,1251,19,2025-11-23,4
6228,367,10,2025-12-10,2
6229,36,40,2025-12-29,1
6230,583,21,2025-10-20,5
6231,1090,28,2026-02-03,100
6232,1501,63,2026-02-18,5
6233,1583,90,2026-07-14,1
6234,965,79,2025-11-12,4
6235,1691,98,2025-12-14,4
6236,1249,77,2026-07-25,5
6237,1179,89,2026-02-16,5
6238,1335,21,2025-11-15,5
6239,408,15,2026-09-19,5
6240,117,29,2025-10-07,4
6241,840,3,2026-05-01,2
6242,5,8,2026-09-23,1
6243,1918,26,2026-03-24,2
6244,690,25,2026-06-30,5
6245,387,13,2026-04-17,1
6246,1294,6,2026-03-10,3
6247,554,32,2025-12-27,5
6248,1127,91,2026-01-25,1
6249,1133,89,2026-03-27,2
6250,1726,79,2026-04-28,2
6251,1595,73,2026-08-30,5
6252,123,58,2025-10-28,4
6253,1429,56,2026-06-27,2
6254,1549,56,2026-05-19,2
6255,364,72,2026-01-21,2
6256,1249,50,2026-06-10,2
6257,1669,62,2026-01-14,4
6258,1036,44,2025-11-08,1
6259,1974,70,2026-08-16,4
6260,815,59,2025-12-26,1
6261,889,71,2026-01-31,3
6262,2,10,2025-11-21,2
6263,1360,65,2025-12-15,2
6264,1844,29,2026-01-07,5
6265,204,87,2025-12-14,5
6266,1498,29,2026-06-14,3
6267,945,95,2025-12-31,5
6268,1083,62,2025-10-29,3
6269,1921,98,2026-09-24,1
6270,1952,62,2026-04-22,4
6271,195,84,2026-04-12,1
6272,1548,81,2026-05-01,3
6273,343,1,2026-07-21,5
6274,206,84,2026-06-21,3
6275,1578,10,2026-01-31,5
6276,957,78,2025-12-01,4
6277,240,59,2026-04-24,5
6278,227,46,2026-09-17,5
6279,1187,69,2026-04-29,2
6280,1419,39,2026-07-01,3
6281,1019,23,2026-08-31,1
6282,1437,51,2025-12-13,4
6283,1426,52,2026-04-03,5
6284,1565,22,2026-04-11,5
6285,1178,13,2026-03-27,2
6286,918,27,2026-03-11,3
6287,1039,76,2026-08-08,5
6288,704,42,2025-12-19,2
6289,559,86,2026-08-01,4
6290,1304,2,2026-08-14,4
6291,1816,18,2026-02-26,5
6292,47,57,2026-08-04,3
6293,974,19,2026-08-14,5
6294,867,76,2026-04-25,3
6295,1566,57,2025-10-29,5
6296,812,63,2026-08-09,1
6297,8,71,2026-07-11,5
6298,629,88,2026-05-19,4
6299,1146,46,2026-02-04,5
6300,583,52,2026-07-16,3
6301,1953,66,2025-11-04,2
6302,1643,65,2026-08-04,3
6303,842,60,2025-11-23,2
6304,1719,59,2026-02-21,5
6305,704,27,2026-08-15,4
6306,1099,69,2026-07-21,1
6307,600,100,2026-04-09,5
6308,58,34,2026-06-27,3
6309,21,78,2026-03-07,2
6310,1311,66,2026-09-01,4
6311,670,22,2025-10-02,1
6312,336,52,2025-10-13,2
6313,81,51,2026-05-19,4
6314,1133,78,2026-02-22,1
6315,1721,70,2025-10-06,2
6316,1095,33,2026-02-12,3
6317,214,99,2026-06-20,2
6318,1140,70,2025-09-27,5
6319,390,86,2026-07-08,1
6320,989,40,2026-03-14,5
6321,486,80,2026-07-06,5
6322,537,96,2026-05-27,1
6323,712,54,2026-07-07,2
6324,306,58,2025-10-04,3
6325,97,1,2025-10-03,2
6326,1392,45,2025-10-20,4
6327,826,14,2026-09-09,5
6328,729,83,2026-07-29,2
6329,1867,46,2025-10-05,4
6330,199,72,2026-02-23,3
6331,393,57,2026-07-13,5
6332,1730,38,2026-09-02,4
6333,1167,7,2026-05-14,5
6334,1872,93,2026-05-30,1
6335,243,68,2026-08-27,4
6336,849,83,2025-12-18,1
6337,232,81,2025-10-12,2
6338,763,89,2026-05-03,1
6339,473,35,2025-10-21,3
6340,1945,33,2026-03-01,2
6341,1220,6,2026-07-31,4
6342,562,86,2026-06-01,3
6343,1145,52,2026-05-01,3
6344,617,5,2025-12-20,4
6345,1613,100,2025-12-08,2
6346,663,45,2025-11-25,5
6347,894,62,2026-07-29,2
6348,1910,55,2026-03-07,2
6349,1923,24,2025-12-30,1
6350,17,43,2026-08-04,2
6351,1909,82,2026-01-15,3
6352,1625,4,2026-05-10,3
6353,630,62,2026-06-09,4
6354,1109,37,2026-03-01,3
6355,1224,29,2026-04-05,5
6356,669,22,2026-05-08,1
6357,1095,29,2026-01-23,3
6358,1002,11,2025-09-30,2
6359,683,94,2026-02-21,3
6360,209,22,2026-01-16,5
6361,7,95,2025-10-25,2
6362,262,85,2026-04-16,2
6363,1906,9,2025-11-12,4
6364,1891,100,2026-01-26,2
6365,1987,60,2026-08-17,4
6366,872,99,2025-12-16,3
6367,1316,70,2026-06-28,2
6368,710,72,2026-08-09,3
6369,1383,42,2026-09-26,5
6370,351,24,2026-03-12,5
6371,626,22,2026-09-04,3
6372,1460,41,2025-12-07,1
6373,237,65,2026-04-22,3
6374,755,79,2026-06-04,1
6375,137,8,2026-05-14,3
6376,1084,82,2025-10-23,1
6377,632,77,2026-03-31,1
6378,918,59,2026-02-06,3
6379,966,30,2026-02-11,3
6380,440,46,2026-08-19,2
6381,898,68,2026-02-26,3
6382,1707,60,2025-11-23,1
6383,1190,39,2026-03-28,5
6384,409,34,2026-05-20,3
6385,417,5,2026-08-01,3
6386,1001,66,2026-01-23,5
6387,456,25,2025-10-12,1
6388,446,54,2026-06-25,1
6389,1410,26,2025-11-01,2
6390,1068,77,2026-08-22,2
6391,1918,5,2026-05-03,5
6392,1037,69,2026-05-27,2
6393,140,46,2026-07-09,2
6394,1113,61,2026-05-30,2
6395,585,72,2025-10-01,4
6396,648,88,2025-12-30,1
6397,372,16,2026-03-06,4
6398,627,53,2026-09-16,3
6399,436,42,2026-08-31,2
6400,1664,66,2026-06-01,1
6401,1049,73,2025-11-17,1
6402,871,88,2026-03-28,4
6403,600,36,2026-01-01,4
6404,180,95,2026-06-08,4
6405,1521,49,2026-05-11,2
6406,1657,51,2026-07-27,5
6407,636,29,2025-10-30,2
6408,280,76,2026-04-17,5
6409,527,49,2026-07-18,4
6410,1990,44,2026-02-08,1
6411,1204,74,2026-08-05,5
6412,1413,5,2025-10-11,1
6413,1091,77,2025-10-21,5
6414,983,30,2026-03-20,5
6415,1089,30,2025-10-05,3
6416,195,91,2025-12-19,1
6417,1218,53,2026-06-30,5
6418,1853,37,2026-02-22,2
6419,604,50,2026-08-26,3
6420,1591,67,2026-06-17,3
6421,1539,86,2026-08-10,5
6422,1194,48,2026-05-19,4
6423,1150,48,2025-12-23,4
6424,1301,91,2026-03-14,5
6425,1545,67,2026-03-24,2
6426,1520,15,2026-06-19,5
6427,367,19,2025-10-23,1
6428,1527,75,2026-05-10,4
6429,1248,85,2026-06-29,1
6430,613,68,2025-12-06,5
6431,1310,78,2026-01-01,4
6432,947,2,2025-11-07,3
6433,1084,39,2026-07-21,3
6434,1661,13,2026-03-14,3
6435,872,64,2026-01-10,2
6436,802,67,2026-06-21,1
6437,374,93,2025-11-08,2
6438,61,27,2026-08-19,5
6439,700,97,2026-06-11,4
6440,234,100,2026-06-28,1
6441,504,79,2026-07-19,4
6442,164,36,2026-06-29,3
6443,24,3,2026-07-19,5
6444,1878,93,2026-08-29,5
6445,1733,22,2026-08-15,1
6446,959,74,2026-05-12,1
6447,647,19,2026-04-04,5
6448,1894,55,2026-05-02,5
6449,453,48,2026-01-11,1
6450,1698,85,2026-08-14,3
6451,1103,97,2026-06-12,1
6452,1969,96,2026-05-22,1
6453,653,25,2026-09-04,2
6454,809,3,2026-09-06,1
6455,1179,31,2025-11-28,5
6456,22,32,2025-11-06,5
6457,1747,74,2025-11-30,4
6458,276,83,2026-03-03,3
6459,249,32,2026-03-24,4
6460,1176,8,2025-10-18,5
6461,1693,69,2026-03-13,1
6462,1469,16,2026-06-11,1
6463,672,8,2026-02-19,2
6464,435,92,2026-02-27,4
6465,821,9,2026-01-10,3
6466,1629,68,2026-09-18,4
6467,777,97,2026-01-10,4
6468,1874,57,2025-12-07,1
6469,1414,45,2026-01-16,5
6470,822,73,2026-07-30,2
6471,724,31,2026-01-12,5
6472,1443,1,2025-10-27,3
6473,659,97,2026-07-02,4
6474,752,82,2025-11-12,3
6475,1364,32,2026-05-15,1
6476,685,50,2026-08-26,4
6477,1198,63,2026-01-27,5
6478,732,45,2025-12-31,1
6479,778,38,2025-11-17,2
6480,1959,87,2026-04-16,5
6481,1352,18,2025-10-18,5
6482,966,63,2026-01-27,2
6483,58,21,2026-05-18,5
6484,864,99,2026-07-28,4
6485,10,44,2026-04-24,2
6486,363,67,2026-02-25,1
6487,1654,33,2026-04-08,3
6488,1674,91,2025-11-01,4
6489,72,14,2025-11-05,5
6490,946,42,2026-09-18,2
6491,1097,82,2026-03-17,3
6492,1697,34,2026-04-24,1
6493,1973,16,2026-04-06,1
6494,1371,72,2026-01-01,5
6495,278,63,2025-09-27,2
6496,541,19,2025-10-01,4
6497,428,55,2026-04-29,2
6498,1787,14,2026-06-14,3
6499,531,87,2026-08-17,3
6500,238,68,2026-05-17,5
6501,1213,41,2026-01-22,2
6502,1179,53,2025-10-08,5
6503,857,64,2025-10-19,4
6504,1424,97,2026-02-07,5
6505,1977,89,2026-08-13,1
6506,356,23,2026-07-15,5
6507,1564,36,2026-06-28,5
6508,931,98,2026-06-14,3
6509,1546,45,2026-03-09,1
6510,486,99,2026-09-23,3
6511,1534,59,2026-06-29,2
6512,253,59,2026-06-05,3
6513,44,83,2026-01-05,4
6514,1966,72,2026-07-07,1
6515,1552,50,2025-11-20,3
6516,416,40,2025-10-14,2
6517,1032,98,2026-07-26,5
6518,1039,64,2025-10-30,2
6519,963,57,2026-07-04,3
6520,456,94,2026-06-16,2
6521,829,37,2026-01-14,4
6522,29,33,2026-05-15,1
6523,1470,2,2026-01-24,5
6524,1276,15,2025-10-03,3
6525,1050,82,2026-01-03,4
6526,382,70,2025-10-08,2
6527,273,45,2026-04-17,3
6528,1987,6,2025-12-21,3
6529,1342,22,2025-10-31,2
6530,1252,5,2025-11-09,3
6531,946,18,2026-05-15,1
6532,1553,36,2026-02-11,1
6533,116,91,2025-10-07,4
6534,1212,91,2026-09-15,3
6535,1158,28,2025-11-17,2
6536,761,100,2026-02-12,2
6537,1318,10,2026-07-06,1
6538,989,92,2026-08-11,5
6539,203,82,2026-03-04,2
6540,1538,36,2025-12-09,5
6541,58,76,2026-05-23,5
6542,310,96,2026-05-28,4
6543,1773,74,2026-02-04,4
6544,376,23,2026-01-09,3
6545,1016,39,2025-11-06,2
6546,594,2,2025-12-30,3
6547,1323,87,2026-09-17,2
6548,859,13,2025-12-24,1
6549,1697,80,2026-06-27,1
6550,395,40,2025-10-15,4
6551,884,13,2026-06-23,4
6552,103,61,2026-01-15,1
6553,1119,52,2025-12-12,4
6554,1337,22,2026-09-17,1
6555,1596,5,2025-12-13,1
6556,687,100,2026-07-28,2
6557,1830,54,2026-04-15,2
6558,1170,47,2025-11-01,2
6559,1963,70,2026-04-24,5
6560,21,44,2025-10-12,4
6561,1239,41,2026-05-28,1
6562,197,64,2025-10-27,2
6563,684,73,2025-12-05,1
6564,1636,60,2025-10-10,2
6565,946,12,2026-08-08,2
6566,1341,58,2025-10-14,2
6567,192,14,2025-12-18,2
6568,1666,49,2026-06-30,5
6569,1523,66,2025-10-18,4
6570,1342,50,2025-11-04,4
6571,381,16,2025-12-08,1
6572,648,91,2026-02-03,3
6573,1623,15,2026-04-23,4
6574,1167,22,2025-11-22,5
6575,971,1,2025-11-01,4
6576,628,32,2026-02-05,4
6577,297,29,2025-10-24,3
6578,1755,17,2026-02-24,2
6579,296,12,2026-03-30,4
6580,296,44,2025-10-04,2
6581,1867,76,2026-01-14,3
6582,291,94,2025-11-08,1
6583,557,40,2026-07-22,4
6584,1810,24,2026-05-27,4
6585,47,27,2026-08-08,2
6586,1314,81,2026-04-30,3
6587,194,29,2026-03-07,2
6588,838,11,2026-05-25,4
6589,1676,39,2026-08-01,5
6590,1988,87,2025-10-09,2
6591,1942,45,2026-02-12,3
6592,1107,45,2026-07-23,1
6593,76,17,2026-04-10,1
6594,1178,86,2025-11-20,1
6595,1957,69,2026-03-09,5
6596,350,56,2025-11-12,5
6597,1552,90,2026-04-22,3
6598,1644,69,2026-08-03,4
6599,981,72,2026-02-04,4
6600,1382,54,2026-06-17,2
6601,950,49,2026-01-14,1
6602,1025,68,2025-10-01,3
6603,935,34,2026-03-05,1
6604,1535,30,2026-06-15,4
6605,1142,12,2026-08-29,5
6606,1172,5,2025-11-22,4
6607,1270,73,2026-02-23,2
6608,896,39,2025-11-09,1
6609,827,74,2025-10-22,5
6610,805,78,2026-01-08,2
6611,1609,42,2026-01-06,2
6612,1107,35,2026-02-16,5
6613,554,58,2026-05-08,1
6614,324,16,2026-06-12,2
6615,1978,68,2026-07-17,4
6616,562,56,2026-03-09,2
6617,1464,2,2025-12-11,2
6618,341,26,2025-10-30,4
6619,1923,96,2026-09-13,2
6620,736,43,2025-10-04,1
6621,1560,28,2026-01-11,1
6622,43,3,2025-10-28,5
6623,772,32,2026-06-19,3
6624,929,31,2026-04-21,5
6625,1254,1,2025-11-22,1
6626,1068,74,2026-06-18,5
6627,249,33,2025-11-12,1
6628,1635,1,2026-04-22,1
6629,1956,12,2026-07-20,4
6630,1543,95,2026-07-14,2
6631,285,88,2026-01-25,4
6632,1913,59,2026-01-08,5
6633,1090,99,2026-09-06,5
6634,1516,92,2026-05-20,5
6635,796,2,2025-10-19,5
6636,615,70,2026-03-18,1
6637,871,62,2026-07-04,3
6638,502,6,2026-04-13,1
6639,1887,77,2025-10-08,5
6640,568,88,2026-06-17,2
6641,890,16,2026-02-01,1
6642,1952,58,2026-01-30,1
6643,1072,11,2025-11-15,3
6644,1357,78,2025-11-13,5
6645,757,89,2026-08-23,3
6646,1027,19,2026-03-14,5
6647,308,3,2026-03-04,2
6648,533,86,2026-08-18,1
6649,744,27,2025-11-01,3
6650,569,53,2026-01-27,4
6651,915,42,2025-10-12,4
6652,1244,77,2026-07-18,3
6653,1192,91,2026-02-19,3
6654,885,57,2026-04-22,2
6655,196,8,2025-10-24,5
6656,547,83,2025-12-06,1
6657,1447,99,2025-12-07,5
6658,1411,65,2025-11-12,2
6659,1337,29,2025-12-06,5
6660,1222,99,2026-05-13,3
6661,306,51,2025-09-27,2
6662,1088,45,2025-10-14,5
6663,1018,34,2025-11-01,3
6664,958,30,2025-12-05,3
6665,1989,25,2026-08-19,4
6666,328,29,2026-03-05,3
6667,36,2,2026-05-17,3
6668,327,80,2025-11-10,1
6669,1947,18,2026-07-10,5
6670,680,14,2026-09-21,5
6671,1407,54,2025-11-25,1
6672,362,81,2026-08-14,3
6673,1157,3,2026-03-23,3
6674,1775,51,2026-09-02,1
6675,125,60,2025-10-13,5
6676,449,8,2025-12-24,3
6677,837,4,2026-05-03,1
6678,262,72,2025-11-09,2
6679,294,59,2026-06-21,1
6680,184,93,2025-10-12,2
6681,1852,17,2026-01-07,5
6682,875,9,2026-08-14,3
6683,257,4,2025-11-11,3
6684,1465,48,2026-06-26,1
6685,1507,55,2026-06-08,4
6686,460,99,2026-03-12,3
6687,782,93,2026-03-05,1
6688,1342,23,2026-03-02,2
6689,859,29,2026-05-10,3
6690,1691,4,2026-04-11,1
6691,181,43,2026-08-11,2
6692,750,64,2025-09-30,2
6693,1008,20,2026-03-04,3
6694,717,72,2026-01-25,4
6695,1006,53,2025-11-08,5
6696,335,41,2025-12-22,1
6697,259,59,2026-09-09,2
6698,928,1,2026-04-16,5
6699,1736,54,2026-04-15,4
6700,1909,90,2026-03-25,4
6701,1753,17,2025-12-14,3
6702,1959,80,2025-11-05,4
6703,1746,70,2026-04-24,4
6704,1754,35,2026-06-15,5
6705,970,60,2026-02-24,1
6706,327,75,2026-09-01,1
6707,426,47,2026-08-20,1
6708,846,14,2025-10-15,5
6709,1026,73,2026-03-01,4
6710,1994,19,2026-02-28,2
6711,642,35,2026-01-25,2
6712,110,40,2026-03-03,4
6713,1122,20,2026-04-08,1
6714,178,44,2025-12-13,4
6715,1239,95,2026-02-03,3
6716,731,33,2025-12-19,5
6717,36,52,2025-12-24,3
6718,1317,12,2026-02-18,1
6719,2100,91,2025-11-17,5
6720,1586,26,2026-06-06,5
6721,165,68,2026-07-05,2
6722,511,1,2026-05-22,4
6723,629,29,2026-01-24,3
6724,1202,37,2026-09-08,5
6725,1652,23,2026-06-11,1
6726,1059,36,2026-06-24,5
6727,1100,3,2026-04-29,4
6728,532,100,2026-04-22,1
6729,1735,13,2026-03-23,1
6730,373,12,2025-10-19,2
6731,637,26,2026-04-04,3
6732,1643,93,2025-11-08,2
6733,1768,4,2026-01-31,1
6734,823,7,2026-09-24,3
6735,1524,68,2026-08-05,4
6736,1688,31,2025-09-29,4
6737,206,92,2025-12-08,5
6738,109,8,2026-04-12,2
6739,128,90,2025-12-19,2
6740,1218,58,2025-11-19,5
6741,1276,78,2026-07-27,1
6742,184,36,2025-11-07,1
6743,430,39,2025-10-03,4
6744,493,14,2025-11-25,4
6745,1208,60,2025-11-16,5
6746,94,100,2026-04-27,1
6747,1552,50,2026-08-15,2
6748,1401,92,2026-03-27,5
6749,1479,65,2025-10-23,3
6750,1192,83,2025-11-16,3
6751,956,68,2026-08-18,3
6752,1887,2,2026-04-01,1
6753,422,57,2025-11-05,3
6754,692,68,2026-01-19,2
6755,245,3,2026-09-23,4
6756,1144,68,2025-12-21,4
6757,1526,1,2026-06-21,4
6758,1597,60,2025-12-06,5
6759,1465,30,2025-10-25,4
6760,1937,54,2025-11-23,1
6761,57,71,2026-05-03,5
6762,1596,79,2025-11-22,4
6763,266,26,2025-12-15,5
6764,1298,50,2026-07-25,3
6765,1005,100,2026-05-31,1
6766,406,63,2026-06-28,3
6767,83,58,2026-01-21,4
6768,1769,14,2026-07-10,1
6769,1635,37,2025-12-29,5
6770,1380,93,2025-10-04,5
6771,1607,46,2026-04-02,4
6772,65,2,2026-06-10,2
6773,527,86,2026-08-26,3
6774,1636,99,2026-01-04,2
6775,1795,51,2026-01-14,2
6776,1988,16,2025-12-19,4
6777,78,50,2026-07-23,5
6778,1564,49,2026-09-04,5
6779,1735,59,2026-03-26,3
6780,1365,61,2026-04-18,1
6781,1641,57,2026-04-14,3
6782,895,80,2025-10-30,1
6783,1184,47,2026-01-30,2
6784,660,8,2025-11-11,1
6785,1833,39,2026-04-23,2
6786,149,1,2026-04-13,4
6787,446,26,2025-10-01,3
6788,1928,84,2025-10-20,5
6789,1829,21,2026-02-06,3
6790,1440,96,2026-01-13,1
6791,1103,29,2026-08-10,5
6792,591,70,2025-12-06,3
6793,136,29,2026-06-11,1
6794,618,14,2025-10-02,4
6795,1658,10,2026-07-31,1
6796,1758,30,2026-03-07,1
6797,207,48,2025-12-11,1
6798,976,93,2026-04-08,3
6799,795,90,2026-07-05,3
6800,1461,32,2026-04-21,2
6801,1778,79,2026-09-03,3
6802,635,71,2026-01-24,1
6803,7,42,2025-11-13,1
6804,1804,98,2025-11-26,3
6805,862,34,2026-06-09,2
6806,1036,75,2026-06-05,4
6807,656,61,2025-11-28,2
6808,691,42,2026-07-06,1
6809,1119,99,2025-12-06,1
6810,1859,64,2026-05-14,3
6811,275,30,2025-11-16,5
6812,1567,73,2026-04-05,4
6813,202,44,2026-06-13,3
6814,317,49,2026-02-06,1
6815,1664,77,2026-09-05,4
6816,466,94,2025-12-18,4
6817,315,38,2025-10-06,3
6818,1554,95,2026-05-07,3
6819,866,99,2026-02-17,4
6820,290,5,2026-05-24,3
6821,905,14,2025-10-30,1
6822,417,8,2026-05-20,5
6823,251,47,2026-05-22,4
6824,1546,84,2026-02-08,4
6825,1314,97,2026-06-26,2
6826,1362,93,2026-05-31,1
6827,201,63,2026-01-15,3
6828,468,68,2026-03-03,1
6829,1820,57,2025-12-31,3
6830,1722,39,2025-11-03,5
6831,1446,59,2026-03-12,2
6832,103,21,2026-04-11,5
6833,681,34,2025-12-24,4
6834,1082,52,2026-09-12,2
6835,381,72,2026-05-15,5
6836,94,58,2026-02-27,4
6837,514,18,2026-05-04,1
6838,1337,49,2026-05-13,2
6839,980,9,2025-12-09,2
6840,427,94,2026-03-19,5
6841,975,54,2026-04-20,2
6842,1237,17,2026-03-29,2
6843,884,93,2026-06-24,5
6844,1244,7,2026-05-28,4
6845,1422,4,2026-09-05,3
6846,1882,67,2026-06-18,4
6847,1392,30,2026-07-26,2
6848,1422,43,2025-10-26,3
6849,532,1,2026-01-25,3
6850,1408,68,2025-10-10,5
6851,972,26,2025-12-10,5
6852,1521,11,2026-04-29,3
6853,1749,58,2026-07-29,4
6854,1591,2,2026-02-05,3
6855,1397,84,2026-01-03,3
6856,923,8,2026-04-25,4
6857,1220,60,2026-06-10,4
6858,695,45,2026-09-25,3
6859,894,10,2025-12-17,5
6860,1767,4,2026-09-22,2
6861,532,19,2026-06-23,2
6862,431,52,2026-05-29,2
6863,1493,27,2026-05-18,2
6864,1447,23,2025-10-27,2
6865,302,62,2026-08-22,1
6866,1560,10,2025-11-20,4
6867,1334,63,2026-04-04,4
6868,248,63,2026-08-03,1
6869,337,8,2026-05-01,3
6870,1264,70,2025-12-16,3
6871,592,35,2025-11-24,5
6872,1182,71,2026-04-21,2
6873,768,23,2025-10-13,1
6874,1957,75,2026-05-02,1
6875,1198,23,2026-01-11,2
6876,1841,24,2025-10-12,4
6877,1628,71,2026-07-15,1
6878,1824,35,2025-11-14,2
6879,815,35,2026-09-09,4
6880,125,55,2025-11-05,5
6881,1779,10,2025-10-09,4
6882,1810,98,2026-05-22,1
6883,1652,11,2026-01-15,4
6884,913,100,2026-01-04,1
6885,1404,2,2026-03-21,1
6886,1195,26,2026-02-23,2
6887,847,59,2025-12-30,2
6888,1878,36,2026-02-03,4
6889,459,15,2026-07-19,4
6890,1154,36,2025-12-17,4
6891,495,72,2026-05-06,1
6892,456,73,2026-06-30,1
6893,1549,42,2026-04-18,3
6894,321,45,2025-10-28,5
6895,1675,71,2026-08-06,3
6896,1432,78,2025-11-21,2
6897,461,17,2026-08-02,4
6898,324,98,2026-09-20,4
6899,1108,12,2025-12-28,2
6900,242,50,2026-07-17,2
6901,1336,7,2026-03-24,3
6902,1674,55,2026-07-12,1
6903,1701,56,2025-11-30,4
6904,2033,83,2026-05-16,3
6905,930,22,2025-12-23,5
6906,623,46,2026-08-22,2
6907,1002,34,2026-07-25,5
6908,1201,48,2026-08-13,1
6909,1481,1,2026-05-16,5
6910,891,39,2026-07-03,1
6911,1533,64,2026-04-29,3
6912,1734,3,2026-04-26,2
6913,1118,2,2025-10-19,1
6914,1966,22,2026-07-13,5
6915,340,24,2025-10-20,1
6916,1591,39,2026-04-05,2
6917,67,36,2026-08-10,3
6918,1173,5,2026-07-01,5
6919,356,21,2026-01-20,3
6920,507,27,2026-01-03,2
6921,1961,22,2025-09-30,2
6922,138,6,2026-03-29,2
6923,1856,84,2026-04-06,3
6924,1748,8,2026-03-22,1
6925,1812,94,2026-08-09,2
6926,581,43,2026-03-18,1
6927,1752,52,2026-01-20,5
6928,1666,71,2026-06-12,5
6929,1424,27,2026-02-19,5
6930,1547,100,2026-01-04,2
6931,1793,21,2026-01-03,3
6932,808,21,2026-01-31,5
6933,271,1,2026-05-03,5
6934,711,73,2025-10-10,5
6935,473,16,2026-08-23,2
6936,1542,35,2026-02-11,1
6937,1802,75,2025-12-18,1
6938,1598,43,2026-05-12,5
6939,642,79,2026-04-16,5
6940,275,8,2026-08-07,1
6941,498,64,2025-12-09,4
6942,155,62,2026-01-06,4
6943,1205,48,2026-03-04,3
6944,135,2,2025-12-17,4
6945,1220,100,2025-12-29,3
6946,191,73,2026-08-21,2
6947,701,80,2026-05-14,1
6948,272,24,2026-07-24,4
6949,156,90,2026-05-13,2
6950,987,48,2025-11-17,2
6951,263,55,2026-04-20,3
6952,653,20,2026-05-27,5
6953,1880,52,2026-08-15,3
6954,211,19,2026-04-11,1
6955,872,16,2026-08-10,4
6956,55,1,2026-01-22,5
6957,325,85,2026-07-27,5
6958,646,18,2026-02-11,3
6959,392,22,2025-10-28,1
6960,725,89,2025-10-29,2
6961,727,2,2026-03-15,3
6962,555,27,2025-11-14,2
6963,1192,82,2025-11-17,1
6964,487,86,2026-02-27,1
6965,1744,57,2026-06-18,4
6966,945,82,2026-07-26,2
6967,955,78,2026-02-07,2
6968,1419,95,2026-04-06,3
6969,315,12,2025-12-03,5
6970,484,91,2026-07-03,3
6971,1635,87,2026-08-14,3
6972,1909,70,2026-09-20,1
6973,370,95,2026-07-26,1
6974,1581,70,2026-02-28,4
6975,85,56,2026-06-06,4
6976,783,74,2026-08-17,2
6977,1804,31,2026-01-11,2
6978,1208,72,2026-07-25,4
6979,196,46,2026-03-27,5
6980,340,44,2025-10-26,4
6981,1363,38,2026-07-01,4
6982,118,67,2026-02-14,3
6983,1032,46,2026-08-18,5
6984,394,95,2026-06-25,5
6985,1993,100,2025-12-23,3
6986,896,91,2026-09-20,4
6987,829,23,2025-12-05,1
6988,546,51,2026-06-14,4
6989,1349,75,2025-11-30,2
6990,625,28,2026-03-31,3
6991,165,75,2026-04-06,4
6992,1138,21,2025-12-22,2
6993,1781,45,2025-12-29,1
6994,1093,24,2025-11-20,3
6995,1913,82,2026-09-01,4
6996,1551,39,2025-12-22,4
6997,1132,53,2025-12-24,2
6998,1558,33,2026-07-25,2
6999,27,12,2026-08-23,2
7000,504,36,2025-12-19,1
7001,1167,74,2026-02-21,2
7002,24,2,2026-07-28,5
7003,1342,54,2026-09-21,4
7004,1703,89,2025-12-23,4
7005,276,53,2025-10-17,4
7006,538,44,2025-09-27,1
7007,740,56,2026-07-21,2
7008,137,62,2025-12-30,3
7009,81,3,2026-08-24,2
7010,154,7,2026-08-07,1
7011,450,32,2026-07-18,3
7012,1104,80,2026-01-07,2
7013,329,39,2025-12-04,4
7014,178,76,2025-11-13,2
7015,1746,1,2026-04-10,1
7016,1977,3,2026-04-29,5
7017,945,63,2025-12-09,1
7018,820,36,2026-03-10,4
7019,1892,88,2025-11-22,4
7020,971,56,2025-10-25,2
7021,577,28,2026-04-15,5
7022,22,2,2026-03-27,5
7023,468,60,2026-03-12,2
7024,556,55,2026-01-07,1
7025,1692,55,2026-05-12,2
7026,1379,15,2026-01-19,2
7027,1611,53,2026-01-06,1
7028,1317,80,2025-10-03,3
7029,1460,12,2026-02-18,4
7030,282,26,2026-02-27,1
7031,715,36,2026-04-14,3
7032,1875,96,2025-11-25,2
7033,366,60,2026-05-20,4
7034,1833,50,2026-08-30,5
7035,977,54,2026-03-31,1
7036,1759,89,2026-05-01,2
7037,1238,38,2026-02-02,2
7038,1997,6,2026-08-12,3
7039,1657,9,2026-05-04,4
7040,1758,44,2026-03-13,1
7041,1128,57,2026-06-15,1
7042,1712,64,2025-11-10,5
7043,1157,25,2026-08-08,2
7044,1429,24,2026-02-27,1
7045,588,72,2025-12-22,2
7046,631,35,2026-05-12,3
7047,1575,64,2025-11-05,2
7048,551,45,2026-01-17,4
7049,1631,26,2026-03-17,5
7050,1173,33,2026-04-14,4
7051,1559,2,2026-07-15,2
7052,1791,38,2026-03-29,5
7053,1527,29,2026-04-04,4
7054,857,72,2025-12-06,5
7055,576,89,2025-10-18,4
7056,406,67,2025-12-24,4
7057,546,9,2026-09-23,1
7058,1220,44,2025-09-28,2
7059,1791,44,2026-06-10,3
7060,1520,35,2026-05-31,2
7061,801,93,2025-11-12,3
7062,658,100,2026-01-25,5
7063,33,5,2026-08-01,5
7064,977,69,2026-01-17,1
7065,1377,55,2026-02-08,1
7066,1001,83,2026-03-02,4
7067,602,29,2025-11-14,4
7068,1959,67,2026-06-12,3
7069,435,59,2026-02-15,1
7070,1491,49,2026-04-17,1
7071,1542,58,2026-07-01,3
7072,526,54,2026-04-27,4
7073,1392,50,2025-12-03,2
7074,1134,9,2026-04-21,3
7075,609,89,2026-08-30,1
7076,764,67,2026-06-19,5
7077,69,8,2026-07-16,2
7078,974,90,2026-05-16,2
7079,1727,15,2026-07-19,1
7080,631,43,2026-06-18,1
7081,931,84,2026-09-19,5
7082,42,38,2026-04-12,2
7083,844,97,2026-04-01,4
7084,692,5,2025-10-14,2
7085,508,57,2026-09-23,3
7086,1213,66,2026-05-02,2
7087,56,51,2026-01-13,4
7088,902,86,2026-08-23,2
7089,1675,52,2025-10-08,4
7090,1621,16,2026-09-20,5
7091,375,95,2025-12-05,2
7092,841,61,2026-04-30,5
7093,576,100,2026-08-21,1
7094,34,99,2026-08-07,5
7095,1041,83,2026-05-16,5
7096,674,28,2026-05-05,5
7097,1385,77,2026-03-14,1
7098,965,97,2026-04-13,2
7099,850,27,2026-07-17,3
7100,1666,22,2026-09-10,5
7101,1266,65,2026-09-17,4
7102,50,95,2026-04-19,3
7103,661,3,2026-08-19,3
7104,283,18,2026-07-16,1
7105,933,8,2026-09-17,3
7106,1755,72,2026-08-24,4
7107,1567,10,2026-09-20,5
7108,1399,93,2026-04-20,4
7109,834,51,2025-10-12,2
7110,1719,8,2025-12-31,1
7111,1563,21,2026-04-20,5
7112,1836,2,2026-09-08,4
7113,1933,75,2026-01-03,5
7114,1571,66,2025-12-26,5
7115,1379,73,2025-11-07,5
7116,1005,16,2025-12-17,5
7117,858,90,2025-12-14,3
7118,1583,30,2026-01-09,4
7119,938,95,2025-11-12,1
7120,867,40,2026-06-27,5
7121,352,52,2026-02-08,5
7122,324,4,2026-02-23,2
7123,1212,69,2026-09-18,2
7124,1382,99,2025-11-10,2
7125,620,88,2026-03-13,5
7126,40,15,2026-09-16,3
7127,1588,73,2026-03-29,5
7128,921,4,2026-04-29,4
7129,368,9,2026-07-30,5
7130,1679,69,2026-03-20,4
7131,5,48,2026-01-02,3
7132,1087,21,2026-08-03,3
7133,1150,66,2026-01-23,3
7134,1611,32,2026-08-30,1
7135,301,89,2026-09-19,1
7136,1485,69,2026-05-23,1
7137,966,65,2026-04-27,1
7138,1299,49,2026-04-12,3
7139,455,87,2026-09-01,1
7140,1809,83,2026-03-21,5
7141,1769,97,2026-07-20,1
7142,778,84,2025-11-18,3
7143,1887,93,2026-07-21,2
7144,1047,12,2026-08-27,3
7145,410,58,2025-09-27,1
7146,975,7,2025-11-24,5
7147,845,81,2025-12-15,3
7148,914,7,2025-10-18,2
7149,1051,81,2025-10-12,5
7150,1061,82,2025-10-13,1
7151,327,52,2026-05-17,2
7152,340,77,2026-06-24,4
7153,357,84,2026-07-05,3
7154,1726,68,2026-02-27,3
7155,1353,3,2025-10-12,4
7156,1058,65,2025-12-11,5
7157,1949,73,2026-03-19,2
7158,1325,60,2026-08-21,3
7159,155,54,2025-11-11,5
7160,867,76,2025-09-28,1
7161,1812,50,2026-07-31,1
7162,1639,61,2025-12-23,4
7163,272,2,2026-04-15,5
7164,1087,18,2025-10-13,1
7165,1280,16,2026-01-27,4
7166,1302,97,2025-10-26,2
7167,399,87,2026-04-30,3
7168,552,28,2026-02-17,3
7169,782,81,2026-07-28,2
7170,519,43,2026-08-21,5
7171,1683,63,2026-09-10,1
7172,366,2,2025-11-07,3
7173,1906,85,2026-08-31,2
7174,333,85,2026-02-26,3
7175,836,77,2026-01-15,1
7176,185,20,2026-07-23,2
7177,746,32,2026-05-19,1
7178,1130,35,2025-12-29,5
7179,830,91,2026-05-16,1
7180,1250,49,2026-02-01,4
7181,271,97,2025-09-27,3
7182,769,41,2026-01-29,2
7183,632,6,2026-09-15,3
7184,456,90,2026-03-27,4
7185,1027,97,2026-02-04,1
7186,1092,57,2026-09-20,3
7187,1392,3,2026-02-16,2
7188,1694,90,2026-04-19,3
7189,1120,19,2026-06-15,1
7190,1791,92,2026-03-26,5
7191,1021,32,2026-05-16,5
7192,567,92,2026-04-04,4
7193,312,26,2026-04-25,2
7194,877,5,2026-01-23,4
7195,1653,60,2026-04-21,5
7196,1987,68,2026-08-12,4
7197,1199,10,2026-02-19,2
7198,1191,40,2026-04-05,5
7199,1983,86,2026-06-02,2
7200,1533,7,2025-12-05,3
7201,1239,68,2025-12-31,4
7202,340,53,2025-12-30,5
7203,264,2,2026-08-10,4
7204,816,10,2026-04-28,4
7205,1195,53,2026-07-15,2
7206,1828,45,2026-01-01,4
7207,1209,77,2026-08-05,2
7208,1874,95,2026-07-25,5
7209,508,28,2026-07-04,3
7210,1505,62,2026-07-07,4
7211,1055,60,2026-07-08,4
7212,1252,24,2026-05-15,3
7213,26,39,2026-05-07,1
7214,522,68,2026-01-31,2
7215,1072,33,2025-10-22,5
7216,196,42,2026-01-31,2
7217,1082,96,2026-08-01,2
7218,174,20,2026-07-30,2
7219,21,4,2026-04-21,1
7220,594,39,2025-10-31,1
7221,1349,90,2026-08-27,4
7222,301,79,2026-04-19,1
7223,1518,84,2026-03-02,2
7224,1784,37,2025-10-14,5
7225,446,39,2025-11-02,1
7226,419,67,2025-10-05,5
7227,659,20,2026-06-07,5
7228,272,5,2026-05-25,5
7229,1107,56,2026-08-06,3
7230,786,39,2026-09-05,2
7231,1925,90,2026-09-03,2
7232,1861,2,2026-02-25,3
7233,1986,91,2026-08-10,2
7234,1063,24,2025-10-25,2
7235,1704,30,2026-03-18,1
7236,1910,63,2026-07-15,4
7237,1247,14,2026-05-04,5
7238,1145,80,2026-02-07,4
7239,1875,73,2025-11-30,5
7240,1330,48,2025-10-14,4
7241,270,1,2026-06-27,1
7242,1350,47,2026-05-27,2
7243,1916,1,2026-08-14,4
7244,837,53,2026-08-08,1
7245,882,74,2026-06-23,3
7246,314,97,2026-05-30,3
7247,635,32,2025-09-30,3
7248,528,16,2026-06-05,2
7249,462,10,2026-03-08,2
7250,1353,80,2026-05-31,3
7251,199,2,2026-04-22,1
7252,1004,64,2026-06-08,2
7253,348,10,2026-08-21,4
7254,128,29,2026-03-25,4
7255,1552,74,2025-11-10,2
7256,301,89,2025-10-20,3
7257,1525,75,2026-08-11,5
7258,1210,26,2025-11-02,5
7259,397,27,2026-06-01,4
7260,389,39,2025-10-17,2
7261,1745,40,2026-02-24,3
7262,587,71,2026-05-14,5
7263,1597,35,2025-09-27,4
7264,53,57,2026-05-05,5
7265,1774,17,2026-04-27,2
7266,135,1,2026-03-07,4
7267,659,10,2026-04-26,5
7268,1611,61,2025-11-02,1
7269,1142,100,2026-09-14,3
7270,990,89,2025-11-11,2
7271,341,69,2026-08-29,5
7272,161,35,2026-03-23,3
7273,395,33,2026-04-11,1
7274,1667,10,2026-08-02,5
7275,1043,1,2026-03-27,3
7276,1116,95,2026-03-23,1
7277,658,58,2025-11-14,3
7278,1472,80,2026-02-12,4
7279,750,32,2026-09-04,5
7280,240,51,2026-09-03,1
7281,1008,61,2026-08-24,1
7282,584,2,2025-10-22,5
7283,1828,2,2026-01-30,3
7284,1829,40,2026-03-09,1
7285,566,3,2026-06-30,2
7286,1891,92,2026-08-02,5
7287,365,11,2025-12-12,5
7288,1395,27,2025-10-09,5
7289,807,99,2026-04-10,2
7290,489,66,2025-10-17,3
7291,1136,52,2026-07-02,3
7292,1991,89,2026-08-14,1
7293,911,69,2026-08-30,5
7294,311,51,2025-10-03,3
7295,1246,90,2025-12-16,3
7296,1989,49,2025-11-12,3
7297,896,91,2026-09-16,5
7298,1776,27,2026-01-10,2
7299,1477,54,2026-03-21,2
7300,114,25,2026-01-07,5
7301,615,34,2026-05-24,1
7302,1860,65,2026-06-11,1
7303,999,6,2026-05-06,5
7304,1144,62,2026-08-02,1
7305,345,6,2026-07-29,1
7306,1433,79,2026-07-30,1
7307,1719,93,2026-06-30,3
7308,162,12,2026-01-18,2
7309,1754,19,2026-09-10,4
7310,206,13,2026-04-08,3
7311,565,71,2026-06-29,3
7312,97,44,2026-07-11,2
7313,494,24,2026-04-19,1
7314,1217,84,2025-11-23,4
7315,605,59,2025-10-13,2
7316,38,41,2025-12-11,2
7317,1854,61,2026-07-31,1
7318,978,35,2026-05-28,3
7319,571,38,2026-09-26,4
7320,1964,8,2026-09-19,5
7321,1827,87,2026-09-09,2
7322,1834,26,2026-08-20,1
7323,1538,9,2026-05-12,3
7324,1528,10,2026-04-14,5
7325,695,94,2026-07-17,2
7326,558,54,2026-07-19,4
7327,836,17,2026-04-13,4
7328,509,42,2025-12-28,5
7329,1890,1,2026-04-07,3
7330,2000,2,2026-01-23,2
7331,151,95,2026-04-11,5
7332,34,17,2026-02-28,3
7333,1665,72,2026-06-02,4
7334,443,50,2025-09-30,5
7335,100,43,2026-04-20,1
7336,485,6,2026-04-16,4
7337,489,56,2026-04-17,1
7338,91,17,2026-04-04,5
7339,180,83,2026-08-21,4
7340,1716,2,2026-02-10,5
7341,1204,16,2026-07-03,1
7342,1202,6,2026-01-15,5
7343,338,8,2025-11-26,2
7344,60,19,2026-08-20,3
7345,48,78,2025-12-05,3
7346,324,89,2026-03-19,2
7347,1551,48,2026-05-20,5
7348,1426,77,2026-05-24,3
7349,1757,15,2026-01-23,5
7350,1689,24,2026-08-25,4
7351,102,80,2025-10-18,5
7352,89,18,2026-05-05,4
7353,1879,64,2026-03-24,3
7354,659,33,2026-08-31,3
7355,1210,18,2026-08-15,1
7356,586,96,2026-03-09,5
7357,577,89,2026-08-02,3
7358,462,66,2026-03-14,1
7359,1142,3,2025-11-29,5
7360,1472,71,2025-11-27,5
7361,713,81,2026-04-14,3
7362,433,37,2026-06-25,3
7363,816,52,2026-03-15,2
7364,1223,88,2025-12-21,3
7365,253,64,2025-12-12,5
7366,108,41,2026-06-07,4
7367,25,31,2026-04-09,4
7368,1661,54,2025-11-18,2
7369,1110,55,2026-03-04,1
7370,22,38,2026-05-14,4
7371,316,97,2026-08-20,4
7372,33,17,2026-04-22,2
7373,1638,9,2026-03-26,3
7374,748,4,2026-06-12,1
7375,1956,26,2026-04-06,1
7376,904,30,2025-10-31,1
7377,1018,13,2026-05-01,3
7378,111,45,2026-05-01,5
7379,1172,8,2026-05-10,3
7380,368,33,2025-12-02,3
7381,429,32,2025-11-04,5
7382,630,57,2026-03-13,5
7383,116,91,2026-02-09,4
7384,1499,96,2026-02-09,3
7385,199,88,2026-01-14,3
7386,1924,60,2026-09-17,5
7387,654,93,2025-10-24,4
7388,1173,95,2025-11-29,1
7389,1910,68,2026-08-22,5
7390,815,56,2026-06-26,3
7391,1190,28,2026-04-22,4
7392,796,16,2026-03-15,5
7393,399,42,2026-01-25,5
7394,541,81,2026-06-07,5
7395,811,71,2026-05-20,1
7396,1407,60,2026-04-06,1
7397,1988,32,2025-12-31,4
7398,1642,94,2026-05-27,1
7399,544,32,2026-07-01,1
7400,206,73,2026-08-21,2
7401,53,78,2025-12-19,3
7402,1002,31,2026-05-06,2
7403,1742,19,2026-01-02,5
7404,982,28,2026-09-19,2
7405,1159,52,2026-01-12,3
7406,82,24,2026-02-06,5
7407,660,31,2025-12-04,2
7408,1915,59,2026-04-17,4
7409,1761,76,2026-08-09,2
7410,339,57,2026-02-06,4
7411,1274,91,2026-01-26,2
7412,1477,69,2026-01-19,3
7413,289,6,2026-08-26,2
7414,1405,24,2026-01-27,1
7415,193,33,2026-07-18,1
7416,867,79,2025-10-30,2
7417,1559,23,2026-01-21,5
7418,601,18,2026-02-16,2
7419,1014,85,2026-02-26,1
7420,1211,68,2026-08-02,2
7421,19,87,2026-08-04,4
7422,1680,42,2026-03-15,1
7423,1726,35,2026-03-14,3
7424,1837,50,2025-11-30,1
7425,663,56,2026-05-11,5
7426,1248,80,2026-09-15,1
7427,1129,29,2026-01-08,1
7428,8,92,2025-10-12,4
7429,504,28,2026-02-19,2
7430,1585,98,2025-12-30,4
7431,1485,100,2026-08-13,2
7432,1010,58,2025-12-01,4
7433,448,27,2026-05-24,1
7434,1816,93,2026-04-27,5
7435,1967,5,2026-09-20,4
7436,1902,39,2026-04-20,4
7437,1896,57,2025-10-11,1
7438,1144,47,2026-01-11,1
7439,776,5,2026-01-26,3
7440,642,22,2026-08-07,5
7441,1631,39,2026-06-11,2
7442,590,11,2026-08-15,1
7443,969,91,2026-08-20,3
7444,271,64,2025-10-24,3
7445,1384,83,2025-10-06,4
7446,1601,98,2026-05-27,3
7447,343,55,2026-06-13,4
7448,283,48,2026-04-30,5
7449,1725,56,2025-09-28,2
7450,1726,6,2025-10-04,2
7451,830,25,2026-09-23,5
7452,731,82,2026-09-01,4
7453,1938,53,2026-02-08,1
7454,1175,58,2026-02-18,3
7455,1219,63,2026-03-07,5
7456,214,67,2026-01-11,2
7457,1432,99,2026-07-24,5
7458,993,96,2026-09-09,5
7459,1451,36,2026-07-01,5
7460,528,77,2025-11-05,5
7461,71,76,2026-05-03,5
7462,1667,41,2026-03-07,1
7463,1224,90,2026-02-18,2
7464,1687,54,2025-12-09,4
7465,444,17,2026-02-25,2
7466,1998,76,2026-01-18,3
7467,208,17,2026-04-10,1
7468,1472,71,2025-12-16,5
7469,1914,69,2026-09-22,1
7470,1776,14,2026-08-31,3
7471,591,72,2026-08-08,3
7472,516,3,2026-01-21,1
7473,150,24,2026-09-20,4
7474,1519,90,2026-05-08,2
7475,1863,25,2025-12-06,5
7476,1441,39,2026-06-25,4
7477,354,82,2026-02-27,2
7478,815,92,2026-03-20,4
7479,1426,63,2026-06-12,1
7480,1586,65,2026-06-16,5
7481,1862,17,2025-12-08,2
7482,1077,83,2026-05-15,5
7483,990,8,2026-08-25,3
7484,1120,38,2026-08-29,1
7485,1070,7,2026-04-13,4
7486,158,94,2026-09-19,2
7487,1482,33,2026-09-19,5
7488,758,52,2026-08-21,3
7489,1532,74,2026-05-24,5
7490,1992,35,2026-06-28,4
7491,1543,87,2025-10-09,3
7492,878,88,2026-06-17,4
7493,552,73,2026-08-12,4
7494,1810,87,2026-01-03,5
7495,1989,1,2026-01-28,5
7496,316,26,2026-05-12,4
7497,104,70,2025-11-27,1
7498,1803,19,2026-07-17,4
7499,787,52,2025-11-08,2
7500,203,54,2025-09-30,3
7501,1845,41,2026-03-28,4
7502,1038,53,2026-09-12,3
7503,1023,86,2026-03-15,5
7504,661,42,2026-04-19,3
7505,722,13,2026-06-06,2
7506,964,56,2026-02-04,3
7507,15,7,2025-09-29,4
7508,915,44,2026-06-22,5
7509,1656,68,2026-04-27,2
7510,1400,8,2026-02-23,3
7511,850,49,2025-11-02,3
7512,666,14,2026-02-04,2
7513,1827,33,2025-12-25,3
7514,141,99,2026-02-07,5
7515,1253,61,2026-07-25,3
7516,295,26,2025-09-29,2
7517,833,69,2026-06-24,4
7518,1050,100,2025-10-05,2
7519,1681,61,2026-03-08,1
7520,927,3,2025-10-29,2
7521,398,6,2026-04-24,5
7522,1659,35,2026-02-26,2
7523,1050,83,2026-01-13,4
7524,356,6,2025-10-28,3
7525,1108,79,2025-10-21,5
7526,63,78,2026-01-19,3
7527,436,35,2025-11-01,5
7528,1196,99,2025-10-03,4
7529,136,78,2026-08-19,4
7530,993,74,2026-07-29,4
7531,1722,35,2025-12-05,3
7532,1138,35,2025-12-14,1
7533,743,50,2026-01-12,5
7534,1079,2,2026-02-12,3
7535,1873,6,2026-03-08,4
7536,725,97,2026-01-09,4
7537,1008,39,2026-09-15,5
7538,1174,42,2025-10-04,4
7539,1309,29,2026-08-20,5
7540,1387,3,2026-02-02,3
7541,1697,81,2026-07-23,5
7542,288,85,2025-10-20,4
7543,346,92,2025-09-27,5
7544,554,19,2026-02-02,1
7545,1986,12,2026-01-24,3
7546,1230,98,2026-06-25,2
7547,1067,36,2026-03-16,5
7548,960,25,2025-10-05,3
7549,84,30,2025-12-14,1
7550,1524,57,2026-07-12,4
7551,586,69,2026-05-26,4
7552,743,79,2026-05-20,3
7553,1345,40,2025-11-24,1
7554,1842,55,2026-06-16,3
7555,1071,93,2026-09-13,2
7556,8,65,2026-01-08,5
7557,1719,78,2025-12-02,3
7558,1065,51,2026-08-21,5
7559,218,74,2026-02-15,4
7560,502,83,2025-12-17,2
7561,1989,55,2025-12-22,1
7562,739,93,2026-08-22,5
7563,1468,80,2026-04-07,3
7564,941,54,2025-12-20,4
7565,1901,67,2026-02-23,2
7566,1740,57,2025-11-16,2
7567,6,50,2026-09-20,4
7568,1728,76,2025-12-29,2
7569,1980,83,2026-08-29,1
7570,189,68,2026-04-05,1
7571,1108,65,2026-05-24,2
7572,1596,19,2026-02-24,4
7573,1683,44,2026-03-31,5
7574,849,80,2026-03-05,5
7575,1713,3,2026-07-27,4
7576,483,18,2025-12-14,4
7577,451,84,2025-12-09,4
7578,923,80,2025-11-26,5
7579,56,20,2026-07-20,2
7580,966,87,2026-01-21,5
7581,74,91,2025-10-25,4
7582,1688,35,2026-03-07,5
7583,1307,58,2026-08-14,1
7584,1820,71,2026-09-05,3
7585,915,75,2026-05-23,3
7586,532,10,2026-09-22,4
7587,1017,41,2026-04-30,3
7588,1216,68,2026-01-08,1
7589,1108,80,2026-07-02,1
7590,1534,27,2026-05-16,4
7591,136,46,2026-06-17,5
7592,657,64,2025-10-30,5
7593,1143,75,2025-10-26,3
7594,1045,78,2026-04-04,4
7595,830,71,2025-12-21,2
7596,540,71,2026-06-12,5
7597,842,27,2026-05-11,5
7598,1764,20,2025-10-08,1
7599,981,52,2026-09-12,1
7600,488,76,2025-12-13,4
7601,223,24,2026-09-10,1
7602,1611,86,2026-08-16,5
7603,1295,43,2025-10-11,1
7604,1800,70,2026-07-04,1
7605,1902,73,2025-12-15,5
7606,1319,50,2026-06-21,1
7607,1571,18,2026-06-15,1
7608,1695,63,2026-08-25,1
7609,795,92,2026-04-20,5
7610,1789,16,2025-10-15,1
7611,1201,17,2026-05-17,2
7612,1597,19,2026-05-31,5
7613,295,50,2026-07-08,5
7614,1830,30,2026-08-03,2
7615,1855,91,2026-02-14,5
7616,1905,56,2026-09-01,3
7617,1848,59,2026-08-04,1
7618,1462,41,2026-01-29,1
7619,1006,42,2026-04-30,4
7620,1258,53,2026-06-15,100
7621,1996,25,2026-01-20,3
7622,1415,58,2026-03-27,1
7623,906,31,2026-06-03,1
7624,1721,85,2025-12-23,2
7625,662,43,2025-11-17,3
7626,88,88,2026-08-16,3
7627,1385,5,2026-05-10,3
7628,1319,12,2025-12-01,5
7629,1266,78,2026-05-29,2
7630,561,91,2026-06-18,3
7631,92,40,2026-02-08,3
7632,1101,27,2026-06-14,1
7633,638,9,2025-11-05,3
7634,1948,7,2026-06-01,1
7635,1918,30,2025-12-14,3
7636,407,52,2025-10-22,5
7637,234,42,2026-05-12,4
7638,1233,10,2026-06-27,1
7639,1309,57,2026-07-22,4
7640,915,69,2026-08-09,1
7641,476,82,2025-12-08,3
7642,547,46,2026-08-14,4
7643,598,34,2026-06-16,4
7644,1177,38,2026-05-27,1
7645,1679,99,2026-01-23,4
7646,1954,39,2026-05-03,1
7647,885,28,2025-10-30,2
7648,654,62,2026-08-06,2
7649,1037,85,2026-06-09,2
7650,728,75,2025-11-26,4
7651,928,91,2026-04-02,2
7652,1864,91,2026-07-31,2
7653,900,30,2026-09-01,1
7654,806,72,2026-06-14,2
7655,78,18,2026-09-25,5
7656,679,72,2025-11-11,3
7657,1356,39,2026-09-23,2
7658,465,23,2026-01-21,3
7659,770,95,2025-11-12,3
7660,1127,45,2025-11-01,3
7661,507,75,2026-06-29,4
7662,50,60,2026-04-14,2
7663,598,50,2026-02-27,4
7664,522,50,2026-09-25,2
7665,708,96,2025-11-28,5
7666,1116,37,2026-03-28,1
7667,998,35,2026-08-14,5
7668,870,9,2025-11-24,4
7669,690,2,2025-09-28,2
7670,158,66,2025-12-20,1
7671,1157,71,2026-04-22,1
7672,1709,37,2026-08-23,1
7673,1614,98,2026-01-21,3
7674,1368,62,2026-02-14,4
7675,1822,8,2026-09-19,5
7676,1674,72,2026-02-04,2
7677,998,58,2026-09-17,3
7678,1508,17,2025-10-10,5
7679,1098,52,2025-11-30,3
7680,1305,31,2026-09-02,2
7681,1663,20,2025-10-11,4
7682,713,96,2026-08-17,1
7683,1487,83,2026-07-18,5
7684,1449,24,2026-04-11,1
7685,1825,25,2026-07-09,4
7686,927,59,2026-04-08,1
7687,1529,49,2026-07-31,4
7688,892,10,2026-04-26,1
7689,642,96,2025-12-07,4
7690,570,23,2026-01-28,1
7691,1625,17,2025-12-04,2
7692,1432,29,2026-09-10,3
7693,1206,70,2026-08-07,1
7694,1843,27,2025-11-03,4
7695,1135,29,2026-05-01,4
7696,734,80,2026-06-03,1
7697,972,58,2025-11-14,5
7698,671,20,2025-11-02,3
7699,1668,52,2026-02-15,1
7700,602,4,2026-02-14,5
7701,433,32,2025-12-20,3
7702,938,39,2025-10-29,4
7703,890,40,2026-03-30,2
7704,1667,7,2026-04-07,1
7705,786,32,2026-07-05,4
7706,778,28,2025-12-01,1
7707,1198,97,2026-07-14,3
7708,782,79,2026-08-22,3
7709,1194,98,2026-03-28,2
7710,375,63,2026-08-20,4
7711,1743,34,2026-04-07,1
7712,1245,6,2026-02-26,1
7713,1900,71,2026-01-15,3
7714,1993,23,2025-09-28,3
7715,131,94,2026-03-21,2
7716,1597,37,2026-02-12,3
7717,818,62,2026-07-05,2
7718,1093,69,2025-12-28,2
7719,2,39,2026-07-17,4
7720,1960,30,2026-01-28,1
7721,1895,47,2026-02-03,3
7722,1498,95,2026-04-08,1
7723,1407,62,2026-04-06,3
7724,1699,26,2026-07-21,2
7725,191,15,2026-03-29,3
7726,1601,76,2026-09-18,4
7727,1059,60,2026-06-23,5
7728,438,9,2026-03-08,2
7729,17,38,2026-09-14,1
7730,660,37,2026-07-22,2
7731,1015,84,2026-05-10,4
7732,195,66,2026-05-02,2
7733,1431,68,2025-10-23,3
7734,106,8,2026-06-11,1
7735,1098,62,2026-09-18,2
7736,640,27,2025-11-09,5
7737,665,12,2025-11-09,1
7738,469,56,2026-02-02,4
7739,845,22,2026-06-27,1
7740,996,71,2025-10-04,1
7741,935,13,2026-07-04,1
7742,1376,52,2026-08-07,5
7743,867,39,2026-03-09,2
7744,1559,59,2026-03-15,1
7745,1316,71,2026-04-23,1
7746,1769,55,2025-12-09,5
7747,406,32,2026-08-29,1
7748,1930,34,2026-04-05,2
7749,1522,26,2026-09-23,1
7750,69,7,2026-04-21,2
7751,112,24,2026-01-04,5
7752,1791,43,2026-05-06,3
7753,39,87,2026-09-18,3
7754,345,37,2025-12-06,1
7755,593,20,2025-11-15,1
7756,838,62,2026-04-21,1
7757,646,10,2025-11-18,3
7758,1513,76,2026-03-09,5
7759,40,13,2025-12-08,4
7760,1829,32,2026-05-02,2
7761,289,17,2026-06-19,2
7762,570,5,2025-12-05,1
7763,476,76,2026-03-09,2
7764,1362,23,2025-12-30,1
7765,774,18,2026-04-05,1
7766,1968,85,2025-11-14,5
7767,1742,10,2025-10-20,1
7768,525,69,2026-01-11,3
7769,458,74,2026-01-12,1
7770,467,83,2026-01-03,2
7771,372,67,2026-04-01,4
7772,1632,28,2025-11-25,2
7773,1502,77,2026-01-29,3
7774,1705,53,2026-03-17,3
7775,259,28,2026-03-16,3
7776,1026,52,2025-12-31,3
7777,1249,57,2026-02-26,4
7778,355,34,2025-09-29,5
7779,881,55,2026-06-16,2
7780,357,96,2026-02-11,1
7781,1948,46,2026-07-22,2
7782,1537,59,2026-05-08,4
7783,1854,32,2026-08-13,3
7784,1174,71,2026-08-31,3
7785,1274,61,2025-12-26,2
7786,829,100,2026-03-28,1
7787,1410,23,2026-03-17,4
7788,760,43,2026-04-21,5
7789,548,63,2025-10-30,4
7790,758,32,2025-12-16,5
7791,1269,54,2025-10-28,4
7792,216,35,2026-02-27,4
7793,449,32,2026-04-04,4
7794,1430,48,2026-07-21,2
7795,1799,57,2026-02-21,3
7796,890,93,2026-04-16,3
7797,478,44,2026-09-03,2
7798,1189,90,2026-07-11,4
7799,1561,82,2025-12-01,5
7800,1820,44,2026-07-06,2
7801,594,26,2025-12-14,4
7802,1892,76,2026-06-06,2
7803,212,44,2026-02-26,4
7804,321,83,2025-11-07,4
7805,1430,54,2026-08-23,2
7806,1121,29,2026-08-13,3
7807,436,85,2026-02-12,3
7808,1124,43,2026-04-25,5
7809,505,86,2026-05-04,5
7810,846,13,2025-10-10,4
7811,302,38,2026-06-29,5
7812,1209,82,2026-05-25,2
7813,1247,97,2026-08-08,5
7814,159,54,2026-08-29,1
7815,1763,29,2026-03-27,5
7816,208,51,2025-11-08,5
7817,403,89,2026-08-28,4
7818,60,32,2025-11-11,1
7819,1652,27,2026-06-08,4
7820,778,8,2025-12-02,4
7821,341,100,2026-09-15,1
7822,561,69,2025-11-14,5
7823,1669,62,2026-05-01,5
7824,40,72,2026-09-26,2
7825,1499,36,2026-04-12,5
7826,242,17,2026-01-11,1
7827,816,26,2026-02-20,5
7828,1604,99,2026-02-26,4
7829,377,42,2026-04-18,3
7830,1534,75,2025-12-09,2
7831,1726,90,2026-04-13,3
7832,1538,52,2026-03-22,2
7833,1225,14,2026-01-02,4
7834,1533,75,2025-12-07,5
7835,1842,39,2026-08-15,1
7836,810,74,2026-01-15,3
7837,1734,86,2026-06-12,1
7838,225,24,2026-09-03,4
7839,1866,50,2026-09-21,3
7840,943,12,2026-07-14,5
7841,925,87,2026-04-24,1
7842,1397,71,2026-04-25,2
7843,674,29,2026-01-16,5
7844,68,14,2025-11-22,4
7845,348,45,2025-11-21,5
7846,233,52,2025-10-11,2
7847,1233,35,2026-07-14,5
7848,1560,97,2025-10-14,1
7849,464,30,2026-01-04,3
7850,442,61,2026-02-13,4
7851,1346,27,2026-05-31,3
7852,1628,13,2026-06-27,3
7853,1691,73,2025-10-20,5
7854,544,12,2026-09-15,1
7855,1772,56,2025-11-02,4
7856,444,5,2026-07-31,1
7857,1862,70,2026-02-02,1
7858,821,2,2025-11-19,3
7859,1341,91,2026-07-20,5
7860,1347,11,2026-09-01,1
7861,1738,40,2025-10-21,2
7862,309,68,2025-10-16,5
7863,1748,54,2026-04-28,1
7864,1876,70,2026-04-21,1
7865,1795,80,2025-11-03,5
7866,505,38,2025-10-17,2
7867,1956,99,2025-11-28,2
7868,1028,96,2026-02-06,3
7869,1134,34,2026-02-28,2
7870,430,41,2025-10-27,2
7871,872,8,2025-11-04,4
7872,1375,13,2026-07-13,4
7873,205,27,2026-07-26,5
7874,121,11,2026-04-10,3
7875,203,90,2026-05-31,1
7876,238,27,2026-06-07,2
7877,201,75,2026-09-23,3
7878,278,39,2025-10-05,4
7879,1777,1,2026-09-04,2
7880,1138,84,2026-06-20,1
7881,189,16,2026-02-22,2
7882,941,81,2026-06-27,3
7883,280,63,2026-03-08,1
7884,437,56,2026-08-04,4
7885,755,63,2026-06-15,4
7886,1762,55,2026-02-24,2
7887,147,31,2026-08-02,5
7888,77,82,2025-11-06,4
7889,1259,15,2026-02-28,4
7890,1603,74,2025-11-28,3
7891,511,83,2025-12-22,2
7892,714,37,2025-11-26,1
7893,1455,31,2025-11-04,1
7894,447,43,2026-03-17,1
7895,1223,85,2026-04-25,4
7896,380,50,2026-08-31,1
7897,1123,33,2026-04-23,3
7898,343,42,2026-03-18,2
7899,1018,95,2026-08-28,3
7900,5,18,2025-11-04,3
7901,997,93,2026-02-18,1
7902,956,75,2026-09-24,5
7903,1444,79,2026-07-29,3
7904,1077,46,2026-06-20,4
7905,1239,37,2026-04-14,5
7906,1945,77,2026-07-15,2
7907,63,48,2025-10-26,1
7908,1288,90,2026-07-26,3
7909,925,45,2026-05-06,4
7910,749,47,2026-01-11,5
7911,1816,19,2026-02-25,2
7912,1307,93,2026-05-14,1
7913,320,50,2026-05-18,4
7914,1558,84,2025-12-04,3
7915,752,4,2026-04-22,3
7916,1790,2,2026-04-10,4
7917,1359,6,2025-10-08,1
7918,1760,84,2026-02-24,3
7919,1718,29,2025-11-22,1
7920,1043,83,2026-04-08,4
7921,534,6,2025-12-28,5
7922,1594,14,2026-05-12,1
7923,1984,82,2025-09-28,4
7924,1109,77,2026-04-24,1
7925,557,98,2026-09-06,1
7926,278,69,2026-06-02,2
7927,967,53,2025-09-30,2
7928,1028,93,2026-01-03,1
7929,720,85,2025-11-28,2
7930,470,19,2025-12-07,5
7931,371,23,2025-12-11,5
7932,582,2,2025-12-15,5
7933,965,42,2026-02-16,2
7934,395,46,2026-06-23,5
7935,1220,39,2026-07-26,1
7936,559,12,2025-09-27,1
7937,549,58,2026-07-07,5
7938,468,48,2025-11-25,1
7939,237,32,2026-09-22,3
7940,61,100,2026-09-03,3
7941,653,100,2026-01-04,4
7942,338,99,2025-12-10,5
7943,269,1,2026-07-27,4
7944,241,82,2026-02-22,3
7945,1140,6,2026-06-04,5
7946,1074,31,2026-05-22,1
7947,1898,70,2025-12-01,1
7948,49,39,2025-11-03,1
7949,590,92,2026-08-11,3
7950,618,10,2026-01-29,5
7951,1786,98,2026-03-16,2
7952,1559,13,2026-06-15,3
7953,962,72,2026-02-21,4
7954,590,94,2026-05-17,2
7955,75,23,2026-07-05,1
7956,1045,87,2026-08-21,5
7957,458,3,2026-08-05,4
7958,1549,45,2026-01-18,4
7959,1316,91,2026-07-10,1
7960,466,60,2026-09-06,5
7961,1584,15,2026-07-23,2
7962,455,85,2025-11-15,5
7963,514,31,2026-05-12,4
7964,1180,2,2026-07-29,3
7965,1132,42,2026-03-15,3
7966,1607,48,2026-06-06,5
7967,627,90,2026-07-16,1
7968,1556,36,2026-07-02,2
7969,1833,95,2026-07-18,1
7970,1235,56,2026-04-29,5
7971,101,89,2026-08-19,3
7972,1831,20,2026-03-29,5
7973,1641,70,2026-08-04,4
7974,773,9,2025-10-04,1
7975,680,54,2026-04-13,4
7976,479,58,2026-01-28,3
7977,910,6,2026-04-05,1
7978,652,19,2026-04-19,4
7979,191,29,2026-04-27,4
7980,1148,9,2026-09-01,3
7981,1841,71,2026-07-24,1
7982,733,29,2025-12-07,1
7983,575,25,2026-06-16,4
7984,1262,79,2026-04-19,2
7985,1256,51,2026-08-20,3
7986,618,59,2026-02-11,4
7987,662,2,2025-12-28,5
7988,1384,24,2026-02-18,2
7989,1846,33,2025-12-08,2
7990,618,66,2026-01-13,1
7991,561,11,2025-10-13,4
7992,259,40,2026-09-25,1
7993,701,32,2026-03-15,4
7994,222,42,2026-07-31,5
7995,646,59,2026-03-19,3
7996,1901,4,2026-07-23,4
7997,1709,64,2025-12-25,5
7998,31,21,2026-04-08,3
7999,756,58,2025-12-20,1
8000,1563,28,2026-01-27,2
8001,296,80,2026-08-29,3
8002,1229,38,2026-09-07,3
8003,1907,29,2025-12-28,1
8004,1311,69,2026-03-10,2
8005,793,29,2026-06-22,1
8006,42,18,2026-02-17,5
8007,804,24,2026-05-07,5
8008,186,57,2026-07-31,2
8009,995,38,2025-11-16,2
8010,285,17,2026-07-31,1
8011,179,53,2026-02-28,4
8012,1900,99,2026-07-01,2
8013,736,88,2025-11-27,2
8014,361,52,2026-07-26,4
8015,430,61,2026-08-02,1
8016,454,17,2026-04-17,3
8017,1989,28,2025-10-13,1
8018,1201,21,2026-01-23,5
8019,619,69,2025-10-20,3
8020,379,20,2025-09-30,1
8021,196,86,2026-04-29,5
8022,218,74,2025-10-21,2
8023,499,28,2026-08-22,3
8024,463,63,2026-08-09,5
8025,174,78,2026-06-03,1
8026,120,83,2025-09-28,1
8027,1452,75,2025-12-30,3
8028,204,49,2026-05-05,2
8029,1724,44,2025-12-30,4
8030,576,90,2026-09-08,4
8031,1053,95,2025-10-29,3
8032,1987,77,2026-03-27,3
8033,1490,58,2025-09-28,5
8034,1663,19,2026-08-11,2
8035,586,100,2025-09-27,3
8036,280,96,2026-01-16,2
8037,1971,50,2025-11-08,4
8038,1877,69,2026-05-23,1
8039,679,49,2026-02-19,3
8040,1504,37,2026-05-10,2
8041,27,95,2026-05-12,1
8042,606,97,2026-08-07,3
8043,1388,79,2026-01-05,1
8044,1373,58,2025-11-07,4
8045,1985,54,2026-05-04,4
8046,120,45,2026-03-20,2
8047,965,83,2026-08-30,4
8048,257,4,2025-10-31,5
8049,1135,12,2025-12-17,3
8050,1122,8,2026-05-29,4
8051,152,93,2026-09-01,5
8052,320,17,2025-10-27,2
8053,1383,15,2025-11-01,4
8054,1283,71,2026-05-29,4
8055,792,81,2025-10-09,4
8056,876,27,2026-08-16,3
8057,278,20,2026-01-30,2
8058,996,16,2026-09-12,5
8059,1200,20,2026-03-28,1
8060,776,82,2025-12-06,5
8061,1326,66,2026-02-19,3
8062,452,64,2026-04-27,1
8063,586,20,2025-11-08,5
8064,395,3,2026-03-05,1
8065,1923,96,2025-10-11,2
8066,1701,44,2026-05-17,2
8067,1541,69,2026-07-15,5
8068,305,32,2026-09-18,1
8069,294,34,2026-01-11,4
8070,1228,85,2026-03-22,5
8071,779,79,2026-04-09,2
8072,1989,62,2025-11-30,5
8073,212,63,2026-02-06,5
8074,1642,88,2026-01-08,4
8075,702,73,2026-04-26,1
8076,1835,27,2026-03-20,5
8077,85,13,2025-12-07,1
8078,1367,4,2026-02-14,4
8079,336,90,2026-03-26,4
8080,600,24,2026-04-16,4
8081,1774,29,2026-05-12,3
8082,1650,19,2025-10-29,4
8083,573,41,2025-12-29,3
8084,1971,32,2026-01-17,4
8085,1378,51,2026-04-02,3
8086,1257,61,2026-04-12,4
8087,1084,57,2026-02-07,5
8088,1206,55,2026-02-24,2
8089,571,74,2025-12-20,3
8090,753,16,2026-09-24,1
8091,834,81,2026-03-03,2
8092,12,53,2026-03-07,5
8093,1988,73,2025-12-02,4
8094,785,69,2026-03-13,3
8095,293,87,2025-11-22,1
8096,1569,17,2026-04-30,4
8097,1457,64,2026-04-28,2
8098,1935,30,2026-07-29,3
8099,45,79,2026-09-21,4
8100,1593,28,2026-07-23,3
8101,1797,35,2026-09-12,2
8102,269,74,2025-11-03,1
8103,896,85,2026-02-28,3
8104,382,19,2025-09-29,2
8105,1829,64,2026-02-23,4
8106,1756,89,2026-07-05,1
8107,1866,45,2026-02-20,4
8108,950,18,2026-07-14,3
8109,1770,67,2025-11-25,3
8110,1343,7,2026-09-19,4
8111,417,30,2025-10-09,5
8112,275,12,2026-06-25,3
8113,1138,88,2026-05-16,2
8114,396,57,2026-01-29,2
8115,115,73,2026-09-17,3
8116,132,92,2026-03-08,4
8117,820,99,2026-06-03,4
8118,810,26,2025-10-03,4
8119,450,86,2026-08-15,2
8120,874,26,2026-06-20,1
8121,138,18,2025-11-23,2
8122,1683,7,2025-10-10,5
8123,1031,35,2026-02-23,2
8124,1674,33,2026-04-13,5
8125,420,97,2026-01-09,2
8126,1739,58,2026-05-01,5
8127,47,66,2026-04-10,2
8128,1107,78,2026-09-15,4
8129,1483,95,2026-06-09,1
8130,424,49,2026-09-19,1
8131,1311,87,2026-03-17,3
8132,1879,37,2026-08-03,4
8133,273,4,2026-07-30,5
8134,1879,54,2026-04-04,3
8135,1465,7,2026-07-14,1
8136,299,34,2026-01-01,5
8137,1564,12,2026-04-04,5
8138,767,7,2026-01-15,1
8139,222,43,2025-11-05,3
8140,225,61,2026-04-15,3
8141,1466,89,2026-06-25,1
8142,1798,7,2026-06-30,2
8143,1503,66,2026-06-22,5
8144,1552,94,2026-08-20,1
8145,523,82,2026-02-20,1
8146,578,8,2025-10-28,3
8147,131,45,2026-01-28,4
8148,1831,66,2026-04-12,3
8149,1408,28,2025-11-04,3
8150,1070,82,2026-01-02,1
8151,1055,83,2026-02-14,2
8152,636,59,2026-05-29,3
8153,1036,7,2026-03-26,2
8154,1279,82,2025-10-18,1
8155,1889,52,2025-11-18,5
8156,782,37,2026-03-08,4
8157,998,58,2025-11-22,5
8158,74,12,2026-02-08,5
8159,317,60,2025-10-16,1
8160,1838,78,2026-04-22,5
8161,1145,83,2026-09-17,2
8162,1438,14,2026-06-01,4
8163,219,47,2025-11-13,5
8164,869,67,2026-04-14,4
8165,175,73,2025-11-23,5
8166,1693,50,2026-05-25,4
8167,1187,95,2026-03-28,5
8168,1360,26,2026-01-08,2
8169,135,61,2026-04-26,1
8170,1772,4,2026-03-10,3
8171,425,48,2026-06-28,2
8172,731,83,2026-02-04,5
8173,1205,45,2025-10-31,4
8174,901,91,2026-03-13,2
8175,757,32,2026-07-03,3
8176,507,75,2026-01-27,5
8177,335,37,2026-06-14,2
8178,820,85,2026-04-13,2
8179,959,100,2025-11-14,4
8180,1146,6,2026-03-17,1
8181,677,70,2026-09-10,3
8182,877,71,2026-05-02,4
8183,1780,27,2026-08-02,1
8184,14,20,2026-01-08,5
8185,419,21,2026-03-20,4
8186,981,97,2025-12-27,4
8187,1214,72,2026-05-05,2
8188,649,9,2026-02-04,3
8189,126,22,2026-09-25,3
8190,1792,67,2025-11-30,3
8191,874,14,2026-02-27,2
8192,1647,70,2025-09-29,4
8193,1928,1,2026-01-02,5
8194,1893,61,2026-07-12,2
8195,1309,59,2025-10-01,2
8196,1772,92,2026-07-08,2
8197,1625,61,2026-06-01,4
8198,1884,96,2026-05-18,1
8199,1800,98,2025-11-27,5
8200,288,41,2026-02-23,2
8201,1501,62,2026-09-16,5
8202,407,1,2026-04-14,5
8203,18,57,2025-10-28,1
8204,150,7,2025-12-10,2
8205,289,25,2026-02-16,3
8206,595,63,2026-09-07,2
8207,1975,7,2026-09-09,3
8208,991,89,2026-08-30,4
8209,193,97,2026-05-25,5
8210,1850,55,2026-09-26,1
8211,1188,75,2026-09-09,4
8212,771,47,2025-11-21,5
8213,717,99,2026-05-07,4
8214,1577,59,2026-04-21,4
8215,84,78,2026-02-25,5
8216,774,68,2026-09-10,2
8217,589,100,2026-01-04,3
8218,36,79,2025-10-05,3
8219,331,37,2025-12-13,2
8220,778,88,2026-09-07,3
8221,1599,59,2026-01-05,5
8222,1961,89,2026-01-07,2
8223,1716,12,2025-12-01,5
8224,1557,34,2025-11-04,2
8225,1441,2,2026-08-12,4
8226,742,89,2025-10-07,3
8227,1376,32,2026-05-29,4
8228,1562,15,2025-10-22,3
8229,1616,82,2026-06-06,5
8230,170,43,2025-11-24,1
8231,197,6,2026-09-21,1
8232,1452,20,2026-04-18,4
8233,63,65,2025-10-01,1
8234,822,45,2025-12-04,5
8235,1470,27,2026-07-16,3
8236,1864,44,2026-05-24,5
8237,1769,72,2026-05-18,2
8238,653,37,2026-01-17,5
8239,1462,27,2026-06-10,3
8240,1832,12,2026-06-05,5
8241,221,37,2025-12-31,5
8242,967,73,2026-04-21,1
8243,788,32,2026-02-03,5
8244,1298,50,2026-04-26,3
8245,1704,31,2026-09-09,2
8246,1796,27,2025-10-08,1
8247,1419,18,2026-06-07,4
8248,748,19,2026-05-01,5
8249,636,51,2025-12-08,5
8250,541,76,2026-03-16,2
8251,1372,17,2026-06-09,3
8252,81,5,2025-09-28,2
8253,1119,51,2025-10-07,1
8254,623,86,2025-11-10,4
8255,655,12,2025-10-05,5
8256,1146,99,2025-10-09,3
8257,427,19,2026-02-17,4
8258,821,84,2025-11-24,2
8259,1801,83,2025-10-26,2
8260,656,54,2026-01-25,2
8261,1226,92,2026-04-10,2
8262,184,8,2025-10-03,1
8263,1207,7,2025-10-16,5
8264,1206,31,2026-07-28,1
8265,909,67,2026-07-07,1
8266,1658,40,2025-09-28,5
8267,356,68,2025-10-19,2
8268,1432,36,2026-03-17,1
8269,1114,77,2026-03-17,2
8270,1399,7,2026-08-12,5
8271,102,34,2026-01-22,2
8272,909,54,2026-08-17,4
8273,497,99,2025-11-11,4
8274,349,69,2026-04-16,1
8275,1616,11,2026-06-16,2
8276,1382,82,2025-12-06,4
8277,137,45,2026-06-20,5
8278,1598,59,2026-03-01,3
8279,1735,1,2026-05-19,3
8280,151,12,2026-01-17,1
8281,1395,71,2026-03-24,2
8282,1597,95,2026-09-07,2
8283,1766,79,2025-10-01,4
8284,1905,26,2026-06-08,5
8285,1268,65,2026-05-14,3
8286,194,72,2025-12-07,5
8287,1530,40,2025-11-29,2
8288,865,78,2026-09-03,2
8289,836,94,2026-05-27,3
8290,59,97,2026-08-24,1
8291,1664,63,2026-04-22,4
8292,1414,13,2026-05-30,5
8293,981,51,2026-06-07,2
8294,1088,70,2026-08-29,2
8295,1899,31,2026-04-24,4
8296,1078,86,2026-07-02,3
8297,180,94,2025-10-09,4
8298,331,59,2026-08-20,4
8299,1213,21,2025-12-24,2
8300,886,56,2026-05-02,4
8301,1702,89,2026-06-17,5
8302,1168,90,2025-10-02,2
8303,1319,51,2026-05-14,1
8304,1674,42,2026-04-17,2
8305,1128,83,2025-12-31,5
8306,1827,92,2026-09-08,5
8307,2,60,2026-08-04,3
8308,1196,31,2026-07-21,3
8309,1097,14,2026-07-13,2
8310,700,80,2026-03-11,4
8311,953,20,2026-05-30,4
8312,1996,78,2026-03-11,4
8313,607,4,2026-04-09,5
8314,1869,72,2026-01-01,3
8315,51,41,2026-06-26,1
8316,1881,91,2025-11-03,3
8317,1584,57,2025-11-29,1
8318,676,62,DATE_INVALIDE,5
8319,386,74,2026-07-22,1
8320,1209,46,2025-12-07,4
8321,1642,12,2026-03-25,5
8322,904,11,2026-06-26,1
8323,1077,55,2026-03-03,1
8324,1788,84,2025-10-25,3
8325,9,92,2025-10-19,5
8326,537,35,2025-12-30,5
8327,1308,24,2026-09-22,5
8328,1150,63,2026-05-13,3
8329,949,7,2026-08-20,2
8330,35,100,2026-08-21,2
8331,402,3,2026-07-25,1
8332,1498,20,2025-11-18,3
8333,28,9,2026-08-17,5
8334,1712,81,2026-04-15,1
8335,564,22,2026-06-06,5
8336,823,85,2025-10-08,5
8337,306,24,2026-03-22,2
8338,1743,25,2026-01-21,4
8339,432,16,2026-08-02,5
8340,788,22,2025-10-05,1
8341,1603,64,2025-10-03,2
8342,1926,18,2025-10-07,3
8343,1853,50,2025-12-24,4
8344,532,90,2025-12-07,5
8345,745,31,2026-05-16,4
8346,591,4,2026-08-18,3
8347,1811,89,2026-06-07,1
8348,1562,36,2026-08-21,3
8349,1938,85,2026-04-15,5
8350,1846,53,2026-04-03,4
8351,102,93,2026-02-04,4
8352,1850,64,2026-07-01,2
8353,1323,39,2026-03-31,3
8354,449,33,2026-04-05,3
8355,575,49,2025-10-30,4
8356,1998,69,2026-07-05,4
8357,1900,66,2026-03-27,2
8358,1531,35,2026-09-03,5
8359,1611,38,2026-01-06,5
8360,1355,46,2026-01-22,5
8361,1291,21,2026-05-04,4
8362,443,56,2026-06-07,4
8363,1061,41,2026-02-27,2
8364,61,85,2025-12-14,4
8365,748,68,2026-05-27,4
8366,1893,66,2025-09-29,5
8367,500,21,2026-02-22,4
8368,1149,28,2026-08-05,3
8369,500,94,2026-02-27,4
8370,1415,44,2026-07-29,5
8371,730,4,2025-10-13,3
8372,1638,8,2026-03-09,3
8373,1221,23,2025-10-13,5
8374,822,60,2026-02-11,2
8375,105,59,2025-10-01,2
8376,353,98,2026-02-17,5
8377,1162,6,2026-01-05,4
8378,466,95,2026-05-13,4
8379,1730,76,2025-12-08,3
8380,1301,45,2026-02-12,1
8381,1152,4,2026-01-28,1
8382,283,43,2026-04-30,5
8383,226,46,2026-03-25,1
8384,272,89,2026-09-08,1
8385,704,3,2026-02-27,2
8386,193,40,2026-07-11,2
8387,465,9,2026-03-21,2
8388,1222,34,2026-05-22,2
8389,1538,63,2026-01-19,5
8390,386,11,2026-03-15,1
8391,292,31,2025-11-23,3
8392,60,36,2026-07-18,2
8393,734,24,2026-04-20,4
8394,306,71,2026-02-09,4
8395,779,24,2026-09-07,3
8396,1418,7,2025-11-22,5
8397,1016,29,2026-04-01,5
8398,1135,92,2026-01-03,3
8399,600,44,2026-03-24,1
8400,1295,97,2026-02-06,4
8401,1635,78,2025-10-17,1
8402,476,42,2026-07-23,1
8403,977,86,2025-11-06,3
8404,1698,46,2026-03-22,3
8405,451,89,2026-09-12,4
8406,65,98,2026-09-19,4
8407,971,24,2025-12-05,5
8408,852,59,2025-11-21,2
8409,906,33,2026-01-31,4
8410,1728,18,2025-11-14,1
8411,651,61,2026-09-03,3
8412,1473,93,2026-05-01,2
8413,528,13,2026-05-02,2
8414,59,66,2026-05-02,3
8415,243,66,2026-06-23,4
8416,328,2,2026-04-15,5
8417,1911,8,2026-08-11,4
8418,480,11,2026-07-16,5
8419,493,3,2026-05-05,2
8420,1225,44,2026-08-09,1
8421,1526,64,2026-05-08,1
8422,688,5,2026-03-05,3
8423,1683,76,2026-08-08,5
8424,1880,17,2025-12-09,4
8425,467,87,2026-05-10,1
8426,1951,98,2025-12-24,2
8427,1601,30,2026-02-17,5
8428,1087,5,2026-07-08,3
8429,705,12,2026-06-11,3
8430,312,8,2026-08-25,2
8431,1245,32,2026-04-04,4
8432,751,6,2026-02-26,2
8433,360,93,2026-07-07,2
8434,505,33,2025-11-20,2
8435,741,99,2026-05-26,3
8436,776,60,2026-05-11,2
8437,1249,9,2026-08-03,1
8438,600,76,2026-03-15,1
8439,1288,34,2026-02-20,2
8440,1068,91,2025-11-09,2
8441,613,32,2026-08-24,4
8442,763,29,2026-08-07,1
8443,1405,84,2025-10-16,2
8444,1199,62,2026-09-02,4
8445,1389,83,2025-11-26,1
8446,33,53,2026-03-10,2
8447,1198,15,2026-09-11,4
8448,260,50,2026-08-02,3
8449,1864,58,2025-10-29,2
8450,2032,15,2025-12-18,4
8451,1404,79,2025-12-08,1
8452,1498,65,2025-10-24,4
8453,1680,80,2026-01-22,2
8454,201,76,2025-12-16,5
8455,814,73,2026-01-31,1
8456,907,28,2026-03-10,4
8457,1594,62,2026-05-07,1
8458,736,18,2025-10-10,5
8459,1398,58,2026-06-17,4
8460,906,83,2025-09-27,3
8461,1742,77,2026-03-23,5
8462,765,26,2025-11-07,1
8463,562,41,2026-02-04,1
8464,1657,23,2025-10-02,1
8465,1590,83,2025-12-03,4
8466,500,72,2026-06-20,4
8467,1256,5,2026-07-08,2
8468,1307,45,2026-03-04,1
8469,1218,41,2025-12-23,5
8470,927,98,2026-04-19,4
8471,487,84,2025-10-21,1
8472,18,78,2026-02-13,2
8473,836,88,2026-02-13,4
8474,713,39,2026-09-09,1
8475,1457,93,2026-06-28,2
8476,1616,55,2026-01-27,5
8477,198,6,2026-06-12,1
8478,1701,71,2026-01-29,2
8479,354,10,2026-05-13,1
8480,206,32,2026-03-06,2
8481,769,8,2026-02-17,1
8482,636,21,2026-07-03,2
8483,202,31,2025-09-28,5
8484,1121,22,2026-08-29,3
8485,356,5,2026-01-25,5
8486,1404,94,2026-01-05,1
8487,793,67,2026-09-06,1
8488,842,29,2026-08-19,4
8489,487,69,2025-10-01,5
8490,1368,88,2026-09-08,1
8491,1922,90,2026-08-25,4
8492,1512,49,2026-01-30,5
8493,955,96,2025-10-03,5
8494,1447,40,2026-07-27,4
8495,988,24,2026-05-04,1
8496,48,46,2025-10-18,2
8497,527,90,2025-11-07,1
8498,1980,61,2025-10-22,1
8499,234,56,2026-05-18,2
8500,1149,47,2026-02-11,1
8501,1375,69,2026-08-27,5
8502,214,24,2026-03-10,2
8503,14,68,2026-05-19,3
8504,1567,15,2025-11-07,5
8505,1275,34,2025-11-07,3
8506,532,47,2026-03-31,4
8507,968,19,2026-08-03,5
8508,705,44,2026-04-17,4
8509,1229,24,2025-11-24,4
8510,1021,11,2026-05-04,2
8511,914,94,2026-05-09,1
8512,1547,87,2026-09-14,5
8513,851,97,2026-06-10,2
8514,493,75,2026-05-02,3
8515,219,18,2026-04-20,4
8516,1892,100,2026-04-10,4
8517,449,4,2026-07-02,3
8518,1013,27,2026-04-01,4
8519,401,70,2025-11-16,5
8520,1531,37,2026-05-29,1
8521,1494,18,2025-12-20,2
8522,1343,92,2026-09-13,3
8523,780,9,2026-09-03,3
8524,1613,51,2026-02-26,4
8525,1013,55,2025-12-26,2
8526,2,38,2026-01-16,1
8527,1650,59,2025-11-02,4
8528,1402,39,2025-11-15,2
8529,1375,14,2026-08-13,3
8530,606,66,2025-12-31,2
8531,1231,51,2025-11-23,5
8532,425,54,2026-04-30,3
8533,56,33,2026-05-30,4
8534,773,69,2026-03-06,5
8535,1215,66,2026-04-13,4
8536,444,49,2025-10-08,5
8537,1597,30,2026-07-10,1
8538,570,70,2025-10-11,2
8539,1399,78,2026-06-03,2
8540,1493,30,2026-04-20,1
8541,1181,24,2026-03-22,2
8542,1942,77,2026-09-23,1
8543,1319,22,2026-08-31,4
8544,786,43,2025-10-26,5
8545,574,9,2026-01-19,1
8546,103,49,2026-02-09,2
8547,193,11,2026-07-20,5
8548,349,17,2026-05-16,5
8549,576,62,2025-12-16,1
8550,395,3,2026-06-19,1
8551,234,58,2026-06-28,5
8552,1336,7,2026-04-20,4
8553,1387,58,2026-03-17,5
8554,1494,94,2026-08-06,5
8555,517,74,2026-08-28,4
8556,1192,79,2026-02-19,4
8557,1230,8,2026-08-12,3
8558,1905,18,2025-12-18,1
8559,255,15,2026-06-05,3
8560,1749,53,2026-07-03,3
8561,729,67,2026-04-28,1
8562,1270,69,2026-07-07,1
8563,887,10,2025-10-01,4
8564,1295,88,2026-01-13,3
8565,1765,32,2026-04-23,1
8566,410,13,2026-04-23,2
8567,945,47,2026-07-29,3
8568,1676,23,2026-05-14,4
8569,858,77,2025-11-18,3
8570,841,28,2026-08-04,4
8571,1039,10,2026-07-11,1
8572,1719,28,2026-07-17,5
8573,1456,76,2026-09-15,5
8574,110,51,2026-07-23,5
8575,1429,7,2025-12-21,1
8576,1317,2,2026-01-11,4
8577,873,64,2025-11-05,3
8578,1629,88,2026-01-01,2
8579,797,29,2025-11-24,2
8580,1887,16,2026-04-30,2
8581,963,79,2025-11-05,5
8582,549,75,2026-03-14,1
8583,636,89,2025-10-20,5
8584,497,61,2025-10-25,2
8585,732,96,2026-07-31,3
8586,1057,100,2026-04-05,3
8587,461,44,2026-06-11,4
8588,1393,77,2026-01-25,5
8589,1554,16,2026-07-04,2
8590,1743,36,2026-05-31,2
8591,1295,20,2026-08-02,2
8592,1592,44,2026-03-10,1
8593,1657,35,2026-05-09,1
8594,1435,95,2026-07-31,2
8595,1143,9,2026-03-11,3
8596,1777,54,2026-06-06,2
8597,1678,91,2025-11-20,2
8598,385,52,2026-09-23,1
8599,1426,70,2025-11-28,4
8600,1171,77,2026-01-24,3
8601,529,13,2026-03-29,2
8602,516,41,2026-07-08,2
8603,643,50,2025-11-14,2
8604,1236,32,2025-10-23,1
8605,1225,52,2026-05-25,5
8606,1510,44,2026-08-31,5
8607,1333,76,2025-10-20,4
8608,1355,40,2026-09-18,3
8609,1103,60,2026-07-20,2
8610,569,94,2026-08-15,1
8611,1535,79,2026-07-11,5
8612,1439,14,2025-12-26,4
8613,1303,100,2026-06-01,2
8614,1333,98,2026-03-14,1
8615,821,66,2026-04-29,1
8616,1797,27,2025-10-31,2
8617,964,25,2026-08-11,4
8618,59,62,2026-05-16,2
8619,981,85,2025-11-27,2
8620,602,2,2026-09-23,2
8621,272,84,2026-03-02,2
8622,350,95,2026-08-23,3
8623,1410,79,2025-11-14,5
8624,1661,8,2026-01-22,4
8625,1869,32,2026-09-06,2
8626,889,41,2026-01-25,3
8627,193,70,2025-10-04,1
8628,1620,40,2026-08-25,3
8629,345,38,2026-02-11,5
8630,319,86,2026-02-12,1
8631,1420,36,2025-12-16,2
8632,15,90,2026-04-03,5
8633,900,53,2026-03-03,3
8634,1832,12,2026-09-21,1
8635,1507,66,2026-09-04,4
8636,134,44,2026-08-29,4
8637,17,79,2026-02-14,5
8638,212,40,2026-02-19,4
8639,395,80,2026-03-25,5
8640,1448,9,2026-08-10,2
8641,80,41,2026-05-24,3
8642,275,39,2026-08-18,3
8643,1402,82,2025-11-13,5
8644,1042,23,2025-10-25,4
8645,1367,100,2025-11-04,1
8646,1317,26,2025-10-10,3
8647,655,79,2026-04-11,3
8648,1535,74,2025-12-28,5
8649,73,82,2025-12-25,2
8650,984,49,2026-01-28,4
8651,1195,85,2026-05-06,4
8652,355,100,2026-07-31,2
8653,711,30,2026-07-15,2
8654,786,12,2026-06-29,5
8655,191,9,2026-02-02,5
8656,1247,87,2026-01-03,1
8657,1625,30,2026-08-11,3
8658,575,84,2025-11-30,2
8659,5,49,2026-02-24,4
8660,364,66,2026-09-06,2
8661,840,25,2026-02-12,2
8662,1382,67,2026-02-27,5
8663,472,31,2026-08-02,3
8664,968,48,2026-01-11,1
8665,781,56,2026-06-23,5
8666,1499,5,2026-02-04,5
8667,1590,47,2026-05-07,3
8668,583,32,2025-12-25,5
8669,786,80,2025-12-26,2
8670,676,44,2026-07-07,1
8671,551,27,2026-05-15,3
8672,1183,45,2025-10-08,2
8673,1298,67,2026-07-10,5
8674,1247,35,2026-04-06,4
8675,1773,2,2026-08-16,2
8676,875,78,2026-07-15,4
8677,670,27,2026-02-19,3
8678,197,61,2026-07-31,4
8679,92,34,2026-03-14,4
8680,1644,71,2025-11-29,5
8681,10,5,2026-01-08,5
8682,697,36,2026-07-25,2
8683,1042,59,2026-07-05,2
8684,584,95,2026-02-14,5
8685,824,86,2026-08-23,4
8686,1972,56,2026-06-18,4
8687,1207,69,2026-05-15,5
8688,529,59,2026-07-20,1
8689,1436,14,2026-04-24,4
8690,1748,83,2026-09-20,1
8691,1197,7,2026-05-06,1
8692,1273,57,2026-02-07,1
8693,54,98,2025-11-07,2
8694,534,92,2026-06-22,4
8695,690,51,2025-11-18,4
8696,858,56,2026-03-29,3
8697,1337,44,2025-09-27,1
8698,1491,65,2026-07-01,4
8699,1406,13,2025-10-07,4
8700,1357,38,2026-06-05,3
8701,1817,93,2026-07-12,2
8702,582,89,2026-01-09,2
8703,1251,82,2026-04-03,4
8704,1060,42,2026-07-18,1
8705,664,98,2026-02-16,1
8706,687,53,2026-08-23,4
8707,1181,30,2026-09-24,4
8708,637,6,2026-03-21,2
8709,1535,34,2026-09-26,2
8710,891,10,2026-07-11,4
8711,1100,76,2026-09-21,2
8712,1642,58,2026-03-15,1
8713,1964,5,2026-02-27,2
8714,115,88,2026-03-15,2
8715,663,91,2026-06-29,4
8716,1525,23,2026-05-04,4
8717,1054,10,2026-02-28,4
8718,1060,83,2026-02-01,3
8719,501,98,2026-07-17,4
8720,1779,7,2026-07-10,4
8721,662,66,2026-01-05,3
8722,39,93,2026-01-18,1
8723,1577,11,2025-10-08,2
8724,1125,74,2026-05-09,4
8725,683,11,2026-07-31,5
8726,427,1,2026-08-25,3
8727,1886,65,DATE_INVALIDE,3
8728,1857,91,2025-12-11,4
8729,718,68,2026-05-20,4
8730,100,28,2026-05-28,4
8731,850,19,2026-03-13,1
8732,1531,55,2026-01-04,2
8733,623,88,2026-02-03,3
8734,1288,77,2026-01-13,3
8735,1042,100,2026-04-21,5
8736,1531,95,2026-04-08,2
8737,215,69,2026-01-24,1
8738,1973,20,2026-09-07,2
8739,760,57,2026-01-18,4
8740,977,92,2025-11-11,1
8741,1808,29,2026-05-14,1
8742,618,36,2026-05-13,3
8743,946,55,2026-05-21,2
8744,847,18,2026-09-07,4
8745,1932,51,2026-01-30,4
8746,642,90,2026-06-29,1
8747,1258,71,2026-06-14,5
8748,1667,64,2026-06-04,3
8749,1979,99,2026-06-07,3
8750,559,88,2026-08-06,3
8751,491,37,2026-08-25,5
8752,2052,18,2026-09-26,5
8753,1738,25,2026-03-27,4
8754,1613,33,2026-05-20,1
8755,976,50,2026-01-27,4
8756,1142,61,2026-04-29,3
8757,544,20,2025-10-09,1
8758,863,60,2026-05-30,3
8759,632,77,2025-11-07,4
8760,410,39,2026-03-25,1
8761,650,97,2025-11-04,4
8762,1335,100,2026-01-11,2
8763,1274,76,2025-10-27,1
8764,1318,92,2025-10-13,1
8765,1744,36,2026-07-16,1
8766,764,51,2026-04-24,3
8767,308,31,2026-06-13,3
8768,704,32,2026-02-08,5
8769,1341,85,2026-03-16,4
8770,504,44,2026-04-02,2
8771,1772,87,2026-01-07,2
8772,881,5,2026-04-25,1
8773,533,60,2025-10-15,1
8774,1510,11,2026-07-16,1
8775,1507,32,2025-10-27,3
8776,1544,86,2026-07-23,3
8777,160,11,2026-04-30,5
8778,1568,77,2026-09-14,5
8779,1212,95,2026-07-14,4
8780,165,12,2026-03-06,5
8781,1399,41,2025-11-18,5
8782,1534,58,2026-01-15,3
8783,874,10,2026-04-20,3
8784,964,58,2026-03-02,4
8785,1046,83,2025-11-13,4
8786,998,86,2026-06-15,1
8787,1476,60,2026-02-17,5
8788,819,86,2026-04-25,4
8789,1814,19,2026-07-04,5
8790,1517,48,2025-10-05,2
8791,828,44,2026-04-03,5
8792,768,3,2026-07-24,5
8793,1268,9,2026-08-21,3
8794,1437,30,2025-12-20,2
8795,1496,24,2025-09-28,5
8796,381,64,2026-09-22,4
8797,1752,3,2026-02-20,3
8798,1717,62,2026-02-16,2
8799,1096,55,2026-08-12,2
8800,138,33,2025-12-15,1
8801,138,28,2026-03-27,1
8802,796,49,2026-06-26,1
8803,993,40,2026-03-03,4
8804,437,71,2026-01-29,5
8805,519,59,2025-11-12,5
8806,344,34,2026-03-19,4
8807,1771,39,2026-02-27,2
8808,385,42,2025-09-28,5
8809,578,14,2026-02-08,1
8810,341,93,2026-09-06,2
8811,985,83,2026-06-12,2
8812,169,69,2026-03-28,4
8813,636,64,2026-04-26,4
8814,196,27,2026-02-28,1
8815,1882,47,2026-01-09,1
8816,1381,25,2026-06-12,1
8817,728,66,2025-12-08,3
8818,548,54,2026-01-05,3
8819,1669,11,2026-06-27,3
8820,1948,80,2026-01-12,5
8821,747,82,2026-06-29,2
8822,244,63,2026-09-17,5
8823,672,44,2026-08-01,5
8824,119,74,2026-08-10,5
8825,1446,87,2026-03-01,1
8826,1989,71,2025-12-23,4
8827,740,67,2026-03-15,1
8828,944,45,2026-04-07,5
8829,441,69,2025-12-27,2
8830,1204,29,2025-11-15,3
8831,1561,74,2026-06-26,1
8832,1826,92,2026-07-04,1
8833,402,69,2025-10-25,1
8834,1774,50,2026-02-06,2
8835,261,91,2026-02-06,5
8836,639,21,2025-12-24,1
8837,1246,48,2026-09-14,5
8838,1525,31,2026-05-22,1
8839,1507,14,2026-07-24,2
8840,1055,41,2025-10-29,2
8841,1853,25,2026-05-26,3
8842,179,38,2025-11-12,4
8843,403,32,2025-11-11,1
8844,1808,83,2026-03-16,3
8845,401,7,2026-03-31,1
8846,458,5,2026-03-10,2
8847,1656,40,2025-10-27,3
8848,922,57,2025-10-02,5
8849,1376,92,2025-11-11,1
8850,1263,95,2025-10-21,4
8851,1258,71,2026-03-30,3
8852,1573,41,2026-09-01,3
8853,834,95,2026-05-18,4
8854,1535,40,2026-01-26,3
8855,246,72,2026-03-01,2
8856,1211,13,2026-07-29,2
8857,1923,79,2026-04-23,5
8858,699,20,2026-02-10,1
8859,629,88,2026-04-28,1
8860,1879,94,2026-08-09,1
8861,859,14,2025-10-08,4
8862,780,89,2026-08-21,5
8863,36,8,2025-11-13,5
8864,272,21,2026-08-18,3
8865,1639,95,2025-12-04,1
8866,1097,19,2026-04-22,4
8867,1895,17,2026-06-11,2
8868,172,82,2026-09-13,4
8869,1901,82,2026-03-28,4
8870,1332,49,2025-12-23,5
8871,1596,49,2026-07-15,2
8872,1084,25,2025-10-12,3
8873,1174,91,2026-06-08,1
8874,23,45,2025-09-28,5
8875,285,85,2026-01-22,3
8876,266,98,2026-06-06,2
8877,1285,59,2026-07-06,1
8878,413,21,2026-09-22,2
8879,96,83,2025-10-12,4
8880,1145,44,2026-02-10,5
8881,1506,17,2026-06-06,3
8882,1140,60,2026-01-02,1
8883,1250,45,2025-12-10,1
8884,686,24,2026-02-25,1
8885,1387,66,2026-03-15,1
8886,1905,19,2026-09-23,5
8887,33,49,2026-04-19,1
8888,1132,4,2026-02-21,2
8889,537,2,2025-12-29,4
8890,1736,39,2026-03-29,4
8891,924,52,2026-02-08,5
8892,86,92,2026-03-20,5
8893,527,11,2025-10-08,5
8894,1035,43,2026-07-23,4
8895,1973,89,2026-04-15,3
8896,73,13,2026-01-09,4
8897,1285,46,2026-03-14,4
8898,452,66,2025-12-04,5
8899,1088,66,2026-06-05,5
8900,1491,49,2026-05-11,3
8901,1428,79,2026-05-02,5
8902,152,27,2026-01-26,4
8903,1964,7,2026-08-30,4
8904,263,18,2026-08-24,5
8905,1812,12,2025-10-08,1
8906,1139,49,2026-01-04,1
8907,988,76,2026-02-17,3
8908,1543,58,2026-09-02,1
8909,1261,2,2026-07-19,2
8910,35,27,2026-06-14,3
8911,1557,93,2025-11-28,3
8912,1202,98,2026-06-20,3
8913,1148,22,2026-01-30,5
8914,631,10,2026-02-22,5
8915,1544,16,2026-09-26,3
8916,1657,73,2026-05-20,1
8917,478,40,2026-03-31,4
8918,1149,31,2025-12-01,5
8919,1808,12,2026-03-29,4
8920,441,82,2026-05-27,1
8921,679,94,2026-07-12,2
8922,1347,94,2025-11-30,4
8923,17,72,2026-06-06,3
8924,1555,67,2026-06-15,4
8925,1083,96,2026-08-13,4
8926,779,89,2026-03-15,2
8927,1825,22,2026-07-27,3
8928,1924,85,2026-09-01,5
8929,381,21,2026-09-01,5
8930,1469,69,2025-12-20,1
8931,1080,28,2025-11-22,2
8932,765,27,2026-01-30,1
8933,1840,66,2026-05-08,5
8934,875,69,2026-03-21,3
8935,1930,55,2026-09-10,4
8936,1309,64,2026-04-24,5
8937,1251,52,2025-10-06,3
8938,1642,71,2026-03-11,2
8939,1994,35,2026-05-30,3
8940,667,74,2026-07-18,4
8941,301,11,2026-03-17,2
8942,1303,26,2026-03-28,1
8943,661,45,2026-05-29,3
8944,1288,21,2026-07-31,5
8945,1276,63,2026-09-20,3
8946,1452,59,2026-06-29,3
8947,1981,88,2025-11-10,1
8948,1303,38,2026-09-23,5
8949,1401,21,2026-04-12,4
8950,662,98,2026-05-12,1
8951,242,79,2026-08-26,5
8952,870,33,2026-06-06,3
8953,550,79,2026-01-19,4
8954,1613,41,2026-03-28,1
8955,1595,83,2026-03-29,4
8956,1817,15,2026-03-05,5
8957,903,68,2026-04-21,5
8958,487,93,2026-05-03,1
8959,1159,27,2025-10-22,3
8960,1676,24,2026-06-12,1
8961,812,25,2025-11-22,1
8962,1554,95,2025-11-09,3
8963,974,84,2026-07-18,2
8964,1889,36,2025-12-24,2
8965,1074,36,2025-11-30,5
8966,626,99,2026-01-15,5
8967,983,49,2025-12-21,4
8968,100,73,2026-07-07,5
8969,893,84,2026-02-04,1
8970,1648,82,2025-11-08,5
8971,563,2,2025-10-14,2
8972,1864,39,2026-01-05,5
8973,148,43,2025-09-29,2
8974,1532,31,2026-05-09,3
8975,818,52,2026-06-23,4
8976,1902,45,2025-11-19,3
8977,559,54,2026-02-07,1
8978,502,75,2026-03-22,2
8979,84,79,2026-04-16,4
8980,1753,35,2026-06-02,4
8981,1435,18,2026-08-17,4
8982,99,81,2025-12-05,3
8983,810,90,2026-01-10,3
8984,1175,9,2026-08-12,1
8985,1415,20,2026-07-30,5
8986,838,57,2026-03-24,2
8987,747,95,2026-06-10,1
8988,176,46,2025-12-23,3
8989,1718,85,2026-08-25,2
8990,504,3,2026-07-09,4
8991,697,41,2026-05-17,5
8992,183,21,2025-12-07,4
8993,854,34,2025-12-29,2
8994,760,51,2026-08-03,4
8995,1049,35,2026-08-21,3
8996,6,58,2026-04-17,5
8997,1591,3,2026-08-05,4
8998,169,86,2026-03-21,5
8999,1167,13,2026-09-18,5
9000,133,59,2026-06-12,4
9001,759,9,2026-04-06,2
9002,1388,89,2026-07-17,3
9003,197,40,2026-02-27,5
9004,695,27,2025-12-20,1
9005,1880,36,2026-05-04,5
9006,365,67,2026-07-01,2
9007,1599,83,2026-06-18,3
9008,1169,61,2026-09-01,3
9009,912,56,2026-05-10,3
9010,1598,41,2026-04-09,5
9011,986,3,2025-10-15,3
9012,621,93,2026-03-12,5
9013,1329,91,2026-02-08,2
9014,1711,40,2026-08-19,2
9015,1100,61,2026-05-06,4
9016,689,53,2025-11-18,5
9017,1948,19,2025-12-25,1
9018,545,99,2026-07-22,5
9019,998,52,2025-10-24,2
9020,1772,15,2026-02-26,3
9021,738,76,2026-01-12,4
9022,256,7,2026-05-23,1
9023,253,43,2025-11-22,3
9024,932,30,2026-05-21,3
9025,1969,34,2026-08-07,2
9026,147,85,2026-09-01,3
9027,1099,62,2026-09-17,2
9028,722,47,2025-12-24,4
9029,690,52,2026-06-10,3
9030,458,44,2025-11-19,3
9031,1980,94,2026-08-24,4
9032,196,51,2026-03-04,5
9033,1794,84,2026-03-14,3
9034,439,80,2026-05-24,3
9035,487,19,2025-12-13,5
9036,1980,48,2026-04-02,3
9037,37,100,2026-07-06,5
9038,996,96,2026-03-22,5
9039,1706,63,2026-02-28,3
9040,201,84,2026-06-10,4
9041,91,20,2026-04-21,5
9042,1287,82,2026-02-08,1
9043,841,22,2026-01-04,2
9044,1519,95,2026-01-14,3
9045,4,39,2026-05-12,1
9046,209,33,2026-05-23,4
9047,1999,57,2026-07-27,1
9048,1495,64,2026-02-04,5
9049,1476,89,2026-06-04,2
9050,255,72,2026-02-22,3
9051,1172,44,2026-03-09,1
9052,1460,28,2026-06-19,4
9053,764,92,2026-02-19,4
9054,252,60,2025-10-15,1
9055,1247,50,2026-01-02,1
9056,160,59,2025-10-06,3
9057,1389,4,2026-08-08,1
9058,898,96,2025-11-19,1
9059,943,74,2026-04-11,3
9060,69,63,2026-07-18,5
9061,1436,77,2026-05-06,2
9062,641,41,2026-06-24,1
9063,1852,91,2026-04-18,2
9064,1535,47,2025-11-22,5
9065,1362,71,2026-01-26,5
9066,912,52,2026-05-02,2
9067,406,55,2026-03-26,4
9068,754,87,2026-01-27,3
9069,1080,77,2026-09-22,4
9070,1002,8,2025-10-20,4
9071,273,69,2025-12-01,5
9072,554,100,2026-01-14,1
9073,473,45,2026-01-14,1
9074,1254,1,2026-01-04,1
9075,389,7,2026-02-13,5
9076,1866,40,2026-05-24,2
9077,1301,40,2026-06-06,5
9078,886,52,2026-01-21,2
9079,983,92,2026-03-06,5
9080,905,99,2026-04-26,1
9081,549,67,2026-09-17,1
9082,1441,99,2026-01-05,1
9083,106,59,2026-09-02,2
9084,1586,81,2026-04-01,4
9085,1149,20,2026-04-01,4
9086,1052,23,2025-10-09,3
9087,1943,86,2025-12-28,4
9088,1837,94,2026-01-26,4
9089,1938,34,2026-07-26,1
9090,1816,65,2025-12-08,5
9091,879,75,2026-04-14,1
9092,1660,17,2025-11-11,2
9093,1632,22,2026-01-05,1
9094,1284,85,2026-02-09,2
9095,1776,21,2026-03-11,4
9096,1891,14,2025-11-08,5
9097,1618,83,2026-06-04,5
9098,1651,19,2026-07-14,3
9099,1772,40,2026-08-09,4
9100,925,34,2026-03-09,3
9101,1874,48,2026-04-08,2
9102,768,88,2025-12-28,3
9103,587,10,2026-02-17,1
9104,200,99,2026-06-20,5
9105,1741,98,2026-09-02,3
9106,438,49,2025-11-09,4
9107,1047,3,2026-01-01,3
9108,119,27,2025-12-09,5
9109,1318,70,2026-08-24,1
9110,1215,28,2026-09-15,4
9111,1051,39,2026-05-04,1
9112,1595,36,2026-06-28,4
9113,533,49,2025-11-07,2
9114,58,10,2025-12-20,3
9115,1070,32,2026-08-31,2
9116,663,35,2026-01-29,1
9117,228,24,2025-11-15,4
9118,1110,27,2025-12-22,4
9119,401,1,2025-10-02,5
9120,1800,100,2026-05-31,4
9121,960,62,2026-02-23,1
9122,22,54,2026-07-17,4
9123,223,70,2026-05-07,2
9124,773,19,2026-05-23,5
9125,6,62,2026-04-06,4
9126,989,89,2026-08-27,1
9127,853,24,2026-08-18,1
9128,302,6,2026-06-09,3
9129,1073,67,2026-07-03,4
9130,102,85,2026-07-11,3
9131,1027,50,2025-11-18,5
9132,92,29,2026-01-18,2
9133,1731,39,2026-04-13,3
9134,526,79,2026-04-20,4
9135,612,14,2026-05-24,5
9136,171,52,2026-08-06,1
9137,1471,88,2026-03-11,2
9138,1397,3,2026-08-04,4
9139,1631,73,2026-02-02,1
9140,1474,91,2026-07-13,4
9141,32,30,2026-08-23,3
9142,689,85,2025-12-02,1
9143,1969,77,2026-09-23,4
9144,109,16,2026-09-11,5
9145,1511,48,2025-11-01,5
9146,205,25,2026-07-17,4
9147,292,75,2026-07-02,4
9148,1955,2,2026-05-22,4
9149,359,16,2026-02-15,3
9150,138,77,2026-01-31,2
9151,1846,51,2026-08-19,2
9152,1951,22,2026-03-20,4
9153,288,23,2025-09-28,1
9154,1171,95,2026-05-01,1
9155,1450,66,2026-07-05,4
9156,1624,36,2026-04-02,5
9157,290,78,2025-10-02,2
9158,1583,48,2026-01-06,5
9159,1549,65,2026-01-23,3
9160,1398,80,2026-01-03,1
9161,837,47,2025-09-29,4
9162,1814,42,2026-01-27,1
9163,638,44,2026-05-30,3
9164,1176,28,2026-04-08,3
9165,54,21,2025-11-28,1
9166,97,98,2026-03-01,1
9167,1866,70,2025-12-13,2
9168,178,74,2026-01-01,3
9169,1052,82,2026-04-03,5
9170,988,73,2026-09-23,5
9171,1909,29,2025-10-03,3
9172,930,13,2026-08-01,4
9173,167,63,2026-06-06,1
9174,67,45,2026-01-03,4
9175,926,8,2026-06-10,5
9176,151,17,2026-03-01,3
9177,783,1,2026-09-19,3
9178,1973,51,2025-11-13,3
9179,1658,30,2026-06-30,5
9180,657,27,2026-07-26,2
9181,789,72,2026-05-14,3
9182,1549,72,2025-11-25,4
9183,937,60,2026-04-21,4
9184,20,50,2025-10-28,3
9185,636,42,2026-01-19,5
9186,1386,82,2026-05-17,2
9187,1309,98,2025-11-06,4
9188,92,30,2026-01-26,2
9189,542,75,2025-12-26,4
9190,683,97,2026-05-16,4
9191,1779,44,2026-02-09,1
9192,619,70,2025-09-27,3
9193,1759,6,2026-06-27,5
9194,1436,57,2026-03-01,2
9195,1109,12,2025-11-25,3
9196,41,44,2026-04-13,3
9197,991,7,2025-12-19,4
9198,1597,75,2026-07-28,3
9199,1471,39,2026-07-20,4
9200,1704,16,2026-04-26,1
9201,105,62,2025-11-21,5
9202,804,40,2026-05-27,4
9203,594,87,2026-03-31,3
9204,700,60,2026-04-29,2
9205,1158,59,2026-06-16,2
9206,794,88,2025-12-21,5
9207,607,65,2026-01-12,3
9208,1932,88,2026-02-11,1
9209,1188,2,2026-01-09,5
9210,529,88,2026-06-13,4
9211,1758,45,2026-06-24,4
9212,1727,56,2025-10-02,4
9213,1493,77,2026-07-26,2
9214,1471,53,2026-08-25,1
9215,1064,17,2026-01-16,4
9216,976,5,2026-07-04,5
9217,1809,57,2026-05-11,4
9218,1221,48,2026-05-09,4
9219,1551,84,2025-10-17,2
9220,1158,53,2026-07-15,2
9221,457,64,2026-04-07,4
9222,377,96,2026-07-25,4
9223,1373,11,2025-11-01,1
9224,1556,31,2026-05-09,3
9225,267,71,2025-11-29,5
9226,354,24,2026-04-29,1
9227,1106,84,2026-04-23,2
9228,414,21,2026-02-21,2
9229,1402,100,2026-01-03,2
9230,1614,19,2025-10-23,2
9231,1208,30,2026-08-08,3
9232,777,3,2026-02-17,4
9233,1822,4,2026-09-24,4
9234,1996,34,2026-07-13,2
9235,1879,1,2026-09-10,4
9236,705,84,2026-08-06,2
9237,699,57,2026-01-02,5
9238,662,100,2026-04-15,2
9239,626,12,2026-07-30,2
9240,704,32,2026-06-12,4
9241,68,49,2025-10-21,3
9242,1088,72,2026-02-03,3
9243,1089,62,2026-02-21,3
9244,219,15,2026-01-30,5
9245,1544,98,2026-08-16,5
9246,525,22,2025-10-02,3
9247,1973,40,2026-03-25,2
9248,1643,1,2026-06-25,3
9249,1996,57,2026-01-31,4
9250,1988,17,2026-02-28,3
9251,1640,4,2026-03-16,4
9252,1761,55,2026-07-09,5
9253,1306,58,2026-06-25,5
9254,57,87,2026-04-18,2
9255,469,93,2025-10-18,5
9256,346,16,2025-12-02,2
9257,1879,62,2025-11-04,1
9258,1273,92,2025-11-13,3
9259,822,54,2026-07-10,2
9260,1589,74,2026-07-27,2
9261,1662,61,2026-06-30,5
9262,1591,62,2026-06-22,2
9263,1018,26,2026-06-19,1
9264,1642,21,2026-02-02,3
9265,742,53,2026-07-14,2
9266,1675,15,2026-07-19,4
9267,1183,51,2026-09-03,3
9268,236,55,2026-02-27,1
9269,399,98,2026-01-25,2
9270,1141,65,2026-07-01,1
9271,10,3,2026-05-26,3
9272,1437,6,2025-11-06,2
9273,999,40,2026-06-23,3
9274,163,20,2026-09-12,1
9275,1395,21,2025-12-11,1
9276,1482,63,2025-11-08,3
9277,751,35,2026-02-26,1
9278,565,68,2026-04-18,4
9279,282,85,2026-08-10,1
9280,1779,35,2025-10-25,4
9281,270,60,2026-04-27,3
9282,1515,3,2026-08-25,1
9283,351,52,2026-03-28,5
9284,518,36,2026-05-14,2
9285,471,93,2025-10-23,4
9286,986,69,2025-10-25,3
9287,1506,70,2026-02-23,2
9288,28,74,2026-01-08,3
9289,1951,64,2026-06-13,2
9290,1411,72,2026-01-26,2
9291,1096,91,2026-04-18,1
9292,101,12,2026-05-03,3
9293,913,77,2026-03-17,2
9294,276,52,2026-01-22,4
9295,549,95,2025-11-04,5
9296,1025,91,2026-03-21,1
9297,1299,59,2026-08-10,1
9298,748,6,2025-11-14,1
9299,886,64,2026-07-13,5
9300,1371,17,2026-06-01,1
9301,265,45,2026-08-09,1
9302,268,6,2026-07-16,1
9303,317,71,2026-07-11,3
9304,488,30,2025-11-30,2
9305,922,1,2026-07-13,3
9306,1326,26,2026-07-18,4
9307,698,65,2026-07-23,2
9308,1863,14,2026-07-27,3
9309,1976,81,2026-06-28,3
9310,1661,16,2026-03-11,1
9311,1726,28,2026-05-04,5
9312,909,11,2026-08-23,3
9313,338,3,2026-07-31,4
9314,1701,59,2026-03-17,3
9315,1760,15,2026-09-18,3
9316,613,72,2025-12-29,4
9317,1194,53,2026-01-26,2
9318,267,45,2026-04-12,5
9319,1060,70,2025-11-06,2
9320,144,23,2026-09-16,3
9321,1178,61,2026-08-27,4
9322,1556,83,2026-01-25,4
9323,1617,60,2026-09-24,4
9324,1807,97,2025-12-23,3
9325,392,82,2026-02-26,3
9326,1290,44,2026-01-06,3
9327,1837,60,2026-08-11,5
9328,338,78,2026-06-07,4
9329,976,15,2026-03-31,3
9330,1542,92,2026-04-22,3
9331,1832,67,2026-01-19,1
9332,1257,74,2025-12-16,1
9333,554,69,2026-01-20,1
9334,608,17,2026-08-21,3
9335,1191,54,2026-05-26,1
9336,63,93,2026-08-13,1
9337,588,2,2026-07-14,5
9338,859,90,2025-10-30,3
9339,468,62,2026-06-01,4
9340,590,22,2025-12-01,4
9341,1423,100,2026-04-10,2
9342,750,34,2025-11-30,5
9343,1890,5,2025-12-14,2
9344,1602,77,2026-04-26,2
9345,1220,98,2025-10-24,1
9346,1891,81,2026-02-11,1
9347,1391,43,2025-11-17,2
9348,496,14,2026-05-23,1
9349,378,24,2026-05-20,4
9350,1867,9,2026-03-05,3
9351,1967,43,2026-06-05,4
9352,1986,2,2026-07-16,1
9353,135,67,2026-08-17,3
9354,1881,79,2025-11-30,2
9355,676,79,2026-01-16,5
9356,919,40,2026-02-13,2
9357,1179,69,2025-12-16,2
9358,1561,42,2026-08-24,5
9359,1402,54,2026-04-28,4
9360,1633,11,2026-05-29,3
9361,1768,77,2026-02-01,1
9362,341,56,2025-12-22,2
9363,953,94,2026-02-28,2
9364,665,2,2026-04-21,1
9365,294,78,2026-01-08,5
9366,1177,5,2025-10-05,1
9367,616,59,2026-05-06,4
9368,1771,83,2025-10-31,3
9369,299,58,2026-02-28,5
9370,511,95,2026-06-04,3
9371,533,85,2026-03-08,1
9372,361,83,2026-02-19,2
9373,821,80,2025-11-29,4
9374,295,93,2026-07-30,1
9375,908,47,2026-05-06,3
9376,461,80,2026-07-16,2
9377,1958,30,2026-03-02,5
9378,1204,3,2026-04-19,3
9379,1749,28,2026-03-09,5
9380,1621,89,2025-12-29,3
9381,1052,61,2025-12-25,5
9382,456,43,2026-09-17,4
9383,509,66,2026-01-06,1
9384,505,3,2026-01-18,4
9385,568,44,2026-01-24,2
9386,1840,87,2026-08-15,2
9387,371,30,2025-10-22,4
9388,208,23,2026-03-04,2
9389,1553,61,2026-02-24,3
9390,1298,73,2025-10-08,5
9391,391,92,2026-04-06,4
9392,113,31,2025-12-16,2
9393,92,42,2026-03-23,1
9394,99,17,2026-04-19,2
9395,669,13,2025-12-03,1
9396,1452,12,2026-06-03,3
9397,665,69,2026-03-28,4
9398,1647,76,2025-10-24,3
9399,1431,7,2026-08-17,3
9400,312,83,2025-12-13,3
9401,806,40,2026-03-20,1
9402,1216,80,2025-11-06,2
9403,1666,48,2026-04-05,1
9404,657,30,2025-12-03,5
9405,1928,63,2025-10-15,5
9406,1201,12,2025-11-04,2
9407,1851,3,2026-03-22,3
9408,1494,89,2026-01-19,3
9409,1969,33,2026-08-05,1
9410,1461,61,2026-08-08,1
9411,1418,64,2026-03-16,3
9412,1017,16,2026-03-29,4
9413,1634,30,2026-05-06,2
9414,1294,84,2026-06-17,2
9415,839,32,2026-02-16,1
9416,247,96,2026-05-05,4
9417,1732,10,2025-12-04,5
9418,747,92,2026-08-29,4
9419,648,17,2026-01-26,1
9420,939,56,2025-09-27,1
9421,86,38,2026-03-06,2
9422,644,78,2025-10-25,5
9423,790,65,2026-08-30,3
9424,1336,54,2026-09-03,5
9425,944,10,2026-05-13,3
9426,1405,28,2026-01-02,4
9427,1870,65,2025-10-09,1
9428,78,14,2026-07-27,1
9429,1877,37,2025-11-06,4
9430,1740,7,2025-11-15,2
9431,305,63,2026-07-31,5
9432,1026,72,2026-06-22,1
9433,1217,27,2026-06-29,1
9434,1637,51,2026-02-17,1
9435,1922,32,2026-04-12,5
9436,234,53,2026-06-21,5
9437,1450,69,2026-05-27,3
9438,1081,88,2025-11-11,3
9439,1907,77,2026-04-30,1
9440,1286,5,2026-03-25,5
9441,685,52,2026-04-10,5
9442,1554,21,2026-06-28,4
9443,361,68,2026-05-30,1
9444,982,20,2025-10-03,4
9445,1688,1,2025-12-16,5
9446,1379,86,2025-11-23,3
9447,317,81,2026-05-14,2
9448,432,46,2026-05-19,4
9449,37,60,2026-02-18,5
9450,1490,93,2026-01-19,1
9451,455,7,2026-06-27,4
9452,909,67,2026-08-02,5
9453,1288,73,2026-07-23,3
9454,1314,33,2025-11-18,3
9455,1245,71,2026-02-19,2
9456,946,11,2026-04-25,3
9457,985,34,2026-04-13,5
9458,1933,56,2025-10-15,4
9459,1055,93,2026-06-23,4
9460,764,9,2026-05-15,5
9461,1563,63,2026-03-18,1
9462,871,39,2025-11-09,3
9463,94,45,2026-05-05,5
9464,1682,52,2026-04-02,2
9465,510,97,2026-03-01,1
9466,100,81,2026-06-11,4
9467,1206,19,2026-01-12,1
9468,276,45,2025-10-13,5
9469,878,43,2026-03-23,2
9470,1579,61,2026-01-27,4
9471,1628,31,2026-05-31,1
9472,410,13,2026-09-08,4
9473,1409,72,2026-06-07,4
9474,1213,21,2025-11-21,4
9475,761,37,2025-11-21,5
9476,1379,20,2026-05-31,1
9477,295,34,2025-11-18,1
9478,1954,48,2025-12-06,3
9479,658,4,2026-03-18,1
9480,606,76,2026-03-21,1
9481,1525,93,2026-06-13,1
9482,1155,76,2026-09-02,5
9483,1164,64,2026-01-11,4
9484,939,31,2026-08-16,5
9485,980,18,2026-06-15,3
9486,200,51,2026-04-08,2
9487,415,99,2025-10-03,3
9488,1078,29,2026-02-01,1
9489,62,75,2025-10-11,1
9490,458,41,2026-02-23,2
9491,630,80,2026-08-07,2
9492,1008,89,2025-10-06,3
9493,897,73,2025-11-20,5
9494,846,41,2026-08-22,3
9495,1546,50,2026-04-26,2
9496,1269,64,2026-06-16,2
9497,205,67,2026-03-29,5
9498,322,19,2026-04-08,3
9499,927,100,2025-12-15,3
9500,828,8,2026-08-16,1
9501,261,32,2025-12-20,1
9502,460,37,2025-12-02,1
9503,783,96,2026-04-05,4
9504,1748,14,2026-05-16,2
9505,162,85,2026-03-30,3
9506,1155,95,2026-06-19,1
9507,210,67,2026-02-08,2
9508,1808,2,2026-06-13,3
9509,846,52,2025-11-01,4
9510,1454,70,2025-10-19,1
9511,446,75,2025-12-28,2
9512,1080,71,2026-06-03,3
9513,996,82,2026-02-15,5
9514,1196,72,2025-10-14,4
9515,853,11,2026-01-04,3
9516,971,51,2025-12-07,5
9517,1699,71,2026-03-11,3
9518,621,20,2026-03-01,1
9519,328,34,2025-12-10,5
9520,515,69,2025-12-12,5
9521,392,93,2026-04-16,1
9522,1779,60,2026-01-30,2
9523,158,39,2026-05-21,3
9524,464,10,2025-10-18,1
9525,65,90,2026-06-26,2
9526,1391,49,2026-04-09,5
9527,1885,34,2025-11-28,1
9528,1562,32,2026-08-02,5
9529,14,50,2026-04-24,1
9530,541,59,2025-10-09,1
9531,1163,96,2026-06-10,1
9532,1669,75,2025-11-18,5
9533,1503,41,2025-11-30,4
9534,1386,77,2026-08-29,2
9535,1488,63,2026-03-01,4
9536,1131,86,2026-07-10,2
9537,130,6,2026-02-22,2
9538,161,36,2026-02-08,1
9539,1548,9,2026-01-06,5
9540,228,72,2025-11-19,1
9541,20,44,2026-03-05,1
9542,1442,30,2026-09-19,2
9543,1303,15,2026-03-07,4
9544,1370,1,2026-07-24,3
9545,923,5,2026-03-05,5
9546,849,1,2026-03-30,5
9547,1623,7,2026-02-14,4
9548,205,38,2026-05-17,5
9549,1079,28,2026-05-19,1
9550,406,14,2025-10-08,3
9551,1563,50,2026-03-27,3
9552,971,17,2026-03-07,2
9553,672,85,2026-05-19,4
9554,551,7,2026-07-31,4
9555,56,29,2026-02-11,2
9556,544,34,2026-05-15,5
9557,1190,79,2026-08-14,5
9558,8,78,2026-05-15,2
9559,1247,14,2026-01-31,2
9560,1532,79,2026-04-16,3
9561,381,81,2025-11-11,4
9562,146,1,2026-02-27,4
9563,460,22,2025-10-05,4
9564,719,30,2026-05-15,1
9565,1323,72,2026-09-21,1
9566,1002,51,2026-03-24,2
9567,1404,5,2025-11-10,1
9568,1094,78,2025-10-10,4
9569,681,38,2026-08-22,4
9570,340,42,2025-11-14,2
9571,77,50,2026-04-17,3
9572,126,36,2025-10-07,4
9573,1947,67,2026-02-22,4
9574,1228,39,2026-05-22,5
9575,1587,82,2026-04-08,5
9576,1211,35,2026-06-19,5
9577,1059,9,2026-02-03,4
9578,1840,84,2025-10-03,2
9579,1656,14,2026-04-22,1
9580,1887,59,2025-10-24,4
9581,1544,10,2025-09-29,4
9582,1945,98,2026-06-02,2
9583,985,41,2026-08-27,5
9584,1220,26,2026-03-04,2
9585,910,68,2025-10-15,1
9586,1908,10,2025-11-22,4
9587,1176,91,2025-11-20,4
9588,75,36,2025-10-23,5
9589,349,12,2025-10-09,3
9590,602,12,2026-02-20,3
9591,1740,76,2026-03-17,4
9592,573,30,2026-05-14,2
9593,1364,85,2026-01-24,5
9594,1360,73,2026-03-01,4
9595,1896,44,2026-09-21,3
9596,469,73,2025-12-18,1
9597,1590,88,2026-05-30,1
9598,1489,30,2026-01-13,3
9599,1858,1,2026-01-29,1
9600,1265,89,2026-03-05,5
9601,369,50,2026-07-22,4
9602,440,93,2026-03-24,4
9603,1961,95,2025-11-23,5
9604,1327,59,2026-05-29,2
9605,931,28,2025-11-19,5
9606,1564,55,2026-03-01,2
9607,1038,64,2026-02-13,2
9608,1624,96,2026-01-05,5
9609,1733,68,2026-03-24,4
9610,1987,85,2026-03-14,2
9611,315,62,2026-08-11,4
9612,929,85,2026-07-07,1
9613,1437,11,2026-02-07,2
9614,1181,26,2026-02-14,1
9615,1879,78,2026-05-31,4
9616,1920,5,2026-05-10,4
9617,749,47,2025-09-30,5
9618,208,62,2026-08-21,2
9619,948,78,2026-03-09,2
9620,1804,92,2025-11-26,1
9621,280,44,2026-04-13,1
9622,1429,76,2026-04-16,5
9623,385,48,2026-08-06,3
9624,620,52,2026-04-16,2
9625,1096,89,2026-07-27,5
9626,32,14,2026-05-14,3
9627,1287,83,2026-09-01,3
9628,996,1,2026-03-30,2
9629,1470,31,2026-07-30,3
9630,271,61,2026-08-31,1
9631,810,51,2026-06-30,5
9632,742,42,2025-12-13,2
9633,1708,84,2026-08-02,1
9634,49,80,2026-03-14,2
9635,110,1,2026-04-14,1
9636,165,15,2026-09-03,1
9637,1676,42,2025-11-08,4
9638,851,10,2025-11-03,5
9639,395,72,2026-05-20,3
9640,1983,99,2026-02-03,5
9641,1054,11,2026-08-13,2
9642,1752,30,2025-11-10,1
9643,1378,95,2025-10-21,5
9644,287,84,2026-06-16,2
9645,1749,39,2026-06-25,4
9646,1279,7,2026-07-17,5
9647,980,17,2026-04-22,2
9648,1910,28,2026-09-07,1
9649,541,86,2025-10-28,3
9650,256,64,2026-06-24,4
9651,502,81,2026-08-14,4
9652,1986,41,2026-03-31,4
9653,1241,18,2025-11-01,2
9654,1582,68,DATE_INVALIDE,5
9655,1800,18,2025-12-05,1
9656,437,97,2026-04-25,1
9657,1490,51,2026-06-23,3
9658,985,50,2025-11-28,1
9659,1290,81,2026-08-19,2
9660,319,25,2025-10-11,4
9661,1566,15,2026-02-08,4
9662,489,55,2026-08-04,5
9663,649,81,2026-01-01,5
9664,136,53,2026-07-26,4
9665,561,2,2026-05-07,2
9666,462,74,2025-12-11,1
9667,1504,30,2026-07-16,2
9668,287,69,2026-03-21,2
9669,1649,52,2026-08-18,4
9670,359,49,2025-11-18,5
9671,945,75,2026-01-28,3
9672,1733,80,2026-08-02,5
9673,1732,22,2026-03-10,2
9674,379,79,2026-03-06,4
9675,529,39,2026-02-05,5
9676,1557,32,2026-02-16,4
9677,1495,70,2026-09-22,4
9678,232,15,2026-06-13,1
9679,1604,29,2026-03-04,2
9680,873,33,2025-10-20,1
9681,1450,67,2026-08-02,1
9682,1151,64,2026-03-10,4
9683,1723,43,2025-11-09,3
9684,713,77,2026-09-21,1
9685,1864,50,2026-08-20,2
9686,1087,62,2026-05-31,5
9687,352,46,2025-10-23,5
9688,1410,20,2025-11-16,1
9689,1955,50,2026-02-10,2
9690,345,15,2026-05-24,4
9691,1816,93,2025-12-27,4
9692,1485,3,2026-04-17,2
9693,390,42,2025-12-10,5
9694,149,69,2026-02-26,1
9695,1275,41,2025-12-25,3
9696,1269,76,2026-08-29,5
9697,960,99,2026-06-04,2
9698,1987,74,2026-05-18,2
9699,1702,46,2026-08-01,4
9700,647,98,2026-07-20,3
9701,1156,83,2025-10-31,2
9702,1475,58,2026-02-04,3
9703,175,10,2026-09-11,1
9704,1384,28,2026-05-30,4
9705,25,28,2026-05-18,5
9706,304,46,2026-05-02,4
9707,949,56,2026-08-27,1
9708,329,47,2025-11-18,5
9709,1496,21,2026-02-23,2
9710,63,2,2026-01-11,5
9711,741,51,2025-10-18,2
9712,1522,66,2025-10-13,2
9713,1975,22,2026-07-19,3
9714,1145,18,2026-08-19,5
9715,458,22,2026-05-23,1
9716,1819,61,2025-10-17,5
9717,416,11,2026-06-22,2
9718,904,30,2026-08-18,4
9719,1562,38,2026-03-26,5
9720,306,24,2026-03-24,1
9721,274,1,2026-05-26,1
9722,920,3,2026-08-08,5
9723,283,70,2026-02-25,4
9724,1700,87,2026-02-03,1
9725,1397,92,2026-05-08,2
9726,1256,90,2026-06-04,4
9727,1289,51,2026-01-12,3
9728,322,80,2025-10-30,3
9729,680,12,2026-03-26,1
9730,1960,47,2025-10-06,1
9731,1052,15,2025-10-13,5
9732,1411,69,2026-03-01,3
9733,264,17,2026-09-25,4
9734,426,89,2025-12-24,1
9735,430,54,2025-10-03,1
9736,276,17,2026-05-16,2
9737,79,20,2026-03-10,5
9738,6,91,2026-01-23,2
9739,557,88,2026-09-04,2
9740,563,26,2026-08-20,4
9741,1653,27,2026-03-15,5
9742,891,99,2025-11-24,5
9743,1740,72,2025-12-08,1
9744,230,54,2026-08-03,4
9745,254,55,2026-01-18,4
9746,790,72,2026-08-06,4
9747,626,2,2026-09-08,2
9748,1758,1,2026-01-10,3
9749,571,33,2026-04-06,1
9750,798,13,2025-10-06,4
9751,541,75,2026-04-15,4
9752,63,88,2025-09-29,5
9753,595,95,2026-02-21,3
9754,57,13,2026-07-06,3
9755,195,63,2026-08-28,4
9756,293,75,2026-02-27,4
9757,349,67,2026-09-16,1
9758,266,38,2026-07-24,1
9759,735,1,2025-11-26,3
9760,1340,79,2025-10-06,4
9761,1174,91,2026-08-08,4
9762,1497,93,2025-11-16,2
9763,676,21,2025-11-28,3
9764,328,90,2026-04-05,2
9765,334,18,2026-09-18,5
9766,665,65,2025-10-21,5
9767,934,83,2026-01-03,4
9768,623,31,2026-08-18,3
9769,1516,8,2026-02-12,3
9770,829,23,2026-06-08,3
9771,407,77,2026-09-08,3
9772,1581,14,2025-10-20,1
9773,1874,43,2025-11-25,2
9774,655,65,2026-03-12,4
9775,949,58,2025-12-28,5
9776,1103,23,2026-07-06,4
9777,453,11,2025-10-17,4
9778,1089,76,2026-02-15,1
9779,41,33,2026-01-26,3
9780,1825,65,2026-06-27,1
9781,1555,76,2026-09-23,4
9782,1714,70,2025-11-26,4
9783,1637,40,2025-10-31,2
9784,1248,29,2025-12-27,3
9785,673,89,2026-09-21,3
9786,1497,47,2026-08-31,5
9787,93,42,2025-12-28,3
9788,834,57,2026-07-12,3
9789,1016,77,2026-05-12,5
9790,220,88,2025-11-11,2
9791,1214,71,2026-05-14,2
9792,1452,40,2025-10-06,3
9793,844,19,2026-05-24,4
9794,666,99,2026-02-02,1
9795,797,1,2025-11-10,5
9796,1828,46,2026-07-15,5
9797,952,5,2026-07-16,1
9798,1351,22,2026-03-24,2
9799,1591,27,2025-11-25,2
9800,1453,67,2026-04-09,5
9801,125,1,2026-04-07,5
9802,558,59,2026-01-05,4
9803,1533,10,2026-09-10,2
9804,1040,82,2026-09-05,5
9805,1202,80,2026-06-18,2
9806,1407,64,2025-09-30,3
9807,1849,14,2026-04-14,1
9808,1497,74,2026-01-31,5
9809,982,74,2026-08-20,5
9810,956,14,2025-11-30,3
9811,807,7,2026-09-18,2
9812,1067,87,2026-01-13,4
9813,1807,67,2026-06-30,3
9814,1052,47,2025-12-10,5
9815,1049,51,2026-08-07,5
9816,215,70,2026-08-26,3
9817,1985,74,2026-01-25,4
9818,1427,32,2026-04-17,1
9819,1863,73,2026-09-26,1
9820,9,61,2026-08-23,2
9821,1203,37,2026-06-08,5
9822,1253,94,2026-07-22,3
9823,641,60,2026-02-15,3
9824,568,15,2026-03-04,1
9825,826,75,2026-05-16,2
9826,278,50,2026-05-03,3
9827,1340,30,2026-02-19,3
9828,1701,46,2026-05-16,5
9829,1412,51,2025-11-21,1
9830,511,44,2026-02-06,5
9831,1884,66,2026-08-26,2
9832,1057,43,2026-08-05,5
9833,947,78,2025-10-24,5
9834,746,65,2026-05-04,3
9835,1040,97,2026-05-15,2
9836,1018,43,2026-09-06,4
9837,1634,71,2026-09-02,1
9838,977,68,2026-04-08,3
9839,628,87,2026-01-16,1
9840,1723,89,2026-06-04,2
9841,907,84,2025-10-26,1
9842,1721,60,2026-09-13,4
9843,193,88,2026-04-13,2
9844,1347,4,2026-03-07,1
9845,1041,69,2026-06-05,2
9846,1196,21,2026-04-13,2
9847,405,92,2026-01-02,5
9848,579,2,2026-03-10,2
9849,838,75,2026-01-01,5
9850,697,17,2026-08-02,5
9851,1397,99,2026-03-16,1
9852,460,12,2025-12-31,2
9853,1641,51,2026-09-11,3
9854,325,59,2026-01-05,2
9855,1423,86,2026-03-06,3
9856,584,80,2025-11-26,4
9857,538,77,2025-12-15,1
9858,287,17,2026-01-01,2
9859,988,63,2026-02-11,1
9860,869,79,2026-02-23,3
9861,1199,32,2025-10-14,3
9862,754,45,2026-03-06,4
9863,1871,20,2025-10-18,1
9864,842,15,2025-10-17,4
9865,151,25,2026-02-02,4
9866,544,47,2026-03-04,5
9867,1638,61,2026-02-14,4
9868,1569,21,2025-11-22,1
9869,1155,32,2026-07-06,5
9870,1960,82,2025-11-13,2
9871,1387,94,2026-05-29,1
9872,666,4,2026-04-29,4
9873,212,20,2026-04-22,2
9874,1857,70,2025-12-12,2
9875,1455,81,2026-08-28,1
9876,791,38,2026-04-01,3
9877,1142,89,2026-04-29,3
9878,1375,1,2026-02-01,3
9879,758,42,2026-04-04,3
9880,682,7,2026-07-21,2
9881,435,91,2026-04-23,3
9882,14,64,2026-05-04,4
9883,1574,69,2026-06-03,5
9884,639,28,2026-09-06,2
9885,281,63,2026-08-23,4
9886,1181,93,2026-01-03,5
9887,539,87,2025-10-28,4
9888,60,67,2025-10-15,2
9889,1520,32,2026-09-17,4
9890,773,93,2026-07-13,2
9891,1823,73,2026-05-02,1
9892,1940,88,2025-12-30,2
9893,128,73,2025-12-12,4
9894,1944,44,2026-04-06,1
9895,214,59,2026-04-20,5
9896,885,83,2025-10-16,4
9897,1880,93,2025-10-09,1
9898,1389,14,2026-03-20,2
9899,115,27,2025-10-16,5
9900,518,40,2026-01-11,5
9901,937,56,2025-10-13,5
9902,1832,21,2026-05-28,1
9903,374,94,2026-04-10,1
9904,1330,25,2026-07-06,2
9905,1676,30,2026-09-13,5
9906,1752,10,2026-08-18,5
9907,1184,49,2025-12-16,5
9908,231,1,2025-12-11,3
9909,51,62,2026-01-19,1
9910,355,54,2025-12-17,1
9911,1839,72,2025-10-25,2
9912,1047,30,2025-12-10,4
9913,1534,36,2026-05-12,2
9914,1597,7,2026-05-17,3
9915,1271,72,2026-02-20,3
9916,1506,70,2026-06-05,5
9917,1617,22,2026-05-12,5
9918,128,52,2025-12-10,2
9919,326,89,2025-12-13,5
9920,1531,96,2026-09-17,1
9921,343,54,2025-11-06,5
9922,109,38,2026-07-07,3
9923,1442,54,2026-04-27,3
9924,1188,42,2026-06-11,2
9925,1006,53,2026-02-12,1
9926,854,89,2026-07-14,1
9927,874,34,2026-08-24,4
9928,1423,81,2025-12-15,3
9929,363,47,2026-03-21,4
9930,928,71,2026-01-16,4
9931,514,61,2026-09-17,4
9932,1856,69,2026-07-04,3
9933,905,1,2025-10-04,5
9934,854,41,2026-02-13,4
9935,939,100,2026-05-24,1
9936,177,19,2026-05-07,5
9937,1025,78,2026-06-17,4
9938,1118,40,2025-12-14,2
9939,1070,8,2026-04-19,5
9940,1050,19,2025-12-05,4
9941,1474,10,2026-09-13,4
9942,245,57,2026-02-05,1
9943,700,26,2025-09-27,4
9944,1322,67,2025-11-04,4
9945,686,50,2025-10-14,4
9946,1056,2,2026-07-01,2
9947,1414,83,2025-11-04,4
9948,626,61,2026-04-08,5
9949,1303,9,2026-04-03,2
9950,1194,68,2026-05-23,2
9951,1803,23,2025-11-29,3
9952,1141,88,2025-12-04,3
9953,765,87,2026-01-26,3
9954,1718,52,2025-11-08,1
9955,1182,78,2025-11-09,1
9956,1140,88,2026-08-08,3
9957,41,67,2026-07-08,4
9958,1907,90,2025-09-28,1
9959,3,89,2026-05-26,5
9960,820,63,2026-09-12,1
9961,350,6,2026-04-02,4
9962,1329,14,2026-05-24,1
9963,1694,37,2026-05-26,1
9964,464,29,2026-02-19,4
9965,1186,48,2026-07-04,4
9966,777,58,2026-07-29,2
9967,1868,38,2026-08-24,4
9968,1372,7,2025-11-08,3
9969,188,5,2025-10-31,5
9970,105,87,2025-09-27,4
9971,1670,14,2025-10-23,4
9972,1510,47,2026-07-08,1
9973,25,48,2025-12-26,1
9974,713,86,2025-12-12,3
9975,970,21,2026-07-13,2
9976,1399,80,2026-09-22,2
9977,168,2,2025-10-13,2
9978,1846,61,2026-08-10,3
9979,1620,78,2026-08-12,4
9980,1328,59,2026-02-11,3
9981,472,77,2026-08-20,4
9982,1219,96,2026-03-10,4
9983,522,98,2026-03-04,2
9984,310,50,2026-03-23,5
9985,1371,84,2026-02-06,2
9986,577,11,2025-10-25,4
9987,232,45,2026-02-19,2
9988,598,6,2026-05-10,3
9989,1845,25,2025-11-13,2
9990,1920,100,2026-05-19,5
9991,1779,57,2026-01-22,4
9992,1519,74,2026-04-17,5
9993,777,69,2026-05-14,1
9994,1845,49,2026-09-08,1
9995,656,44,2026-06-25,4
9996,1656,59,2025-11-11,3
9997,1347,6,2026-07-30,3
9998,611,79,2026-06-20,4
9999,1043,11,2026-06-18,3
10000,1205,79,2026-02-13,1
10001,120,28,2026-06-17,3
10002,821,22,2026-06-11,3
10003,1381,46,2025-10-20,4
10004,544,43,2026-02-04,1
10005,1265,74,2026-07-13,5
10006,429,24,2026-05-08,3
10007,1567,32,2026-04-06,3
10008,1995,57,2025-12-10,5
10009,200,15,2025-11-21,1
10010,1972,8,2026-09-16,5
10011,1640,89,2026-04-05,1
10012,513,53,2026-06-27,4
10013,1249,71,2026-06-15,3
10014,456,22,2026-07-29,1
10015,732,74,2026-01-29,4
10016,1025,86,2025-11-26,2
10017,1677,85,2025-10-23,4
10018,407,84,2026-09-17,3
10019,1919,69,2026-09-16,1
10020,1812,20,2025-10-17,2
10021,1759,54,2026-08-29,3
10022,709,79,2025-12-15,4
10023,1910,18,2026-09-01,1
10024,1744,43,2026-03-17,3
10025,1693,21,2026-07-03,5
10026,1782,62,2026-06-18,5
10027,1471,79,2025-11-18,2
10028,1749,98,2025-10-29,3
10029,1991,88,2026-05-25,3
10030,1493,70,2026-08-04,3
10031,625,50,2026-05-13,1
10032,358,75,2026-02-24,2
10033,1963,14,2026-05-18,4
10034,1882,33,2026-07-04,4
10035,166,34,2025-12-28,4
10036,939,24,2025-11-06,4
10037,1097,7,2026-03-18,3
10038,1640,19,2026-03-22,5
10039,868,58,2025-12-28,4
10040,1884,65,2026-08-10,5
10041,1268,59,2026-08-25,5
10042,1075,60,2026-07-01,4
10043,601,36,2026-03-15,3
10044,529,58,2026-06-16,3
10045,483,36,2025-11-01,1
10046,1881,79,2025-11-25,2
10047,1418,28,2026-07-21,4
10048,1416,43,2025-09-28,5
10049,373,90,2026-05-07,4
10050,1359,9,2026-03-16,5
10051,515,49,2026-01-11,2
10052,1235,4,2026-06-18,1
10053,1721,36,2025-12-14,5
10054,1614,38,2026-02-20,4
10055,497,55,2026-08-02,3
10056,244,9,2026-04-23,3
10057,1136,52,2026-04-24,2
10058,271,90,2026-09-23,2
10059,1979,60,2025-10-28,1
10060,858,43,2026-08-29,5
10061,1062,4,2026-02-03,3
10062,210,49,2026-01-23,1
10063,1448,17,2025-12-03,4
10064,1892,39,2026-08-18,2
10065,109,28,2026-02-01,4
10066,361,84,2026-09-07,4
10067,1100,53,2025-10-31,2
10068,611,59,2026-02-19,3
10069,386,9,2026-04-29,1
10070,1282,10,2025-12-02,2
10071,1431,2,2026-07-02,4
10072,1736,24,2026-07-02,5
10073,1106,98,2026-06-03,1
10074,853,10,2026-04-17,3
10075,1807,39,2026-09-18,3
10076,2035,66,2026-08-11,3
10077,822,49,2026-06-16,2
10078,887,42,2026-03-27,3
10079,1071,4,2025-11-06,2
10080,1751,71,2026-08-14,5
10081,694,18,2025-12-26,1
10082,1874,85,2025-12-23,5
10083,1107,49,2026-09-22,4
10084,85,41,2026-07-23,5
10085,799,76,2026-02-13,5
10086,1559,40,2026-06-23,2
10087,1028,21,2026-06-28,5
10088,920,5,2026-02-20,3
10089,92,32,2025-12-14,1
10090,452,87,2026-09-04,2
10091,1107,72,2026-08-08,4
10092,1624,94,2025-11-12,2
10093,1528,21,2026-01-12,1
10094,1777,56,2026-01-11,4
10095,894,38,2026-06-21,2
10096,1904,96,2026-05-11,4
10097,798,18,2026-07-03,4
10098,1439,85,2026-07-01,3
10099,966,19,2025-12-31,5
10100,1514,49,2026-05-21,1
10101,307,1,2026-01-29,5
10102,920,72,2026-06-01,2
10103,897,11,2026-02-11,1
10104,373,86,2026-04-23,5
10105,1688,29,2026-01-21,3
10106,1297,45,2026-08-19,3
10107,498,44,2026-05-30,4
10108,396,84,2025-12-24,2
10109,1024,83,2026-05-16,1
10110,522,43,2025-10-25,2
10111,1087,46,2026-03-19,5
10112,448,8,2026-05-25,2
10113,452,96,2026-05-21,2
10114,1128,45,2025-12-23,4
10115,640,91,2025-10-08,2
10116,86,98,2026-02-04,2
10117,701,44,2026-03-15,3
10118,1068,78,2026-04-25,2
10119,1630,58,2026-07-20,4
10120,80,38,2026-08-25,1
10121,852,62,2025-11-19,5
10122,1749,9,2026-06-29,3
10123,863,82,2026-07-22,3
10124,1781,83,2026-04-19,4
10125,1081,51,2026-01-24,3
10126,1247,2,2026-04-09,3
10127,1055,86,2026-02-16,3
10128,884,64,2026-09-05,2
10129,384,92,2026-01-11,2
10130,1737,10,2026-08-12,2
10131,1115,78,2026-02-19,3
10132,1095,60,2026-03-26,4
10133,22,85,2025-10-11,4
10134,490,87,2025-12-18,5
10135,1926,41,2026-02-08,5
10136,1388,36,2026-07-27,2
10137,563,5,2026-04-30,4
10138,50,82,2026-04-26,5
10139,662,27,2026-07-28,1
10140,264,92,2025-11-09,1
10141,1761,32,2026-01-20,5
10142,60,89,2026-06-15,1
10143,1478,65,2026-01-28,4
10144,1776,98,2025-11-12,4
10145,1115,29,2025-12-09,2
10146,869,71,2026-03-28,5
10147,657,71,2025-10-24,1
10148,1108,87,2025-10-16,1
10149,750,28,2025-11-25,2
10150,574,26,2026-05-19,3
10151,939,3,2026-04-21,2
10152,1344,58,2026-08-18,4
10153,1048,99,2025-12-20,4
10154,653,49,2025-11-02,3
10155,884,85,2026-08-04,5
10156,948,90,2026-04-03,5
10157,1840,38,2026-09-03,3
10158,698,73,2026-06-07,3
10159,1168,48,2026-08-06,3
10160,1825,44,2025-10-10,3
10161,492,89,2026-08-25,4
10162,1154,91,2025-12-04,1
10163,235,39,2026-05-11,5
10164,1793,37,2026-04-01,1
10165,460,80,2026-07-10,3
10166,1413,41,2025-12-18,2
10167,1837,47,2026-09-01,2
10168,1931,59,2025-10-28,5
10169,2000,65,2026-08-23,2
10170,808,84,2025-11-04,3
10171,1790,9,2025-11-15,5
10172,1454,24,2026-08-15,1
10173,1705,48,2026-02-27,4
10174,1456,38,2026-02-25,3
10175,123,27,2025-12-12,1
10176,278,61,2026-09-02,4
10177,1806,34,2026-08-11,4
10178,53,66,2026-01-08,5
10179,615,8,2025-12-08,2
10180,1400,31,2026-03-31,2
10181,1610,22,2025-11-12,3
10182,20,95,2026-02-20,2
10183,411,99,2026-07-22,4
10184,594,83,2026-01-24,1
10185,514,12,2026-07-18,2
10186,1685,71,2025-11-11,1
10187,1472,85,2026-03-31,2
10188,980,74,2026-03-27,3
10189,1164,8,2026-07-22,1
10190,1895,62,2026-02-18,5
10191,182,18,2026-02-03,2
10192,666,39,2025-12-14,4
10193,177,71,2025-10-01,5
10194,1956,15,2025-11-10,2
10195,1518,94,2026-02-28,2
10196,1641,65,2026-02-08,3
10197,141,26,2026-05-27,2
10198,1572,88,2026-07-31,5
10199,1418,23,2026-05-06,4
10200,1120,54,2026-05-03,1
10201,1011,31,2025-12-31,3
10202,238,99,2025-12-01,1
10203,54,99,2025-12-13,2
10204,177,90,2026-08-10,2
10205,172,29,2026-06-11,1
10206,594,76,2025-11-13,3
10207,71,21,2026-07-10,5
10208,1948,78,2026-06-23,1
10209,1117,83,2026-07-08,5
10210,144,75,2026-09-26,4
10211,845,39,2026-09-08,3
10212,386,15,2025-12-16,5
10213,1385,74,2025-11-21,5
10214,1051,20,2025-10-15,1
10215,445,25,2026-09-05,3
10216,1975,72,2026-04-15,2
10217,906,20,2025-11-14,2
10218,1805,81,2026-05-05,4
10219,111,39,2026-06-04,1
10220,175,2,2026-06-01,2
10221,1123,73,2026-09-15,1
10222,236,65,2026-08-09,4
10223,74,42,2026-02-22,1
10224,490,93,2025-11-23,2
10225,47,98,2025-12-17,2
10226,1952,34,2026-02-13,5
10227,881,4,2026-04-03,4
10228,525,67,2025-11-05,4
10229,707,8,2026-04-15,4
10230,711,97,2026-05-17,2
10231,1449,84,2026-03-29,4
10232,464,10,2025-12-13,4
10233,241,51,2026-01-11,1
10234,1357,64,2026-01-05,5
10235,191,84,2025-11-05,1
10236,1579,89,2026-03-07,4
10237,1955,25,2025-10-12,5
10238,777,99,2026-08-06,2
10239,870,52,2025-10-27,4
10240,28,45,2025-10-08,5
10241,576,52,2026-08-04,5
10242,814,88,2026-04-18,5
10243,1764,92,2026-01-30,2
10244,447,89,2026-01-31,4
10245,60,64,2025-10-27,1
10246,652,67,2026-09-10,1
10247,1188,64,2025-10-10,1
10248,1344,7,2026-02-14,5
10249,406,32,2026-04-30,2
10250,611,28,2026-01-15,1
10251,692,69,2026-04-22,4
10252,585,90,2026-02-24,5
10253,1078,71,2026-09-17,2
10254,1793,84,2026-08-12,2
10255,959,43,2026-01-29,5
10256,1722,74,2025-09-29,4
10257,292,68,2025-12-31,3
10258,1718,89,2026-07-01,2
10259,766,71,2026-09-13,3
10260,730,41,2026-02-14,1
10261,1271,99,2026-01-13,1
10262,1956,54,2026-07-18,1
10263,1883,40,2026-01-14,5
10264,1594,97,2025-12-20,2
10265,1016,70,2026-05-04,5
10266,1122,91,2026-01-10,4
10267,812,73,2026-01-05,2
10268,1952,31,2025-12-10,5
10269,67,34,2025-10-05,2
10270,523,57,2026-04-25,3
10271,638,53,2026-06-19,4
10272,1060,56,2026-02-14,4
10273,545,13,2026-09-26,4
10274,1006,99,2026-01-23,1
10275,80,52,2025-12-02,2
10276,937,43,2025-11-20,3
10277,1178,57,2025-12-22,4
10278,77,16,2026-04-19,3
10279,1052,39,2026-03-29,1
10280,212,15,2026-06-16,3
10281,1637,11,2026-02-03,3
10282,366,70,2026-05-09,1
10283,639,92,2026-09-23,2
10284,777,9,2026-09-21,1
10285,1104,49,2026-04-27,1
10286,629,50,2025-11-18,1
10287,1798,49,2026-01-06,1
10288,1058,78,2025-11-11,2
10289,1533,96,2026-04-19,1
10290,700,44,2026-03-16,3
10291,1990,45,2026-04-09,3
10292,1519,51,2025-12-25,5
10293,778,65,2026-01-31,3
10294,1024,58,2026-01-23,1
10295,1653,4,2026-02-10,2
10296,1797,87,2026-02-22,3
10297,1405,41,2026-08-16,3
10298,1736,73,2026-03-19,3
10299,841,55,2026-09-07,1
10300,473,1,2025-10-01,1
10301,1231,53,2025-11-13,2
10302,1017,100,2025-12-13,2
10303,1984,67,2026-01-17,4
10304,966,35,2026-07-24,2
10305,203,84,2026-09-15,4
10306,800,68,2026-01-11,2
10307,753,85,2026-06-27,1
10308,666,87,2026-07-21,4
10309,1618,75,2025-10-07,2
10310,61,100,2026-02-06,5
10311,175,53,2026-07-17,3
10312,1114,15,2025-10-13,1
10313,844,89,2026-01-01,3
10314,493,36,2025-10-06,5
10315,516,72,2026-08-14,3
10316,1786,96,2026-01-01,4
10317,70,2,2026-05-22,4
10318,1660,63,2025-12-24,5
10319,1460,85,2026-03-15,5
10320,1795,91,2026-03-17,1
10321,1662,24,2026-03-02,5
10322,523,37,2026-03-27,5
10323,877,74,2026-04-13,3
10324,284,11,2026-02-24,4
10325,1430,46,2026-09-18,4
10326,973,44,2025-12-02,2
10327,16,2,2026-06-10,1
10328,1981,96,2026-04-27,1
10329,916,27,2026-08-24,3
10330,945,75,2026-03-02,3
10331,1539,41,2026-09-18,5
10332,480,41,2025-12-30,1
10333,1458,28,2026-04-24,5
10334,1687,21,2026-01-21,4
10335,1863,94,2026-02-16,5
10336,997,92,2026-08-03,1
10337,1957,88,2026-09-13,1
10338,186,57,2025-10-24,1
10339,1140,14,2026-05-23,2
10340,1459,80,2026-09-11,3
10341,1344,44,2026-08-18,4
10342,1950,10,2026-04-22,2
10343,1754,35,2025-10-17,5
10344,1146,37,2026-02-28,1
10345,1887,37,2026-09-19,2
10346,1446,82,2026-08-13,2
10347,1462,45,2026-03-06,2
10348,414,82,2026-07-01,2
10349,347,87,2026-06-01,5
10350,1461,46,2026-05-26,4
10351,1008,74,2026-08-30,5
10352,1351,27,2025-11-29,1
10353,850,42,2025-12-06,4
10354,1306,59,2026-02-14,4
10355,1696,11,2025-11-15,3
10356,1148,17,2026-06-19,1
10357,1773,60,2026-06-22,1
10358,1823,67,2026-09-07,5
10359,150,93,2026-02-16,1
10360,1491,74,2026-06-03,1
10361,854,16,2025-11-25,1
10362,1911,52,2026-02-27,3
10363,782,92,2026-02-04,1
10364,1194,65,2025-11-18,2
10365,1553,74,2025-10-27,4
10366,1639,39,2026-03-31,2
10367,1789,63,2026-02-28,2
10368,1058,70,2026-09-05,3
10369,379,31,2026-09-25,4
10370,989,38,2026-09-04,5
10371,1718,94,2026-09-07,4
10372,10,8,2026-05-19,4
10373,1148,16,2026-07-10,2
10374,497,23,2026-03-20,3
10375,322,12,2025-11-14,5
10376,1128,21,2025-10-12,2
10377,990,74,2026-04-22,5
10378,1259,53,2025-10-27,4
10379,1491,3,2026-04-25,2
10380,882,47,2026-07-01,2
10381,441,74,2026-07-05,3
10382,130,53,2026-05-20,3
10383,1553,86,2026-04-21,5
10384,1997,14,2025-12-04,1
10385,387,88,2025-10-04,4
10386,1704,97,2025-10-01,5
10387,916,6,2025-10-07,2
10388,1066,100,2026-06-03,1
10389,1294,66,2026-06-24,4
10390,1565,56,2026-09-22,5
10391,337,5,2026-01-20,4
10392,72,74,2026-09-23,5
10393,560,65,2026-01-25,3
10394,317,87,2026-07-28,4
10395,1480,39,2026-06-05,5
10396,1772,53,2026-05-10,2
10397,840,45,2026-08-08,1
10398,1636,37,2026-05-28,3
10399,809,41,2026-03-20,4
10400,875,61,2025-12-04,4
10401,1387,36,2026-03-30,1
10402,1045,21,2026-07-30,5
10403,915,76,2025-11-18,3
10404,977,74,2026-06-09,3
10405,1760,6,2025-09-28,2
10406,684,98,2026-03-03,2
10407,125,24,2025-12-12,4
10408,814,79,2025-12-27,2
10409,444,17,2025-10-26,4
10410,1950,33,2026-09-01,3
10411,1952,48,2025-12-23,4
10412,495,2,2026-01-19,5
10413,946,97,2025-10-13,3
10414,1501,49,2025-10-17,2
10415,178,56,2026-03-17,5
10416,301,83,2026-03-21,2
10417,953,52,2026-02-13,4
10418,251,17,2026-04-03,3
10419,1143,26,2026-09-24,4
10420,1178,76,2026-08-17,1
10421,1475,46,2025-10-28,2
10422,1482,99,2026-04-19,4
10423,1907,27,2026-07-31,2
10424,1009,56,2025-12-05,2
10425,529,17,2026-01-16,2
10426,1933,46,2026-06-26,4
10427,1584,99,2025-12-17,5
10428,954,18,2026-01-23,2
10429,1381,23,2026-06-08,2
10430,1538,75,2026-03-18,2
10431,73,30,2025-11-18,2
10432,1689,99,2026-05-26,1
10433,1113,89,2025-09-30,5
10434,292,84,2026-03-05,2
10435,1917,5,2026-02-02,2
10436,23,35,2026-05-13,2
10437,478,98,2026-01-02,2
10438,254,81,2026-09-11,5
10439,432,69,2026-06-17,3
10440,817,82,2026-04-02,1
10441,738,83,2025-12-01,4
10442,1282,2,2026-07-04,3
10443,449,57,2026-05-22,1
10444,1073,91,2026-07-27,3
10445,1388,15,2026-09-13,4
10446,1171,85,2026-04-30,4
10447,34,84,2026-06-30,4
10448,757,91,2026-02-25,3
10449,620,94,2026-03-03,2
10450,753,63,2025-11-15,5
10451,950,80,2026-01-18,2
10452,593,4,2026-05-07,3
10453,1461,19,2026-01-10,4
10454,1327,78,2026-01-06,4
10455,1085,47,2026-06-21,5
10456,539,93,2026-01-09,2
10457,1139,28,2026-06-23,5
10458,453,78,2025-10-16,4
10459,1865,78,2026-08-07,4
10460,1377,67,2026-09-08,2
10461,433,11,2026-09-08,3
10462,488,22,2025-10-08,1
10463,1045,48,2026-07-28,5
10464,862,45,2026-09-07,3
10465,1395,88,2025-11-07,1
10466,680,2,2025-12-01,4
10467,890,95,2026-05-08,5
10468,1307,86,2026-04-22,1
10469,1324,59,2026-04-21,2
10470,1013,54,2026-02-26,4
10471,1784,39,2025-11-13,5
10472,1390,69,2026-07-19,4
10473,292,72,2026-01-31,5
10474,1484,79,2026-03-29,1
10475,474,68,2025-09-27,3
10476,636,19,2025-12-30,4
10477,346,20,2026-04-10,1
10478,722,73,2026-03-12,4
10479,1859,87,2026-01-28,4
10480,422,74,2026-02-25,4
10481,1222,78,2026-01-21,3
10482,690,77,2026-08-07,3
10483,412,72,2025-09-30,5
10484,657,96,2026-03-24,3
10485,742,56,2026-04-27,3
10486,153,61,2026-01-06,1
10487,1005,28,2026-06-16,1
10488,307,95,2025-10-24,1
10489,1357,19,2025-10-05,4
10490,779,86,2026-01-09,4
10491,1399,96,2026-01-18,2
10492,1507,50,2026-03-25,4
10493,1475,91,2026-01-09,2
10494,1940,94,2025-12-23,2
10495,1881,65,2026-02-19,4
10496,1156,28,2026-02-11,5
10497,873,86,2025-10-30,4
10498,1633,13,2025-09-29,5
10499,69,78,2025-11-29,1
10500,1124,67,2026-02-28,4
10501,1475,94,2026-04-17,1
10502,426,96,2026-05-11,2
10503,634,39,2026-04-26,4
10504,1816,74,2026-07-09,2
10505,961,66,2026-09-02,3
10506,744,81,2026-08-07,3
10507,992,56,2025-11-12,1
10508,1374,3,2026-08-08,5
10509,1016,13,2026-01-06,4
10510,1875,99,2026-02-23,3
10511,1945,72,2026-08-19,1
10512,585,45,2025-10-04,4
10513,1466,35,2026-01-31,4
10514,1969,74,2026-05-07,3
10515,1873,64,2026-02-04,2
10516,1967,30,2026-09-14,5
10517,1574,71,2026-05-10,1
10518,667,17,2026-09-26,5
10519,62,85,2026-07-17,3
10520,895,45,2026-04-14,1
10521,392,57,2026-07-07,5
10522,1516,58,2026-03-01,4
10523,1216,68,2025-11-12,5
10524,485,57,2026-06-11,3
10525,1670,34,2026-01-30,3
10526,1242,52,2025-10-19,5
10527,1268,28,2026-03-09,5
10528,810,21,2025-10-17,3
10529,307,31,2025-10-26,1
10530,1763,74,2026-06-15,5
10531,799,36,2026-09-06,4
10532,1951,82,2026-08-04,2
10533,1906,29,2026-02-09,3
10534,734,33,2026-01-23,5
10535,1219,43,2026-04-22,2
10536,383,14,2025-11-23,3
10537,66,31,2026-04-14,5
10538,131,1,2026-05-16,5
10539,93,27,2026-07-03,3
10540,860,80,2026-03-04,3
10541,875,1,2026-04-10,3
10542,1644,8,2026-07-24,2
10543,825,34,2026-05-29,4
10544,942,56,2026-02-15,5
10545,1346,95,2025-11-28,1
10546,167,24,2026-05-03,2
10547,1664,44,2025-11-25,1
10548,1489,74,2026-01-26,4
10549,642,45,2026-09-19,5
10550,1455,65,2026-04-24,1
10551,1154,82,2026-08-19,1
10552,1614,39,2025-10-18,1
10553,1068,78,2026-03-06,2
10554,444,48,2026-01-15,2
10555,852,92,2026-07-02,4
10556,206,29,2025-09-27,5
10557,647,96,2026-03-06,1
10558,343,76,2025-10-10,3
10559,396,67,2026-05-31,1
10560,1794,4,2025-11-20,1
10561,1753,38,2025-12-30,3
10562,194,70,2026-05-23,1
10563,1145,8,2026-04-06,4
10564,1656,12,2026-08-27,5
10565,1245,73,2026-02-25,5
10566,389,52,2025-11-25,3
10567,1797,46,2025-10-15,3
10568,1179,13,2025-11-27,5
10569,1707,74,2026-01-18,4
10570,898,11,2026-06-26,5
10571,1629,85,2026-05-06,4
10572,990,1,2025-11-05,5
10573,1315,40,2025-10-02,5
10574,1224,27,2025-12-11,2
10575,1858,92,2026-07-09,3
10576,1005,90,2025-10-05,1
10577,866,11,2026-07-31,2
10578,451,27,2026-07-26,2
10579,1562,25,2025-11-04,3
10580,723,21,2026-07-19,2
10581,1153,99,2025-10-18,3
10582,1364,7,2025-10-18,2
10583,1788,87,2026-05-29,1
10584,1016,47,2026-05-26,5
10585,715,50,2026-07-08,2
10586,523,70,2026-05-14,1
10587,819,14,2026-04-13,1
10588,1881,24,2026-09-15,4
10589,1477,5,2025-12-03,2
10590,796,76,2025-10-27,3
10591,880,41,2025-11-03,4
10592,192,22,2026-09-06,1
10593,1136,56,2025-11-26,1
10594,130,70,2026-08-22,1
10595,1367,94,2025-11-28,2
10596,1456,83,2026-09-04,2
10597,1259,78,2026-09-09,2
10598,122,24,2026-01-05,3
10599,1196,96,2026-03-28,5
10600,1190,93,2026-06-07,2
10601,879,20,2025-10-27,2
10602,1620,37,2025-11-24,3
10603,882,72,2026-07-31,5
10604,1240,14,2026-09-20,1
10605,1442,50,2026-07-22,1
10606,1563,52,2026-07-16,5
10607,1981,37,2025-10-21,3
10608,705,21,2025-10-12,1
10609,289,97,2025-10-30,1
10610,1624,55,2026-01-16,1
10611,251,52,2026-06-19,3
10612,1929,89,2025-11-18,5
10613,519,33,2025-10-03,4
10614,1795,70,2025-10-18,1
10615,1252,64,2026-09-16,1
10616,79,100,2026-02-05,5
10617,560,55,2026-01-25,5
10618,540,36,2026-03-12,5
10619,62,52,2026-03-26,1
10620,1393,95,2026-07-26,3
10621,72,53,2026-06-10,2
10622,1935,59,2026-09-16,3
10623,816,56,2026-03-20,5
10624,452,88,2026-07-09,5
10625,1119,45,2026-08-19,5
10626,84,63,2026-08-27,3
10627,1246,36,2025-12-08,1
10628,294,86,2026-03-02,5
10629,33,38,2026-08-29,5
10630,931,84,2026-03-29,4
10631,367,41,2026-05-05,2
10632,1559,81,2026-09-07,5
10633,931,52,2026-02-21,4
10634,176,77,2026-08-02,3
10635,92,13,2026-01-04,4
10636,1015,18,2026-02-20,5
10637,821,16,2026-08-15,4
10638,1377,92,2026-02-24,4
10639,656,75,2026-06-19,1
10640,1979,88,2025-12-04,4
10641,1247,58,2025-12-02,4
10642,248,98,2025-11-09,4
10643,281,99,2026-04-13,5
10644,892,2,2026-04-19,2
10645,1223,67,2026-03-03,2
10646,1655,52,2026-02-12,5
10647,1880,81,2026-07-28,4
10648,1333,6,2026-06-01,1
10649,757,49,2026-04-17,2
10650,1528,63,2026-06-08,3
10651,324,9,2025-10-19,3
10652,1950,17,2026-06-08,2
10653,1469,19,2025-11-10,3
10654,561,23,2025-12-11,2
10655,311,44,2026-03-20,4
10656,2,67,2025-10-14,3
10657,1716,80,2026-06-21,3
10658,800,9,2026-07-31,4
10659,222,47,2025-12-28,1
10660,1583,20,2026-03-19,1
10661,738,94,2026-08-13,2
10662,408,99,2026-03-15,1
10663,1473,16,2026-01-01,5
10664,761,53,2026-02-13,1
10665,1255,80,2026-03-14,2
10666,1360,20,2026-02-21,2
10667,260,93,2025-12-12,1
10668,1239,11,2025-09-30,2
10669,555,34,2026-07-20,2
10670,1624,36,2025-11-21,1
10671,1766,4,2026-02-17,5
10672,1049,29,2026-06-02,3
10673,1858,26,2026-09-17,4
10674,1212,98,2026-05-31,5
10675,1412,39,2025-12-13,1
10676,198,15,2025-12-12,4
10677,302,30,2026-06-25,1
10678,1008,80,2026-01-16,5
10679,1846,96,2026-09-10,5
10680,1029,14,2025-11-07,1
10681,1647,88,2025-10-18,5
10682,309,40,2026-04-11,2
10683,705,60,2026-04-24,5
10684,1546,56,2026-08-08,2
10685,681,47,2026-09-09,5
10686,925,37,2026-05-27,3
10687,855,28,2025-12-01,3
10688,1071,69,2026-06-11,2
10689,1534,97,2026-01-05,4
10690,306,41,2026-08-13,3
10691,1532,24,2026-02-25,2
10692,660,26,2026-08-20,3
10693,139,60,2025-11-25,5
10694,1141,97,2026-09-09,2
10695,52,43,2026-07-07,-5
10696,516,44,2026-02-01,3
10697,1135,95,2026-01-22,5
10698,1047,61,2025-12-31,2
10699,537,57,2025-09-30,4
10700,892,49,2026-05-27,4
10701,91,69,2026-09-24,2
10702,1119,64,2026-06-30,3
10703,1448,90,2026-03-10,5
10704,162,93,2026-05-13,2
10705,1282,61,2025-10-25,3
10706,148,88,2026-01-11,2
10707,1138,47,2026-04-14,5
10708,211,48,2026-01-02,2
10709,263,13,2026-04-17,1
10710,1724,38,2026-05-31,1
10711,1619,34,2026-02-05,2
10712,1302,16,2025-09-28,1
10713,168,36,2026-04-13,3
10714,292,76,2026-03-28,5
10715,1908,40,2026-04-10,3
10716,945,40,2026-09-24,3
10717,438,9,2026-01-09,5
10718,1742,62,2026-08-06,1
10719,1400,47,2025-11-28,2
10720,1677,32,2026-01-21,3
10721,1911,58,2026-07-21,2
10722,886,79,2026-08-11,4
10723,189,4,2025-10-11,1
10724,1622,82,2026-01-10,3
10725,604,39,2026-01-20,5
10726,1017,47,2026-07-31,5
10727,729,71,2026-09-20,4
10728,141,94,2026-08-13,5
10729,1038,12,2026-06-22,4
10730,827,7,2026-06-16,2
10731,751,74,2025-11-25,5
10732,1023,78,2025-12-14,3
10733,935,56,2026-01-16,2
10734,262,63,2026-06-17,3
10735,1777,6,2026-07-22,2
10736,241,21,2026-01-14,2
10737,470,78,2025-12-31,3
10738,1141,6,2026-02-09,4
10739,594,58,2025-10-04,2
10740,241,40,2026-09-13,5
10741,1634,51,2026-01-16,5
10742,635,59,2026-05-22,4
10743,524,1,2026-06-08,4
10744,453,52,2025-10-06,4
10745,1761,98,2026-04-25,3
10746,26,1,2026-04-20,4
10747,1971,92,2026-04-08,2
10748,1751,71,2025-12-18,2
10749,1773,24,2025-11-27,5
10750,248,75,2025-12-01,2
10751,851,69,2026-06-11,2
10752,1138,34,2026-05-31,4
10753,874,34,2025-12-04,2
10754,422,26,2026-07-30,1
10755,1479,100,2026-02-27,3
10756,1201,56,2026-08-22,5
10757,1357,98,2025-12-21,1
10758,822,85,2026-04-20,4
10759,1818,35,2025-10-13,5
10760,475,13,2026-03-26,2
10761,517,84,2026-01-08,3
10762,697,67,2026-01-10,3
10763,1799,72,2026-07-20,1
10764,1980,67,2025-11-23,3
10765,720,13,2026-05-06,2
10766,372,16,2026-02-07,1
10767,1535,31,2026-04-14,4
10768,1398,12,2026-07-09,4
10769,39,40,2026-09-24,5
10770,1487,29,2026-09-25,4
10771,1282,68,2026-02-03,1
10772,1412,53,2025-11-08,3
10773,717,47,2026-07-20,5
10774,1454,48,2026-08-13,5
10775,342,10,2026-02-06,5
10776,1024,74,2026-01-31,2
10777,428,98,2025-11-19,4
10778,1863,89,2026-01-04,4
10779,1181,64,2026-03-18,2
10780,819,60,2026-06-04,4
10781,1009,61,2026-06-20,4
10782,1164,27,2026-04-02,3
10783,871,10,2026-07-10,2
10784,183,63,2026-03-04,3
10785,150,75,2026-07-28,3
10786,1587,72,2026-01-17,1
10787,1337,70,2026-07-04,3
10788,886,63,2025-12-27,2
10789,411,78,2026-01-03,5
10790,1392,63,2025-10-03,4
10791,745,4,2025-11-24,1
10792,154,11,2025-11-14,2
10793,218,43,2026-08-05,3
10794,1981,1,2026-06-23,3
10795,376,96,2026-02-18,2
10796,1991,33,2026-04-26,4
10797,321,98,2026-08-09,1
10798,1199,78,2026-02-07,1
10799,6,93,2025-11-10,5
10800,200,50,2026-04-16,3
10801,1442,78,2026-05-20,1
10802,1719,81,2026-03-05,5
10803,1958,12,2026-07-16,3
10804,460,68,2026-05-31,1
10805,931,79,2026-04-10,5
10806,946,86,2026-04-10,2
10807,926,24,2026-04-13,1
10808,1384,51,2026-07-23,1
10809,1641,24,2025-10-20,2
10810,372,56,2026-05-19,3
10811,1382,23,2026-01-19,1
10812,1043,50,2026-04-01,5
10813,899,21,2026-07-13,3
10814,1271,61,2026-03-31,1
10815,1730,97,2026-09-02,3
10816,1874,88,2026-03-31,4
10817,401,21,2026-08-09,4
10818,15,16,2026-05-24,1
10819,688,40,2026-09-10,5
10820,1708,60,2025-11-15,4
10821,1281,24,2026-01-10,4
10822,1674,76,2025-09-29,4
10823,697,53,2026-06-14,5
10824,1409,69,2026-07-06,5
10825,1545,9,2026-04-30,1
10826,703,87,2026-06-22,5
10827,411,45,2026-05-27,5
10828,1983,62,2026-04-08,5
10829,1699,28,2026-02-24,2
10830,561,35,2026-04-25,4
10831,345,49,2025-10-23,2
10832,1004,51,2025-12-12,4
10833,869,98,2026-08-29,3
10834,807,34,2026-07-28,3
10835,911,84,2026-06-19,4
10836,1268,34,2026-04-12,5
10837,543,57,2026-08-17,1
10838,725,81,2026-03-24,2
10839,1749,57,2026-02-14,3
10840,1327,5,2026-03-09,2
10841,49,100,2026-02-03,3
10842,907,64,2026-01-28,2
10843,1326,1,2026-07-31,5
10844,1392,96,2026-02-13,5
10845,816,41,2026-08-05,2
10846,1278,34,2026-08-21,3
10847,486,57,2025-10-10,3
10848,1135,5,2026-02-17,4
10849,15,48,2026-06-22,2
10850,443,26,2026-06-26,5
10851,1895,52,2026-04-05,5
10852,383,93,2026-01-01,5
10853,508,53,2025-11-27,5
10854,621,95,2026-04-09,5
10855,1427,36,2025-10-18,1
10856,454,59,2026-05-28,2
10857,1982,36,2025-10-25,1
10858,3,93,2026-03-26,4
10859,362,91,2026-01-16,3
10860,644,14,2025-10-12,1
10861,835,47,2025-12-08,5
10862,1781,69,2026-01-22,4
10863,1191,56,2026-08-16,2
10864,1825,38,2026-01-08,4
10865,576,83,2026-05-24,4
10866,1417,51,2026-02-10,4
10867,508,28,2025-10-16,2
10868,403,74,2026-06-02,5
10869,542,15,2026-05-27,3
10870,301,7,2026-07-28,5
10871,1676,9,2026-02-19,1
10872,44,23,2025-11-11,4
10873,92,62,2026-05-08,5
10874,1397,77,2025-11-22,3
10875,803,39,2025-11-24,5
10876,1213,60,2026-02-08,4
10877,1299,61,2026-07-13,2
10878,403,31,2026-06-19,1
10879,179,34,2026-05-03,3
10880,1822,42,2026-01-15,4
10881,761,35,2026-08-28,4
10882,1209,27,2026-06-24,3
10883,1938,45,2025-10-08,2
10884,65,24,2026-04-24,4
10885,1488,52,2025-10-11,5
10886,685,56,2026-05-25,4
10887,985,11,2025-10-27,5
10888,1930,16,2026-09-10,2
10889,374,31,2026-07-31,4
10890,1767,28,2025-11-14,5
10891,261,25,2025-11-22,4
10892,520,47,2026-05-21,5
10893,1205,67,2026-08-23,3
10894,210,90,2026-09-06,2
10895,1021,53,2026-02-01,5
10896,19,43,2026-05-13,5
10897,1003,75,2025-10-02,1
10898,1287,97,2025-10-19,4
10899,745,16,2026-08-21,1
10900,548,6,2026-05-03,4
10901,1978,59,2025-10-15,5
10902,1560,69,2026-01-09,3
10903,1088,94,2026-05-10,3
10904,1985,26,2026-06-16,1
10905,521,67,2026-01-21,3
10906,437,56,2026-05-21,3
10907,584,89,2026-08-30,1
10908,1798,34,2026-02-23,5
10909,982,24,2025-12-02,5
10910,1259,2,2025-10-26,2
10911,1776,58,2025-11-26,5
10912,502,85,2026-06-13,4
10913,504,95,2026-02-05,1
10914,1009,96,2026-05-04,5
10915,1529,80,2026-03-12,5
10916,1942,34,2026-02-10,3
10917,1129,72,2025-10-18,5
10918,1521,76,2026-03-07,2
10919,410,24,2025-10-09,1
10920,1283,48,2026-05-21,4
10921,1731,92,2025-09-29,3
10922,867,80,2025-12-15,5
10923,255,96,2025-10-24,3
10924,424,84,2025-12-17,1
10925,1244,77,2025-12-02,5
10926,781,26,2026-04-20,2
10927,1965,77,2025-10-07,2
10928,734,52,2026-01-30,3
10929,1985,1,2026-02-09,2
10930,902,77,2025-10-12,5
10931,1646,46,2025-11-26,3
10932,1648,24,2025-10-27,4
10933,1894,21,2026-01-11,1
10934,299,81,2025-11-26,5
10935,441,12,2026-03-28,5
10936,9,3,2026-03-13,3
10937,411,11,2025-12-01,5
10938,1434,5,2025-12-07,4
10939,259,8,2026-06-18,3
10940,1791,16,2026-06-24,1
10941,487,8,2026-07-14,3
10942,1087,37,2026-02-26,4
10943,1875,67,2026-01-16,3
10944,1550,63,2026-05-12,5
10945,1813,27,2026-05-13,5
10946,1928,96,2026-06-23,2
10947,1702,92,2026-02-12,3
10948,1393,42,2026-08-19,2
10949,1700,14,2026-06-23,3
10950,1098,21,2025-11-09,4
10951,1761,87,2025-12-10,2
10952,1783,18,2026-06-17,4
10953,1745,17,2026-02-14,5
10954,1778,13,2026-03-27,5
10955,379,47,2026-03-21,3
10956,957,88,2026-08-24,4
10957,1605,68,2026-06-24,1
10958,1854,44,2026-03-18,5
10959,500,7,2025-10-18,5
10960,1178,55,2025-11-29,5
10961,1731,39,2026-03-14,3
10962,929,50,2026-06-10,1
10963,1637,44,2026-09-07,1
10964,1561,38,2026-09-24,5
10965,577,75,2026-07-07,1
10966,1510,4,2026-03-12,5
10967,279,84,2026-07-16,3
10968,834,92,2026-02-21,3
10969,487,43,2025-10-18,1
10970,1911,53,2026-05-12,5
10971,710,46,2026-03-30,5
10972,1639,100,2026-09-19,2
10973,1764,43,2026-04-03,5
10974,160,8,2026-06-15,5
10975,275,85,2026-09-26,2
10976,899,100,2026-05-13,3
10977,916,99,2026-02-27,4
10978,1018,64,2026-08-14,3
10979,1177,24,2026-04-05,3
10980,1801,91,2026-02-19,1
10981,445,66,2025-11-30,4
10982,1744,37,2025-12-11,5
10983,989,77,2026-02-01,4
10984,79,3,2026-08-08,4
10985,1456,37,2025-10-28,3
10986,1229,37,2026-04-01,5
10987,1166,89,2026-03-04,4
10988,1836,34,2026-05-21,1
10989,874,17,2026-05-08,2
10990,1155,44,2026-09-09,4
10991,1732,63,2026-08-30,1
10992,676,47,2025-12-14,5
10993,704,4,2026-01-18,2
10994,883,58,2026-05-15,3
10995,1504,3,2026-08-12,4
10996,254,20,2026-02-28,2
10997,303,87,2026-06-05,4
10998,739,26,2026-04-18,1
10999,1674,48,2026-02-18,1
11000,1286,26,2026-09-17,3
11001,1017,82,2025-11-18,1
11002,695,37,2025-10-25,3
11003,1139,31,2026-03-18,3
11004,729,80,2026-03-26,3
11005,1892,56,2026-04-01,2
11006,869,72,2025-11-28,2
11007,764,85,2026-01-09,4
11008,1988,98,2026-09-20,4
11009,1043,7,2026-04-27,5
11010,730,98,2026-08-06,1
11011,1646,96,2026-02-28,5
11012,62,65,2025-11-12,4
11013,602,26,2025-10-23,1
11014,182,48,2026-05-27,3
11015,966,72,2026-09-10,3
11016,192,81,2025-12-17,5
11017,1195,30,2026-05-18,2
11018,1139,50,2026-04-15,1
11019,1397,32,2026-08-08,1
11020,1393,54,2026-09-04,1
11021,1180,67,2026-06-22,5
11022,718,83,2026-07-03,1
11023,69,48,2025-11-11,3
11024,404,77,2026-07-06,1
11025,222,48,2025-11-13,2
11026,90,21,2025-12-24,4
11027,100,5,2026-02-19,5
11028,389,88,2026-09-24,2
11029,445,74,2026-09-24,4
11030,1024,76,2026-01-29,1
11031,1863,1,2025-12-30,2
11032,1148,82,2026-07-02,4
11033,348,84,2026-06-19,1
11034,1091,79,2026-07-10,2
11035,609,37,2026-06-24,4
11036,204,97,2026-06-20,4
11037,886,52,2026-05-16,2
11038,1804,18,2026-02-13,1
11039,477,39,2026-07-02,5
11040,190,24,2026-09-20,3
11041,1522,99,2025-12-31,4
11042,599,62,2026-05-07,3
11043,1491,53,2025-12-12,3
11044,1738,4,2026-02-14,3
11045,1328,72,DATE_INVALIDE,2
11046,1567,22,2026-09-12,4
11047,1681,56,2026-07-30,4
11048,906,77,2026-01-27,3
11049,191,88,2026-06-19,5
11050,909,39,2026-05-27,3
11051,1161,22,2026-08-05,3
11052,1079,58,2026-04-13,1
11053,1910,33,2026-03-02,4
11054,445,73,2026-08-05,5
11055,686,32,2026-09-22,1
11056,677,56,2026-03-13,4
11057,1339,19,2026-03-05,2
11058,572,2,2026-08-07,2
11059,776,75,2026-08-13,1
11060,1923,73,2026-07-08,4
11061,1569,76,2026-02-11,4
11062,857,86,2026-04-14,5
11063,1964,16,2025-10-29,5
11064,1720,18,2025-12-29,5
11065,498,86,2025-12-10,2
11066,786,72,2026-02-10,4
11067,381,7,2025-12-06,2
11068,426,30,2026-05-24,4
11069,1143,100,2026-09-23,3
11070,793,87,2025-10-24,1
11071,1055,53,2026-01-09,4
11072,1448,67,2026-02-28,3
11073,1027,32,2026-06-07,1
11074,1613,43,2026-02-09,3
11075,789,88,2026-07-23,3
11076,1589,58,2026-09-07,4
11077,1679,86,2026-08-26,3
11078,1029,50,2026-05-20,5
11079,5,7,2026-09-08,3
11080,138,95,2026-03-18,2
11081,1305,96,2026-04-17,4
11082,870,34,2026-08-26,3
11083,541,28,2026-08-01,4
11084,340,60,2026-01-19,1
11085,842,14,2026-04-03,3
11086,728,25,2026-05-07,3
11087,364,6,2026-02-03,1
11088,310,12,2026-02-23,5
11089,908,33,2026-05-05,4
11090,1773,48,2025-11-17,2
11091,512,42,2025-10-22,1
11092,1177,12,2026-08-16,5
11093,712,86,2026-06-24,1
11094,838,48,2026-03-20,1
11095,459,41,2026-01-25,5
11096,102,70,2026-03-09,1
11097,539,25,2026-08-13,2
11098,1454,73,2025-12-31,5
11099,1842,55,2026-05-28,4
11100,420,24,2026-09-25,4
11101,1211,89,2026-09-05,1
11102,264,27,2026-02-16,2
11103,197,1,2026-07-04,4
11104,1885,96,2025-10-17,5
11105,1988,10,2026-08-08,4
11106,79,47,2025-10-19,2
11107,1236,11,2025-11-30,5
11108,716,59,2026-02-10,3
11109,1704,99,2026-07-21,4
11110,1266,77,2026-03-31,1
11111,1736,17,2026-03-16,4
11112,1441,24,2025-10-06,3
11113,1271,55,2026-08-08,1
11114,1643,38,2025-11-23,2
11115,1851,65,2026-03-08,2
11116,640,1,2025-10-19,4
11117,1499,95,2026-05-30,3
11118,453,6,2025-11-29,4
11119,23,77,2025-11-05,2
11120,223,52,2025-12-07,5
11121,934,37,2026-07-24,3
11122,1686,59,2026-01-07,1
11123,916,31,2026-02-18,2
11124,581,32,2025-10-19,1
11125,259,57,2026-08-05,3
11126,1639,12,2026-02-01,2
11127,871,53,2026-04-26,3
11128,1753,6,2026-04-18,2
11129,413,52,2026-01-18,1
11130,1983,46,2026-04-26,3
11131,46,54,2026-06-15,2
11132,930,42,2026-02-02,3
11133,307,54,2026-03-19,4
11134,1832,7,2025-12-07,2
11135,1289,61,2026-04-22,1
11136,932,93,2025-12-09,3
11137,16,1,2025-11-23,3
11138,1891,56,2026-09-12,5
11139,86,55,2026-06-03,5
11140,654,60,2025-09-28,1
11141,1990,23,2025-11-02,1
11142,1071,12,2026-09-19,4
11143,1781,89,2026-05-17,5
11144,1660,24,2026-01-08,2
11145,1638,25,2026-04-01,5
11146,1557,90,2026-01-22,2
11147,1290,48,2025-10-05,3
11148,578,94,2026-06-25,5
11149,655,11,2026-09-20,4
11150,969,8,2026-03-15,4
11151,608,25,2026-07-21,2
11152,1447,68,2025-11-21,2
11153,303,35,2025-10-13,2
11154,1400,34,2026-04-17,4
11155,1606,43,2026-06-24,3
11156,1175,4,2025-11-22,2
11157,624,9,2025-10-14,1
11158,1455,40,2026-03-11,5
11159,68,100,2026-06-12,3
11160,103,78,2025-11-16,2
11161,583,51,2026-01-02,3
11162,460,54,2026-01-31,2
11163,14,41,2026-01-26,4
11164,1582,48,2026-09-24,3
11165,954,90,2026-01-04,1
11166,1184,70,2025-09-28,3
11167,831,99,2025-11-27,3
11168,924,58,2026-01-24,1
11169,1325,19,2026-08-20,1
11170,22,96,2026-05-21,3
11171,126,15,2026-05-10,2
11172,1442,90,2026-03-20,5
11173,1131,88,2025-12-22,2
11174,1886,81,2026-01-13,5
11175,190,58,2026-05-25,5
11176,780,68,2026-04-06,1
11177,776,78,2026-05-17,4
11178,76,46,2026-04-06,5
11179,1011,95,2025-11-14,2
11180,1586,73,2026-09-14,2
11181,1564,90,2025-10-12,1
11182,1405,45,2025-10-26,3
11183,172,100,2026-07-25,4
11184,1576,71,2026-08-03,2
11185,1470,84,2026-01-31,1
11186,1206,28,2026-06-03,4
11187,1319,64,2026-02-21,1
11188,1234,92,2026-06-19,3
11189,89,50,2026-02-27,3
11190,1470,81,2026-09-22,3
11191,1696,20,2026-03-27,3
11192,415,48,2026-07-16,4
11193,1360,64,2025-10-07,4
11194,14,74,2026-04-03,3
11195,369,2,2026-04-15,4
11196,1804,83,2026-06-29,3
11197,302,84,2026-05-02,2
11198,227,75,2026-05-15,2
11199,54,98,2026-04-25,2
11200,1347,50,2026-08-16,1
11201,1150,56,2025-11-28,5
11202,1515,16,2025-10-07,1
11203,1815,29,2026-08-03,4
11204,1204,84,2025-09-28,1
11205,571,74,2026-07-25,1
11206,138,84,2026-07-08,4
11207,101,26,2025-10-22,2
11208,1414,52,2026-06-09,2
11209,50,45,2026-06-24,5
11210,953,63,2026-05-21,4
11211,174,36,2025-10-22,5
11212,275,90,2026-05-22,4
11213,266,13,2026-06-13,1
11214,688,55,2026-07-12,5
11215,627,56,2026-04-20,1
11216,921,26,2026-06-05,3
11217,742,50,2026-07-28,5
11218,230,76,2026-09-13,2
11219,76,46,2025-12-12,1
11220,755,52,2026-01-09,2
11221,2051,95,2026-07-15,4
11222,1497,68,2026-02-18,5
11223,721,6,2025-12-25,1
11224,731,14,2026-06-07,4
11225,1530,35,2026-05-24,5
11226,1309,61,2026-04-28,2
11227,1109,16,2026-03-31,5
11228,1497,15,2025-12-02,4
11229,537,66,2026-06-08,4
11230,1023,58,2026-02-18,5
11231,766,79,2026-01-27,5
11232,1389,43,2026-09-03,5
11233,443,69,2026-03-03,2
11234,792,78,2026-04-05,5
11235,962,97,2026-07-26,1
11236,719,19,2025-12-26,1
11237,1253,26,2025-11-07,1
11238,779,33,2026-09-18,4
11239,1184,16,2026-08-20,2
11240,1659,63,2026-04-10,1
11241,183,73,2026-07-19,4
11242,1179,25,2026-07-23,2
11243,490,87,2026-04-04,1
11244,1285,10,2026-01-13,2
11245,980,72,2026-07-08,2
11246,658,83,2025-10-17,4
11247,272,66,2026-06-25,4
11248,476,31,2026-04-06,3
11249,365,55,2026-03-15,2
11250,279,77,2025-10-24,3
11251,1959,63,2026-07-05,3
11252,1033,16,2026-05-30,1
11253,1144,21,2025-12-31,4
11254,1751,86,2026-07-26,5
11255,595,96,2026-01-05,3
11256,926,30,2025-11-28,5
11257,1640,17,2025-12-20,2
11258,453,11,2026-07-20,4
11259,943,66,2026-08-23,4
11260,1855,2,2026-03-17,2
11261,1334,36,2026-07-14,4
11262,1714,98,2026-04-06,1
11263,667,62,2026-03-07,4
11264,1600,73,2026-06-01,1
11265,616,27,2026-05-19,1
11266,1371,39,2025-11-30,2
11267,1313,41,2026-02-28,2
11268,508,65,2026-03-25,1
11269,1413,43,2025-11-01,4
11270,65,76,2026-03-26,2
11271,324,7,2026-05-20,5
11272,1056,5,2026-02-13,2
11273,1212,90,2026-04-09,3
11274,1319,46,2026-05-15,4
11275,1807,79,2025-12-31,3
11276,409,74,2026-01-05,1
11277,1098,49,2026-04-23,4
11278,1652,67,2025-09-29,5
11279,665,3,2026-03-07,4
11280,1555,35,2026-07-17,2
11281,1318,35,2026-07-20,3
11282,124,92,2025-11-20,1
11283,615,19,2025-10-05,4
11284,971,34,2026-07-27,5
11285,715,36,2026-01-03,5
11286,235,1,2025-12-12,1
11287,1638,10,2026-06-22,5
11288,1797,82,2026-07-03,5
11289,1252,80,2026-04-27,1
11290,1965,20,2026-01-14,5
11291,758,58,2026-01-30,3
11292,1083,40,2026-01-12,5
11293,159,13,2026-08-17,1
11294,1468,64,2026-03-12,1
11295,614,59,2026-01-01,3
11296,109,83,2026-04-17,1
11297,587,88,2026-04-25,2
11298,384,39,2026-04-11,3
11299,582,54,2026-03-11,2
11300,1868,23,2025-09-28,1
11301,700,91,2026-01-23,3
11302,1276,91,2026-04-14,2
11303,1360,32,2025-12-09,5
11304,9,63,2026-02-19,1
11305,505,86,2026-05-12,3
11306,566,50,2026-01-22,4
11307,1881,80,2025-10-28,3
11308,968,88,2026-02-06,1
11309,104,54,2026-08-31,1
11310,1898,74,2026-02-01,5
11311,106,57,2025-11-05,5
11312,222,51,2026-03-29,2
11313,274,10,2026-03-18,3
11314,1562,95,2026-08-16,1
11315,1,22,2025-12-26,2
11316,1297,14,2026-02-23,4
11317,818,9,2026-03-19,4
11318,86,78,2026-06-17,3
11319,519,86,2026-05-08,1
11320,1499,43,2026-06-24,3
11321,393,28,2025-11-28,2
11322,803,47,2026-05-07,1
11323,1061,44,2025-12-07,5
11324,674,56,2025-10-31,3
11325,239,57,2026-07-06,5
11326,1366,48,2025-11-16,4
11327,350,73,2026-07-04,1
11328,675,23,2026-09-22,3
11329,366,22,2026-07-27,1
11330,1767,15,2026-07-23,1
11331,580,21,2026-08-26,5
11332,1865,78,2026-07-22,3
11333,232,38,2026-06-11,1
11334,15,97,2026-02-19,1
11335,1671,66,2026-01-15,3
11336,1441,51,2026-09-17,5
11337,389,75,2026-07-21,1
11338,1751,22,2026-02-19,4
11339,316,1,2026-03-10,1
11340,1681,91,2025-12-19,1
11341,923,39,2025-11-21,1
11342,106,80,2025-12-13,5
11343,620,90,2026-08-24,3
11344,1267,65,2026-05-08,5
11345,801,52,2026-06-20,3
11346,609,70,2026-08-12,1
11347,1111,19,2026-09-15,4
11348,1925,77,2025-12-31,1
11349,1356,50,2026-01-31,4
11350,670,78,2026-09-04,1
11351,640,35,2026-04-28,5
11352,1862,41,2025-11-29,2
11353,1474,15,2025-12-12,5
11354,53,13,2026-08-28,1
11355,127,67,2026-01-02,3
11356,446,14,2025-12-06,3
11357,1698,69,2026-04-21,2
11358,594,24,2026-01-25,5
11359,1914,92,2026-02-02,1
11360,303,93,2025-11-30,3
11361,357,51,2026-04-17,4
11362,1290,32,2025-11-07,2
11363,286,41,2025-10-02,2
11364,326,31,2026-02-03,5
11365,904,6,2026-05-02,4
11366,789,4,2026-05-27,3
11367,1268,94,2025-12-04,2
11368,1300,85,2026-08-26,5
11369,1011,82,2026-06-28,4
11370,810,61,2026-09-24,3
11371,1990,70,2025-10-23,4
11372,1768,18,2026-06-03,1
11373,920,84,2025-10-17,3
11374,1626,38,2025-12-27,1
11375,494,28,2025-10-07,1
11376,1750,10,2026-04-04,1
11377,1379,97,2026-09-14,5
11378,1980,19,2026-06-06,3
11379,1648,18,2026-05-21,3
11380,375,56,2026-02-15,3
11381,1814,9,2026-02-22,4
11382,1090,76,2026-09-03,2
11383,365,63,2026-07-27,4
11384,1461,30,2026-09-25,5
11385,654,90,2026-07-06,2
11386,1138,85,2026-01-17,1
11387,347,66,2026-07-06,5
11388,1860,49,2026-01-02,2
11389,1284,22,2026-09-05,4
11390,1334,55,2026-07-05,5
11391,980,95,2025-10-07,1
11392,370,84,2026-02-14,2
11393,1851,59,2026-03-26,2
11394,1068,79,2025-11-06,5
11395,1186,31,2026-04-03,1
11396,1486,55,2025-11-07,5
11397,384,87,2026-07-27,1
11398,392,41,2026-08-26,2
11399,1449,60,2026-03-05,1
11400,15,61,2026-03-23,1
11401,982,48,2026-06-07,1
11402,1130,100,2026-07-09,3
11403,579,85,2026-07-13,5
11404,1254,52,2026-08-05,2
11405,935,49,2026-03-23,5
11406,1443,54,2026-04-28,2
11407,487,70,2025-11-02,1
11408,1868,75,2026-03-12,3
11409,1252,100,2025-11-03,3
11410,573,95,2026-07-06,3
11411,1533,22,2026-02-16,2
11412,1194,43,2026-04-04,3
11413,402,25,2025-11-17,1
11414,1255,9,2026-03-13,3
11415,198,75,2026-02-24,4
11416,1351,89,2026-01-11,3
11417,1886,96,2025-11-22,1
11418,1222,53,2025-10-10,4
11419,702,14,2026-03-04,2
11420,470,52,2026-05-04,3
11421,21,43,2026-08-02,1
11422,133,63,2026-02-02,2
11423,1809,19,2026-06-08,2
11424,535,18,2026-01-26,4
11425,998,65,2026-09-21,4
11426,1453,26,2025-10-17,2
11427,1298,70,2026-01-15,1
11428,1057,11,2025-12-07,4
11429,1817,68,2025-10-29,5
11430,1486,73,2026-08-27,2
11431,1935,40,2026-03-26,4
11432,1745,96,2026-09-11,3
11433,1955,16,2025-12-07,1
11434,904,96,2025-12-18,3
11435,867,32,2026-07-21,4
11436,145,12,2026-01-16,3
11437,1723,27,2026-08-03,2
11438,1839,3,2025-11-19,5
11439,825,21,2026-06-11,2
11440,1673,56,2025-10-24,3
11441,1820,34,2026-07-21,1
11442,482,69,2025-10-10,1
11443,1641,3,2026-06-14,2
11444,856,39,2026-09-22,5
11445,1465,12,2026-04-05,1
11446,265,9,2025-10-19,5
11447,624,10,2025-12-14,3
11448,1115,12,2025-10-09,4
11449,276,67,2025-10-20,3
11450,129,55,2026-05-01,5
11451,1092,58,2026-05-25,2
11452,1556,9,2025-12-30,3
11453,1243,74,2026-07-14,4
11454,430,86,2025-10-02,2
11455,574,25,2025-10-07,3
11456,1015,33,2026-09-02,2
11457,629,40,2026-01-09,2
11458,89,53,2025-11-19,3
11459,1784,6,2025-10-30,1
11460,1728,51,2026-02-24,1
11461,25,81,2025-10-30,3
11462,409,16,2025-11-22,2
11463,751,43,2026-03-18,4
11464,622,18,2026-07-16,1
11465,1557,19,2026-05-26,2
11466,476,77,2026-09-09,3
11467,1547,89,2026-05-01,4
11468,1346,11,2025-12-02,4
11469,1628,100,2026-04-08,1
11470,1071,98,2026-09-25,5
11471,1928,75,2026-07-10,5
11472,1465,71,2026-06-08,4
11473,868,61,2026-06-05,4
11474,1772,9,2026-04-04,2
11475,984,60,2026-06-10,1
11476,1618,28,2025-12-01,5
11477,173,69,2026-06-28,5
11478,1259,59,2026-01-19,2
11479,569,65,2025-10-18,4
11480,80,36,2026-01-20,3
11481,1203,33,2025-11-25,3
11482,1515,65,2026-03-20,4
11483,1656,11,2026-06-15,4
11484,575,15,2026-01-19,5
11485,1841,88,2026-07-08,1
11486,1970,75,2026-06-09,4
11487,1491,87,2026-03-05,1
11488,1283,82,2026-01-31,1
11489,1795,63,2026-03-24,3
11490,679,80,2026-06-15,2
11491,218,99,2026-07-15,5
11492,667,31,2026-08-19,4
11493,68,47,2025-12-07,3
11494,1231,25,2026-03-02,2
11495,375,58,2026-07-22,1
11496,1155,41,2026-09-07,3
11497,1932,53,2025-10-12,2
11498,644,54,2026-06-18,4
11499,288,7,2025-10-01,4
11500,153,99,2026-08-18,3
11501,940,72,2026-01-05,3
11502,113,88,2025-12-31,3
11503,1398,84,2026-03-29,3
11504,1548,29,2026-03-18,3
11505,579,98,2026-02-10,1
11506,1555,67,2026-05-15,5
11507,847,59,2026-09-08,4
11508,1982,65,2026-09-19,5
11509,1991,76,2026-06-29,2
11510,1466,94,2026-08-22,2
11511,1562,5,2025-11-20,1
11512,1597,18,2026-05-18,1
11513,45,99,2026-02-15,5
11514,1013,98,2026-03-04,1
11515,1603,23,2025-11-29,3
11516,217,89,2026-04-21,4
11517,1370,63,2026-04-02,5
11518,32,36,2026-09-16,1
11519,1951,89,2025-10-08,3
11520,876,53,2026-07-06,4
11521,1069,54,2025-11-07,3
11522,306,56,2026-02-13,2
11523,616,64,2026-02-23,1
11524,530,73,2026-09-18,5
11525,963,11,2026-04-27,1
11526,241,65,2025-10-05,4
11527,1595,2,2026-05-23,2
11528,322,42,2026-01-29,4
11529,1420,37,2025-10-21,3
11530,1610,97,2026-01-19,1
11531,501,18,2026-05-22,3
11532,1351,55,2026-04-07,5
11533,1257,62,2026-07-13,3
11534,1662,87,2026-07-31,1
11535,1309,100,2026-01-14,1
11536,1635,30,2026-02-07,5
11537,1645,60,2025-11-17,4
11538,1219,95,2026-08-12,5
11539,1175,19,2026-07-26,3
11540,1724,74,2026-04-21,2
11541,957,3,2026-02-19,3
11542,249,14,2026-06-24,2
11543,191,66,2025-10-27,4
11544,502,18,2026-02-21,2
11545,1668,34,2025-11-08,3
11546,777,48,2026-09-14,1
11547,1613,16,2026-06-15,2
11548,753,77,2026-05-22,1
11549,117,3,2026-05-28,2
11550,496,98,2026-02-12,4
11551,406,94,2026-02-12,2
11552,1820,49,2026-03-27,4
11553,59,89,2026-02-25,3
11554,779,18,2026-01-12,3
11555,1793,84,2025-11-12,2
11556,253,10,2026-01-10,3
11557,224,82,2026-02-06,1
11558,1213,4,2025-11-24,2
11559,777,2,2025-10-11,4
11560,508,95,2025-11-18,4
11561,1195,27,2026-08-25,1
11562,739,17,2025-10-13,2
11563,1383,40,2025-11-04,3
11564,1325,55,2025-12-19,4
11565,1938,32,2026-08-27,3
11566,1148,34,2026-01-07,2
11567,1588,55,2026-03-07,1
11568,1705,53,2025-11-29,1
11569,641,86,2026-09-12,5
11570,1466,79,2026-07-16,3
11571,1505,19,2026-02-12,4
11572,175,69,2026-09-21,3
11573,645,27,2026-03-14,4
11574,1097,20,2026-03-08,4
11575,261,93,2026-06-25,5
11576,123,69,2026-04-03,1
11577,1744,79,2026-02-12,5
11578,637,5,2026-08-29,2
11579,274,25,2026-01-03,3
11580,759,76,2026-07-08,2
11581,1047,8,2026-03-24,2
11582,1509,81,2026-09-04,3
11583,352,66,2026-08-23,5
11584,689,4,2025-10-12,4
11585,94,64,2026-03-07,5
11586,1200,88,2025-11-11,4
11587,739,34,2026-01-13,3
11588,734,24,2025-12-03,3
11589,1437,61,2026-09-22,4
11590,989,33,2026-06-04,3
11591,1159,50,2026-02-14,3
11592,503,5,2026-07-24,3
11593,579,7,2026-05-03,1
11594,18,50,2026-05-07,5
11595,1790,66,2026-06-26,2
11596,610,70,2026-04-14,4
11597,1967,95,2025-11-30,4
11598,1652,47,2026-04-01,2
11599,948,76,2026-06-08,2
11600,721,84,2026-07-11,3
11601,1648,49,2026-08-27,1
11602,207,18,2026-07-22,1
11603,1815,33,2025-10-08,1
11604,322,47,2026-05-24,3
11605,1498,26,2026-03-27,5
11606,90,12,2026-05-07,4
11607,1175,79,2025-10-27,2
11608,1726,81,2025-12-08,3
11609,64,57,2026-05-24,5
11610,814,18,2025-12-09,3
11611,1922,14,2026-09-04,4
11612,413,16,2026-02-25,4
11613,446,17,2025-10-26,3
11614,1330,30,2025-10-27,5
11615,505,87,2026-02-26,5
11616,1914,68,2026-06-14,3
11617,1921,20,2026-02-10,4
11618,1174,46,2026-07-09,2
11619,1894,32,2026-09-13,4
11620,1611,64,2025-11-12,5
11621,1168,54,2026-02-09,3
11622,1898,40,2026-03-18,5
11623,1533,46,2026-09-19,5
11624,1726,59,2026-03-27,5
11625,355,58,2025-11-25,2
11626,1010,91,2025-11-21,3
11627,1491,85,2026-09-10,2
11628,1494,14,2026-05-09,5
11629,272,19,2026-01-22,3
11630,331,28,2025-10-09,5
11631,808,86,2026-01-11,2
11632,794,14,2026-05-28,4
11633,1881,35,2026-04-24,1
11634,567,6,2026-09-03,3
11635,689,85,2026-04-14,3
11636,166,21,2025-11-16,5
11637,474,65,2026-04-08,1
11638,1976,3,2025-11-28,3
11639,1921,18,2025-09-30,2
11640,1472,78,2026-06-26,2
11641,977,100,2025-10-16,3
11642,1304,44,2026-09-09,5
11643,348,68,2026-03-28,2
11644,1598,54,2026-05-11,4
11645,1628,35,2026-05-31,2
11646,1280,27,2026-01-10,3
11647,543,28,2026-09-19,2
11648,1803,59,2026-08-20,2
11649,1466,57,2025-12-04,5
11650,1246,54,2026-01-15,5
11651,164,45,2025-12-31,1
11652,25,18,2025-10-18,4
11653,1003,57,2025-09-27,2
11654,528,25,2025-10-31,3
11655,1069,50,2026-09-18,5
11656,1613,49,2026-09-03,3
11657,1792,64,2026-01-15,1
11658,1849,46,2026-03-30,4
11659,229,4,2026-02-01,3
11660,9,72,2025-12-28,5
11661,399,9,2026-07-10,5
11662,455,4,2026-05-17,5
11663,106,61,2026-03-31,5
11664,1723,30,2026-01-12,4
11665,1741,30,2026-05-15,1
11666,1254,61,2025-12-02,2
11667,1928,11,2026-02-14,3
11668,697,7,2026-06-18,2
11669,1414,59,2026-09-12,3
11670,1309,90,2026-08-03,1
11671,306,53,2026-06-23,5
11672,1,78,2025-10-06,1
11673,309,23,2026-05-26,1
11674,1342,81,2026-07-11,4
11675,1785,21,2025-11-09,1
11676,1197,97,2026-06-21,3
11677,369,32,2026-03-23,5
11678,1433,42,2026-08-22,5
11679,1582,5,2026-04-26,2
11680,430,10,2026-01-25,3
11681,1858,100,2026-08-10,5
11682,1478,60,2026-06-18,3
11683,943,47,2025-11-24,4
11684,61,26,2026-08-10,2
11685,29,71,2026-01-05,5
11686,117,56,2026-06-29,1
11687,580,9,2026-08-02,4
11688,25,22,2026-03-18,3
11689,1940,29,2025-11-28,1
11690,909,66,2025-10-21,5
11691,1011,84,2026-05-01,3
11692,1435,63,2026-06-18,3
11693,1399,70,2026-03-20,3
11694,1204,44,2025-09-29,5
11695,622,43,2025-11-15,1
11696,1267,57,2026-02-25,2
11697,801,53,2026-02-01,5
11698,1387,51,2026-02-23,2
11699,365,65,2026-05-13,4
11700,214,70,2026-03-19,1
11701,1572,89,2026-02-21,2
11702,632,29,2025-10-17,5
11703,1568,85,2026-02-12,3
11704,1397,89,2025-10-20,3
11705,300,14,2026-04-20,4
11706,535,85,2026-04-12,2
11707,1239,26,2026-02-25,5
11708,219,55,2026-02-20,4
11709,526,5,2026-05-14,4
11710,1832,87,2026-07-08,5
11711,1797,89,2026-09-06,4
11712,1047,95,2026-07-12,3
11713,645,58,2026-06-26,3
11714,155,97,2026-08-10,1
11715,810,83,2025-10-24,4
11716,1313,20,2026-05-19,4
11717,1945,12,2026-02-22,5
11718,1280,31,2026-05-14,5
11719,1102,79,2026-05-15,3
11720,931,61,2026-01-15,1
11721,1981,21,2025-11-03,3
11722,436,15,2026-07-18,4
11723,730,87,2026-02-10,5
11724,302,34,2026-06-21,2
11725,1120,2,2026-05-09,3
11726,6,38,2026-05-10,1
11727,1287,76,2026-06-01,2
11728,706,9,2026-04-14,5
11729,765,51,2026-05-13,5
11730,885,90,2025-12-27,5
11731,1551,7,2025-12-07,2
11732,1985,93,2026-09-04,2
11733,1952,27,2026-05-25,3
11734,242,19,2026-06-08,3
11735,1825,62,2026-04-14,2
11736,317,32,2025-11-03,1
11737,1132,100,2025-10-10,3
11738,1352,65,2026-05-19,5
11739,1614,76,2026-03-24,1
11740,480,19,2026-04-03,3
11741,698,100,2025-12-28,4
11742,41,1,2026-04-09,5
11743,1607,93,2026-06-30,1
11744,1878,63,2026-03-16,5
11745,835,84,2026-01-13,5
11746,1430,27,2025-10-20,1
11747,1848,35,2026-01-08,1
11748,1684,82,2026-01-30,4
11749,1340,25,2026-03-19,2
11750,1056,42,2026-07-25,4
11751,547,79,2026-06-28,5
11752,1774,93,2026-05-12,4
11753,1509,64,2025-10-11,1
11754,91,4,2026-05-03,4
11755,1923,49,2026-02-13,1
11756,1613,31,2026-02-16,2
11757,65,7,2026-05-12,3
11758,163,94,2026-07-26,4
11759,1827,37,2026-03-04,2
11760,1147,57,2026-04-13,1
11761,1492,82,2026-08-31,4
11762,1032,90,2026-01-27,4
11763,382,11,2026-05-08,3
11764,1450,63,2026-05-29,3
11765,1514,42,2025-09-30,3
11766,1707,65,2026-04-06,4
11767,250,68,2026-05-04,2
11768,1558,70,2026-02-22,4
11769,138,36,2026-03-03,2
11770,1037,47,2026-06-04,2
11771,131,33,2026-08-14,1
11772,1031,65,2026-08-02,4
11773,857,27,2025-12-24,3
11774,1172,23,2026-09-13,1
11775,330,18,2026-08-17,2
11776,1181,75,2026-01-17,5
11777,252,41,2025-12-17,5
11778,30,60,2025-10-09,1
11779,1764,18,2026-01-13,1
11780,1472,35,2026-02-22,5
11781,1891,100,2026-02-06,3
11782,929,62,2026-04-29,1
11783,1700,86,2026-04-01,3
11784,1504,60,2025-11-22,4
11785,15,38,2026-04-14,3
11786,1123,76,2026-04-28,2
11787,174,13,2026-07-19,4
11788,1677,95,2026-09-13,3
11789,902,84,2026-04-04,4
11790,1886,86,2026-06-05,4
11791,1910,48,2026-04-19,4
11792,789,52,2026-05-06,3
11793,1993,51,2026-05-31,1
11794,723,17,2026-07-11,1
11795,1375,95,2026-06-10,3
11796,287,76,2026-08-21,4
11797,675,42,2026-03-05,2
11798,1006,47,2025-11-02,1
11799,1174,80,2026-02-21,5
11800,1014,68,2026-06-19,2
11801,1144,65,2026-07-27,4
11802,959,47,2025-12-09,3
11803,291,22,2026-02-15,1
11804,158,88,2026-05-05,5
11805,1418,6,2026-03-31,4
11806,349,77,2026-08-03,5
11807,1605,87,2026-05-24,2
11808,1078,56,2026-08-23,3
11809,127,49,2025-10-14,4
11810,626,54,2025-12-07,4
11811,1197,5,2026-01-08,2
11812,1639,12,2025-12-19,3
11813,114,25,2026-01-31,1
11814,1427,25,2026-07-02,5
11815,496,3,2026-01-27,1
11816,1888,15,2025-11-21,5
11817,1370,3,2026-02-08,4
11818,516,65,2026-03-27,5
11819,703,67,2026-03-11,4
11820,761,18,2026-03-09,3
11821,315,73,2026-03-28,4
11822,704,10,2025-11-19,3
11823,844,78,2026-01-03,4
11824,710,59,2026-02-03,5
11825,650,10,2026-01-13,4
11826,1802,70,2026-07-16,2
11827,1028,59,2026-08-25,1
11828,495,43,2026-08-29,3
11829,1957,55,2026-04-18,5
11830,1994,32,2026-05-06,2
11831,1459,74,2026-07-01,3
11832,1813,96,2026-09-25,5
11833,1361,33,2026-05-08,1
11834,1339,69,2026-05-22,2
11835,1935,88,2026-03-13,4
11836,1419,16,2025-10-20,5
11837,1536,75,2026-08-07,1
11838,265,34,2026-05-06,4
11839,628,82,2026-08-01,4
11840,1442,22,2026-04-30,5
11841,806,88,2026-01-05,5
11842,282,56,2026-02-19,5
11843,1714,15,2026-03-31,4
11844,938,25,2026-07-26,4
11845,1157,94,2026-05-31,5
11846,186,1,2025-10-21,2
11847,1906,64,2026-08-28,1
11848,1555,8,2026-08-03,5
11849,1754,93,2026-03-06,2
11850,385,70,2025-10-01,4
11851,207,17,2025-12-17,1
11852,1305,10,2026-04-02,5
11853,1299,36,2025-10-18,3
11854,352,40,2026-04-10,3
11855,1411,24,2026-04-28,2
11856,193,51,2025-10-15,3
11857,836,28,2026-05-02,2
11858,435,87,2026-08-01,3
11859,1069,20,2025-10-15,3
11860,1499,17,2026-01-01,4
11861,662,31,2025-12-01,5
11862,1955,36,2025-11-12,1
11863,110,83,2026-01-25,4
11864,642,77,2026-03-06,5
11865,135,87,2026-02-19,3
11866,126,19,2025-12-17,3
11867,610,25,2026-06-24,3
11868,1000,36,2025-10-22,3
11869,1557,96,2025-10-04,5
11870,1511,32,2026-01-13,2
11871,111,75,2026-06-17,5
11872,1621,60,2026-08-04,1
11873,543,35,2025-12-07,1
11874,1901,26,2026-02-28,1
11875,1859,80,2025-10-09,1
11876,992,13,2026-05-24,5
11877,483,87,2025-12-25,3
11878,1413,31,2026-09-21,2
11879,973,81,2026-06-04,2
11880,894,46,2026-06-04,3
11881,903,51,2026-02-05,1
11882,261,57,2026-05-09,3
11883,1940,29,2026-05-28,3
11884,635,72,2026-03-10,1
11885,959,13,2026-02-21,2
11886,833,55,2026-04-14,1
11887,1826,88,2026-03-19,2
11888,445,99,2026-07-21,5
11889,1244,35,2025-12-01,2
11890,1450,7,2026-05-21,2
11891,709,8,2025-11-01,1
11892,1812,33,2026-01-11,2
11893,512,73,2026-08-18,1
11894,323,61,2026-05-08,5
11895,1992,79,2026-06-30,3
11896,371,37,2026-06-12,4
11897,387,28,2026-05-27,5
11898,1703,17,2025-11-01,5
11899,1771,6,2026-08-02,2
11900,1883,15,2026-05-15,5
11901,304,57,2025-11-22,3
11902,497,73,2026-07-30,3
11903,947,86,2026-03-07,1
11904,1643,24,2026-02-21,1
11905,864,87,2025-11-11,2
11906,69,91,2025-12-26,4
11907,1478,87,2026-08-27,3
11908,182,6,2026-07-30,1
11909,1709,33,2026-02-15,2
11910,515,28,2026-04-16,4
11911,595,33,2026-02-10,2
11912,1534,100,2025-12-18,5
11913,1205,12,2026-04-29,3
11914,321,89,2025-12-11,1
11915,116,60,2026-08-16,2
11916,1884,57,2025-12-20,4
11917,490,41,2026-06-10,2
11918,1042,7,2026-05-21,5
11919,1888,70,2026-05-13,3
11920,988,14,2026-09-04,1
11921,1876,28,2026-08-01,2
11922,1538,48,2026-06-30,2
11923,30,6,2025-10-17,5
11924,1843,8,2025-10-19,4
11925,1299,18,2026-01-13,3
11926,1497,55,2026-06-17,4
11927,1812,43,2026-05-13,3
11928,758,71,2026-04-21,4
11929,982,22,2025-11-27,5
11930,633,60,2026-08-29,1
11931,593,36,2026-01-28,4
11932,444,29,2026-08-19,2
11933,588,49,2026-09-26,3
11934,1616,98,2026-08-25,4
11935,584,99,2026-06-24,1
11936,608,96,2026-03-17,4
11937,682,16,2026-01-07,4
11938,1014,27,2026-03-06,3
11939,1675,66,2025-10-31,3
11940,1614,94,2025-11-21,4
11941,1166,87,2026-04-17,4
11942,1442,73,2026-03-29,3
11943,837,42,2026-07-20,4
11944,86,82,2025-10-03,2
11945,449,58,2026-09-23,3
11946,374,73,2025-12-14,4
11947,1057,33,2026-02-13,2
11948,18,73,2025-11-11,2
11949,1989,17,2025-12-30,3
11950,1500,34,2025-11-13,3
11951,983,76,2026-03-26,3
11952,929,83,2026-01-06,2
11953,993,51,2026-01-22,4
11954,560,9,2025-10-20,3
11955,1917,55,2025-12-09,3
11956,118,24,2026-01-14,5
11957,95,70,2026-05-26,1
11958,1619,63,2026-01-17,2
11959,1210,72,2025-12-27,2
11960,34,80,2025-11-28,2
11961,1308,97,2026-03-31,2
11962,1828,86,2026-03-05,2
11963,313,22,2026-08-03,5
11964,757,5,2026-08-19,1
11965,1367,40,2026-09-06,5
11966,1839,18,2026-04-16,5
11967,53,59,2026-02-07,4
11968,1324,86,2026-09-08,5
11969,406,78,2026-03-14,1
11970,959,69,2026-07-03,2
11971,1345,38,2026-08-30,4
11972,938,88,2026-04-21,5
11973,104,57,2025-10-09,5
11974,637,39,2025-12-15,4
11975,804,49,2026-05-05,5
11976,1409,72,2026-03-04,2
11977,1904,88,2026-05-05,1
11978,1982,73,2026-09-10,3
11979,1061,53,2026-01-12,5
11980,1800,88,2025-12-17,3
11981,1085,42,2025-10-05,3
11982,371,43,2026-07-20,4
11983,1170,62,2025-12-20,2
11984,779,73,2026-04-08,2
11985,1654,100,2026-01-12,2
11986,918,95,2026-03-13,2
11987,502,81,2026-06-03,3
11988,1888,70,2026-04-26,5
11989,340,61,2026-09-26,1
11990,554,60,2026-09-11,2
11991,1600,87,2026-01-03,2
11992,1307,33,2026-02-03,4
11993,815,14,2026-04-28,1
11994,206,39,2026-03-26,5
11995,179,70,2026-04-12,1
11996,1782,66,2026-04-08,4
11997,1029,71,2025-12-22,4
11998,1425,67,2026-06-20,4
11999,1981,22,2026-08-08,3
12000,1238,33,2026-02-02,1
12001,1394,98,2026-01-30,5
12002,171,67,2026-03-30,4
12003,1449,42,2026-08-11,4
12004,471,86,2025-11-10,3
12005,97,72,2026-02-13,5
12006,1425,84,2026-01-21,2
12007,1116,32,2025-11-17,5
12008,249,51,2025-10-11,5
12009,549,61,2026-01-02,4
12010,140,18,2026-07-23,2
12011,1978,64,2026-06-06,5
12012,1294,79,2026-01-31,5
12013,187,100,2025-09-28,2
12014,1906,4,2025-12-17,1
12015,441,13,2026-04-12,5
12016,370,4,2026-04-02,1
12017,314,31,2026-08-14,5
12018,746,20,2025-11-16,2
12019,1901,25,2025-11-03,2
12020,1305,98,2026-04-17,2
12021,137,38,2026-09-09,1
12022,1134,23,2026-07-27,1
12023,994,6,2025-12-21,2
12024,251,71,2026-01-30,5
12025,992,24,2026-05-03,1
12026,375,80,2025-11-23,3
12027,38,32,2026-08-02,1
12028,1584,59,2026-09-01,4
12029,656,52,2026-08-18,5
12030,1412,2,2026-09-19,1
12031,12,89,2026-09-19,1
12032,1192,82,2026-08-28,1
12033,771,44,2026-05-22,2
12034,1924,38,2025-12-25,3
12035,489,33,2026-06-25,2
12036,1864,100,2026-06-15,4
12037,764,10,2025-11-24,3
12038,1473,64,2026-02-19,3
12039,1268,15,2026-05-07,1
12040,2000,81,2026-05-23,1
12041,1132,58,2026-09-15,1
12042,989,19,2025-12-04,5
12043,1856,5,2025-12-31,3
12044,96,80,2025-10-24,2
12045,1501,93,2026-08-29,5
12046,1764,70,2025-10-01,2
12047,1285,92,2026-02-18,5
12048,234,23,2026-08-21,2
12049,232,49,2025-12-21,1
12050,768,77,2025-10-09,2
12051,544,90,2025-12-27,1
12052,479,18,2026-07-03,3
12053,1457,58,2025-12-31,4
12054,740,19,2025-12-18,1
12055,181,29,2025-12-19,1
12056,895,60,2025-11-16,5
12057,1486,38,2026-03-23,2
12058,1955,96,2026-06-24,2
12059,1824,50,2025-12-21,4
12060,55,13,2026-09-09,1
12061,914,65,2026-04-20,1
12062,1645,56,2025-11-23,4
12063,843,95,2026-06-28,2
12064,15,23,2026-07-30,3
12065,683,25,2025-11-15,5
12066,1792,33,2026-04-18,2
12067,907,30,2026-05-06,1
12068,351,6,2025-12-23,5
12069,613,11,2026-07-17,4
12070,1653,44,2026-09-13,2
12071,1756,3,2026-08-21,3
12072,25,47,2026-09-06,2
12073,1246,67,2025-11-05,3
12074,125,86,2025-11-04,3
12075,917,42,2025-10-11,3
12076,1081,34,2025-09-28,5
12077,336,71,2026-03-09,3
12078,1903,63,2026-04-26,4
12079,477,64,2025-10-28,5
12080,894,58,2026-02-02,5
12081,102,94,2026-06-05,1
12082,1342,93,2026-07-10,2
12083,1333,58,2025-10-09,4
12084,1352,38,2026-02-13,1
12085,1913,66,2026-03-19,2
12086,672,92,2026-03-10,1
12087,1019,21,2025-11-09,4
12088,931,83,2025-12-21,5
12089,497,93,2026-05-11,2
12090,384,73,2026-07-04,1
12091,1735,89,2025-11-26,5
12092,268,2,2026-01-25,3
12093,185,97,2025-11-21,2
12094,1693,25,2025-10-29,3
12095,875,26,2025-10-11,4
12096,64,10,2026-06-27,5
12097,81,47,2026-07-29,1
12098,621,6,2025-12-27,4
12099,132,9,2026-03-07,4
12100,1461,35,2026-08-19,4
12101,1473,12,2025-11-05,4
12102,1369,51,2025-10-22,3
12103,721,57,2026-06-30,5
12104,1869,66,2026-05-08,5
12105,1950,25,2026-04-22,1
12106,1832,33,2025-12-19,1
12107,1512,85,2026-05-14,5
12108,631,82,2025-10-09,3
12109,1403,11,2026-07-02,2
12110,1347,67,2026-07-01,1
12111,128,16,2026-07-19,1
12112,1682,43,2026-02-14,4
12113,1630,89,2026-06-09,4
12114,900,54,2026-05-22,1
12115,1763,44,2026-07-23,2
12116,1157,52,2026-02-11,1
12117,992,5,2025-11-15,5
12118,1619,13,2025-12-14,4
12119,628,43,2026-05-01,1
12120,1782,60,2026-06-01,1
12121,1812,20,2025-12-02,2
12122,9,33,2026-07-08,3
12123,626,58,2026-01-22,5
12124,902,59,2025-12-19,2
12125,1766,25,2026-03-11,2
12126,1265,46,2025-10-27,5
12127,1413,24,2026-08-22,5
12128,1074,73,2026-02-11,5
12129,1606,31,2026-05-27,3
12130,1029,64,2026-09-24,2
12131,1961,22,2026-05-19,5
12132,1795,25,2026-08-04,2
12133,1485,44,2026-08-14,4
12134,1285,3,2026-09-12,2
12135,1846,33,2026-09-20,1
12136,498,74,2026-08-06,5
12137,1364,55,2026-04-20,2
12138,1639,68,2026-08-03,3
12139,587,69,2026-04-11,3
12140,278,87,2026-02-10,4
12141,1200,72,2026-02-01,2
12142,1481,98,2026-03-09,4
12143,711,17,2026-09-08,2
12144,159,71,2026-08-01,5
12145,1355,59,2026-04-28,4
12146,1616,20,2025-12-21,4
12147,683,29,2026-02-01,2
12148,1833,1,2026-03-05,4
12149,324,8,2026-08-15,1
12150,869,25,2026-04-25,2
12151,1597,8,2026-02-12,1
12152,1416,18,2026-02-08,1
12153,816,89,2026-04-06,2
12154,1807,89,2026-02-04,3
12155,1992,54,2025-12-26,2
12156,351,68,2026-04-20,5
12157,373,28,2026-04-29,2
12158,941,5,2026-04-01,3
12159,546,47,2026-02-15,3
12160,1516,84,2025-11-26,3
12161,555,38,2026-01-09,2
12162,159,14,2025-11-09,4
12163,544,74,2026-03-19,3
12164,1163,43,2026-02-24,4
12165,592,22,2026-08-21,1
12166,1136,69,2026-08-16,3
12167,1754,81,2025-12-27,3
12168,487,65,2026-04-08,1
12169,153,21,2026-04-02,5
12170,252,53,2025-11-22,3
12171,1315,79,2026-06-05,2
12172,1353,50,2026-02-02,3
12173,1202,77,2025-12-27,5
12174,356,33,2026-05-11,4
12175,662,28,2026-01-09,5
12176,1082,64,2026-08-09,3
12177,1168,16,2026-08-23,3
12178,1750,1,2026-01-27,1
12179,648,16,2026-05-22,3
12180,1934,84,2026-04-03,1
12181,452,36,2026-06-24,4
12182,364,88,2026-07-15,2
12183,696,60,2025-10-21,5
12184,533,42,2025-12-23,2
12185,53,93,2025-11-05,5
12186,288,33,2025-11-12,4
12187,1852,31,2026-02-27,4
12188,1311,88,2026-06-27,4
12189,632,27,2025-12-22,1
12190,146,35,2026-08-18,4
12191,872,54,2025-10-03,5
12192,234,93,2026-04-14,1
12193,1657,77,2026-04-08,4
12194,2058,58,2026-01-29,3
12195,210,19,2026-08-03,1
12196,1870,63,2026-06-19,5
12197,1288,5,2026-09-20,4
12198,19,55,2026-03-19,1
12199,897,11,2026-02-10,3
12200,19,14,2026-07-21,1
12201,653,1,2025-12-20,2
12202,167,54,2026-01-02,1
12203,1864,33,2025-09-27,1
12204,1865,62,2025-12-31,2
12205,1902,80,2026-07-09,5
12206,1617,66,2026-04-27,2
12207,274,15,2026-08-20,2
12208,1135,51,2025-10-27,1
12209,1531,90,2026-02-09,5
12210,605,19,2026-07-04,3
12211,1742,60,2025-10-15,5
12212,1563,49,2026-04-17,5
12213,1668,82,2026-08-02,4
12214,1793,34,2026-06-12,2
12215,1908,8,2025-10-13,1
12216,174,36,2026-02-20,3
12217,528,51,2025-12-05,1
12218,975,29,2026-08-21,4
12219,506,91,2025-12-22,5
12220,139,92,2026-05-01,3
12221,755,22,2026-07-20,5
12222,1898,42,2026-09-22,5
12223,1776,77,2026-09-24,3
12224,1998,42,2026-05-18,4
12225,895,28,2026-09-19,4
12226,1567,78,2026-09-21,5
12227,1215,30,2025-12-23,1
12228,644,64,2026-03-20,4
12229,961,85,2026-07-18,5
12230,1095,27,2026-08-21,4
12231,890,3,2026-05-12,4
12232,1475,81,2026-03-05,1
12233,756,76,2025-10-17,2
12234,559,94,2026-08-02,5
12235,649,1,2025-11-18,3
12236,1167,8,2026-01-22,2
12237,1993,56,2026-03-20,1
12238,1087,46,2025-12-04,5
12239,840,80,2026-08-16,4
12240,1468,2,2026-05-02,5
12241,434,46,2026-04-29,3
12242,959,51,2026-09-08,1
12243,669,11,2026-06-02,2
12244,117,12,2025-11-10,5
12245,266,50,2026-02-22,2
12246,281,49,2026-09-01,3
12247,586,14,2026-08-28,5
12248,1795,17,2025-10-08,3
12249,1193,38,2026-03-22,1
12250,715,78,2026-06-10,2
12251,831,48,2026-03-10,2
12252,323,36,2026-03-18,2
12253,1583,59,2026-05-25,5
12254,78,58,2026-03-15,4
12255,1898,47,2026-09-11,3
12256,1836,29,2026-05-19,4
12257,1148,96,2026-02-03,3
12258,677,10,2025-12-15,2
12259,1932,43,2025-12-23,5
12260,859,59,2026-02-22,5
12261,106,11,2026-08-20,4
12262,1583,22,2026-03-12,2
12263,1207,97,2026-05-30,2
12264,561,73,2026-08-11,4
12265,1797,21,2026-03-13,2
12266,814,64,2026-08-12,3
12267,1789,75,2026-09-09,5
12268,109,19,2026-08-08,1
12269,1362,67,2026-01-19,3
12270,78,57,2026-02-11,1
12271,1148,34,2025-10-27,1
12272,1169,92,2026-03-21,1
12273,580,19,2025-12-01,4
12274,1516,41,2026-07-12,4
12275,454,89,2026-03-09,5
12276,142,91,2026-03-20,2
12277,1929,78,2026-09-07,4
12278,1445,32,2026-04-07,3
12279,1260,37,2025-12-18,4
12280,640,17,2025-11-02,4
12281,45,35,2025-12-21,1
12282,726,19,2026-06-15,1
12283,1620,32,2026-04-18,2
12284,1813,53,2026-02-08,1
12285,1080,77,2025-11-01,4
12286,1016,25,2026-06-23,4
12287,1068,23,2025-12-09,4
12288,1236,25,2026-03-24,2
12289,1040,6,2026-09-16,3
12290,1458,79,2025-11-18,1
12291,175,50,2026-05-31,1
12292,415,95,2026-01-30,2
12293,1034,48,2025-10-28,3
12294,178,68,2026-02-18,3
12295,860,84,2026-02-01,4
12296,1362,24,2025-10-24,1
12297,1239,26,2026-08-15,1
12298,966,71,2026-01-18,5
12299,1498,21,2025-10-21,1
12300,1189,31,2025-10-13,4
12301,1485,93,2026-06-02,4
12302,1925,59,2026-06-09,4
12303,492,54,2026-05-17,3
12304,774,40,2026-05-18,3
12305,612,43,2026-03-24,5
12306,427,33,2025-10-26,5
12307,1257,43,2025-11-22,3
12308,734,99,2026-01-08,1
12309,1847,7,2025-11-21,2
12310,1279,27,2026-04-10,5
12311,761,27,2026-03-07,2
12312,1101,80,2025-10-22,2
12313,1416,32,2026-01-03,2
12314,1938,11,2026-08-27,2
12315,1391,96,2026-04-01,1
12316,1995,84,2026-03-05,5
12317,689,96,2026-03-07,1
12318,47,19,2026-05-22,4
12319,36,56,2026-02-02,2
12320,30,50,2026-05-01,4
12321,1470,14,2026-02-18,3
12322,253,96,2026-08-16,3
12323,1670,65,2026-03-02,4
12324,322,14,2026-05-08,4
12325,1152,32,2026-02-20,3
12326,279,59,2026-08-31,5
12327,511,7,2026-05-17,2
12328,578,7,2026-07-22,4
12329,671,62,2026-07-14,2
12330,344,86,2026-03-22,1
12331,469,95,2025-12-16,3
12332,1270,27,2026-06-13,4
12333,1574,15,2026-05-21,2
12334,1119,24,2026-04-06,5
12335,1087,99,2026-02-09,5
12336,1831,11,2026-08-01,5
12337,1824,92,2026-09-04,5
12338,1701,78,2026-02-27,3
12339,787,87,2025-11-08,3
12340,1193,9,2026-08-12,5
12341,643,51,2026-02-15,3
12342,886,33,2026-02-26,3
12343,488,75,2025-12-09,1
12344,529,10,2025-10-12,3
12345,621,20,2025-12-22,5
12346,1015,69,2026-04-07,3
12347,524,64,2026-03-15,1
12348,1029,76,2025-11-01,4
12349,1227,88,2026-06-03,3
12350,256,88,2025-10-20,3
12351,925,6,2026-04-07,5
12352,1544,30,2026-09-09,4
12353,294,98,2026-06-04,3
12354,1522,17,2025-10-19,5
12355,58,8,2026-09-19,3
12356,158,60,2026-09-03,4
12357,67,82,2026-09-26,4
12358,553,90,2026-01-28,4
12359,1379,32,2025-10-18,1
12360,201,29,2026-04-26,3
12361,1529,63,2025-10-03,5
12362,262,88,2026-08-09,1
12363,1813,35,2026-04-12,3
12364,663,23,2026-05-31,4
12365,592,83,2026-03-22,2
12366,1458,86,2026-06-11,2
12367,1558,72,2025-11-30,4
12368,1408,65,2026-06-04,3
12369,1965,46,2025-11-12,1
12370,1859,51,2026-05-01,5
12371,144,45,2026-06-14,3
12372,225,89,2026-05-24,3
12373,1712,54,2026-04-01,4
12374,1761,54,2025-11-07,4
12375,1193,39,2026-07-10,1
12376,491,54,2026-07-13,2
12377,514,53,2026-04-13,1
12378,1165,48,2026-03-20,3
12379,1425,53,2025-11-27,1
12380,449,27,2025-11-02,5
12381,851,25,2026-03-17,2
12382,535,48,2025-12-03,1
12383,305,48,2026-06-15,4
12384,828,9,2026-08-03,5
12385,167,19,2025-12-01,4
12386,924,95,2026-07-14,3
12387,1720,98,2026-07-09,4
12388,996,71,2026-07-20,3
12389,987,74,2026-06-23,5
12390,1243,53,2026-08-14,2
12391,1171,55,2025-11-09,2
12392,712,21,2025-10-26,4
12393,105,34,2026-08-14,2
12394,1169,24,2026-04-14,2
12395,1667,73,2026-03-23,1
12396,513,18,2026-05-01,2
12397,1928,16,2025-09-29,2
12398,577,52,2026-06-01,5
12399,227,63,2025-10-02,4
12400,1993,14,2026-01-09,5
12401,1169,65,2025-11-12,4
12402,956,88,2026-01-29,1
12403,744,86,2026-06-22,3
12404,1664,50,2026-01-20,1
12405,1615,20,2026-04-30,2
12406,25,53,2026-01-03,2
12407,855,61,2026-03-24,2
12408,1510,46,2026-08-21,4
12409,766,51,2026-05-17,5
12410,341,99,2026-02-22,5
12411,634,9,2026-06-20,1
12412,1802,2,2026-02-26,1
12413,1752,96,2026-01-16,2
12414,417,3,2026-05-25,2
12415,632,99,2025-12-01,5
12416,1453,57,2025-12-25,3
12417,781,27,2026-09-17,3
12418,1400,93,2025-12-01,2
12419,1719,53,2026-03-20,1
12420,1141,66,2025-11-25,2
12421,1978,32,2025-10-03,5
12422,1407,55,2025-09-28,5
12423,1036,86,2026-03-14,4
12424,1355,9,2025-12-07,5
12425,410,84,2026-03-17,1
12426,211,13,2026-09-25,2
12427,1561,11,2026-06-11,4
12428,1629,78,2026-06-02,1
12429,1306,51,2026-01-12,4
12430,806,30,2026-04-12,4
12431,1475,79,2026-08-26,3
12432,359,65,2026-05-30,1
12433,505,21,2026-08-25,4
12434,1191,66,2026-03-13,3
12435,21,25,2026-03-18,2
12436,1007,79,2026-09-12,1
12437,1368,85,2025-12-24,5
12438,64,29,2026-02-16,4
12439,448,45,2026-03-30,2
12440,1521,14,2026-09-03,2
12441,1456,33,2025-12-15,3
12442,1732,89,2025-11-30,4
12443,676,54,2026-09-14,4
12444,1193,81,2025-11-16,3
12445,1666,94,2025-10-21,2
12446,757,52,2025-10-24,5
12447,1138,8,2026-05-17,4
12448,258,90,2025-10-31,4
12449,311,37,2026-03-14,5
12450,1630,70,2026-02-23,5
12451,1026,46,2025-11-02,2
12452,1959,65,2026-07-30,2
12453,1030,22,2026-06-13,1
12454,672,16,2025-11-03,3
12455,957,57,2026-07-24,4
12456,550,74,2026-04-26,1
12457,820,93,2026-01-30,1
12458,1756,46,2026-04-24,4
12459,1719,45,2026-04-26,2
12460,1848,22,2026-06-14,2
12461,1939,97,2026-09-22,4
12462,1720,73,2025-11-21,3
12463,551,91,2026-08-29,5
12464,1669,4,2026-09-03,2
12465,625,72,2026-07-12,3
12466,1595,38,2026-07-21,2
12467,1746,96,2026-09-05,3
12468,939,62,2026-03-09,4
12469,158,93,2026-04-17,2
12470,1098,56,2026-07-01,3
12471,697,3,2026-08-13,1
12472,1833,75,2026-09-24,1
12473,753,77,2026-09-19,3
12474,1526,57,2026-04-19,5
12475,291,27,2026-01-01,5
12476,1334,95,2026-09-18,3
12477,1550,25,2026-07-26,4
12478,1892,15,2025-10-04,5
12479,179,20,2026-02-19,4
12480,851,50,2025-10-12,1
12481,1588,42,2026-07-11,2
12482,71,91,2026-04-24,5
12483,1096,6,2026-06-06,4
12484,2,86,2025-12-05,2
12485,1849,29,2025-10-11,2
12486,1925,71,2026-07-05,1
12487,324,2,2025-10-31,5
12488,875,51,2026-08-09,4
12489,451,57,2026-05-04,2
12490,409,83,2025-10-05,4
12491,605,100,2026-01-19,3
12492,459,49,2026-06-11,3
12493,990,1,2026-04-30,4
12494,207,75,2026-08-20,1
12495,831,85,2026-03-23,3
12496,1650,37,2026-06-05,2
12497,836,63,2026-07-25,4
12498,651,34,2025-10-14,4
12499,413,77,2026-05-15,2
12500,804,33,2025-11-04,5
12501,1210,96,2025-09-29,3
12502,872,71,2026-02-12,5
12503,1529,31,2026-06-07,1
12504,1060,65,2026-03-27,4
12505,256,8,2026-06-27,2
12506,435,13,2026-03-15,2
12507,1641,23,2026-07-25,4
12508,262,41,2026-04-29,3
12509,1593,66,2026-06-07,1
12510,67,73,2026-09-13,3
12511,106,40,2026-06-18,1
12512,1597,38,2025-11-12,4
12513,1704,41,2025-11-28,5
12514,1575,94,2026-05-24,1
12515,53,10,2025-10-17,5
12516,114,5,2026-09-05,4
12517,1064,65,2026-01-12,3
12518,804,57,2026-02-05,2
12519,633,94,2026-08-15,4
12520,500,52,2026-02-18,5
12521,1680,74,2026-01-23,1
12522,1238,36,2026-07-07,1
12523,220,74,2026-01-12,5
12524,1939,74,2026-03-08,4
12525,139,68,2026-06-08,2
12526,224,26,2025-12-09,1
12527,602,17,2026-03-25,5
12528,519,84,2026-08-19,2
12529,1291,9,2026-03-29,1
12530,1980,75,2025-11-10,1
12531,1548,46,2026-01-05,5
12532,1761,96,2026-02-27,1
12533,602,22,2026-07-19,5
12534,130,24,2026-02-18,3
12535,919,80,2026-07-13,5
12536,75,94,2026-07-25,2
12537,506,72,2025-12-07,5
12538,917,87,2026-09-25,4
12539,798,56,2026-05-24,1
12540,794,22,2026-08-16,5
12541,1921,41,2026-07-19,1
12542,1600,40,2026-01-08,1
12543,436,73,2026-08-24,5
12544,1127,28,2026-05-25,5
12545,588,38,2026-05-21,2
12546,1082,13,2025-10-07,5
12547,835,31,2026-01-05,2
12548,1549,73,2026-09-15,2
12549,1277,88,2026-08-17,4
12550,18,24,2026-09-23,4
12551,497,66,2026-04-10,2
12552,967,16,2025-09-29,3
12553,1146,11,2026-03-04,5
12554,241,29,2026-03-12,2
12555,160,61,2025-11-19,5
12556,116,44,2026-04-27,4
12557,832,58,2026-05-14,4
12558,1215,18,2025-11-02,5
12559,1243,18,2026-07-06,1
12560,121,20,2026-01-21,5
12561,655,57,2026-05-12,3
12562,733,65,2025-10-14,5
12563,488,87,2025-12-31,1
12564,856,2,2026-01-12,4
12565,1002,68,2026-05-09,4
12566,1218,83,2025-11-22,2
12567,1556,77,2026-02-10,4
12568,1903,23,2026-09-01,4
12569,700,97,2026-03-11,4
12570,388,52,2025-10-29,3
12571,1724,54,2026-07-19,4
12572,1430,47,2026-02-06,1
12573,1526,40,2026-09-17,3
12574,927,46,2026-01-22,2
12575,909,93,2026-03-27,3
12576,1389,67,2026-02-26,5
12577,1754,42,2025-12-10,2
12578,1341,78,2026-04-29,5
12579,1449,15,2025-10-21,5
12580,1943,14,2026-04-02,1
12581,645,95,2025-11-23,4
12582,1830,32,2026-05-28,2
12583,1771,45,2026-07-02,1
12584,942,55,2026-03-09,3
12585,1013,5,2026-04-30,3
12586,1354,53,2025-10-27,5
12587,1988,78,2025-10-01,5
12588,1033,95,2026-01-08,2
12589,1761,75,2025-10-31,2
12590,889,42,2026-02-06,1
12591,1556,63,2025-12-26,3
12592,1952,55,2026-06-14,1
12593,1888,81,2026-02-01,3
12594,772,26,2026-03-22,2
12595,1593,70,2026-01-10,5
12596,501,39,2025-12-13,5
12597,284,36,2026-03-30,3
12598,110,44,2026-05-16,1
12599,1769,44,2026-03-08,4
12600,1923,82,2026-06-25,2
12601,394,69,2026-04-21,5
12602,1688,82,2025-09-30,2
12603,1970,35,2025-12-21,2
12604,182,49,2026-05-22,1
12605,1076,96,2026-09-02,4
12606,1465,89,2025-12-18,5
12607,774,75,2026-08-16,4
12608,986,54,2026-02-02,2
12609,1296,61,2026-01-15,1
12610,1402,72,2026-01-12,3
12611,572,61,2026-08-26,5
12612,1541,89,2026-05-12,2
12613,1079,13,2026-04-26,5
12614,1881,16,2026-01-01,5
12615,367,93,2025-12-15,5
12616,185,99,2026-02-17,2
12617,457,18,2026-09-21,5
12618,2,98,2026-09-18,4
12619,714,31,2025-12-30,5
12620,1777,94,2026-02-02,1
12621,739,36,2026-06-10,3
12622,570,9,2026-04-03,5
12623,337,41,2026-08-06,5
12624,1819,31,2026-06-25,1
12625,1569,1,2026-02-07,1
12626,711,52,2026-01-23,2
12627,416,21,2025-10-11,5
12628,883,61,2025-12-13,2
12629,1368,39,2026-03-13,5
12630,632,58,2025-10-01,5
12631,1949,49,2026-07-03,3
12632,206,55,2026-05-11,5
12633,1462,56,2026-07-23,2
12634,399,19,2025-11-13,3
12635,1075,54,2025-10-27,2
12636,836,69,2026-06-30,3
12637,599,81,2026-04-12,2
12638,898,50,2026-02-26,1
12639,1393,68,2026-09-12,5
12640,432,3,2025-12-25,5
12641,1743,47,2025-12-23,5
12642,363,67,2026-05-09,5
12643,1311,38,2026-08-26,4
12644,1911,86,2026-05-24,2
12645,429,10,2026-04-16,4
12646,500,3,2026-01-08,5
12647,794,6,2026-02-24,1
12648,323,96,2026-05-25,4
12649,1053,99,2025-12-13,1
12650,1935,27,2026-01-25,4
12651,1247,7,2026-03-05,5
12652,1604,86,2026-02-19,4
12653,1170,11,2026-02-18,1
12654,1653,31,2026-05-06,3
12655,1449,29,2026-08-26,1
12656,1931,13,2026-01-22,1
12657,201,50,2026-09-15,4
12658,1575,49,2026-01-25,4
12659,1540,19,2025-12-27,5
12660,744,41,2026-02-14,3
12661,595,97,2025-11-03,1
12662,1302,43,2026-06-27,4
12663,1872,49,2026-08-08,2
12664,1834,74,2025-12-19,3
12665,1565,14,2025-11-04,1
12666,640,68,2026-06-15,4
12667,75,49,2025-11-06,4
12668,1516,85,2025-10-19,1
12669,1775,50,2025-12-29,1
12670,858,76,2026-02-25,1
12671,213,57,2026-08-19,3
12672,1352,43,2026-08-06,2
12673,1699,82,2026-06-15,5
12674,1862,93,2025-11-20,4
12675,1847,40,2025-12-04,3
12676,1976,4,2025-11-03,4
12677,1284,63,2026-04-14,5
12678,590,41,2026-07-02,4
12679,1738,19,2026-01-18,1
12680,716,8,2026-05-05,2
12681,561,20,2026-09-11,2
12682,1172,25,2026-06-22,3
12683,1521,33,2026-02-10,1
12684,157,9,2026-05-20,1
12685,951,97,2026-09-13,2
12686,1057,48,2026-08-08,1
12687,500,85,2025-12-22,1
12688,1309,96,2026-03-23,1
12689,889,57,2026-05-02,1
12690,1108,44,2026-02-03,2
12691,1346,26,2026-01-18,1
12692,1565,11,2026-06-09,3
12693,1178,98,2026-05-18,3
12694,524,95,2026-03-28,1
12695,1153,71,2025-12-23,2
12696,1544,98,2026-02-23,5
12697,321,1,2025-12-27,2
12698,1963,86,2026-06-13,5
12699,731,84,2025-11-02,2
12700,1043,76,2025-10-21,3
12701,227,57,2025-12-07,4
12702,8,16,2026-07-04,2
12703,1244,56,2026-04-28,2
12704,1977,6,2026-03-17,3
12705,978,95,2025-10-26,2
12706,279,36,2026-09-26,5
12707,475,77,2025-10-29,3
12708,111,32,2026-01-27,2
12709,94,95,2026-04-02,2
12710,514,77,2026-06-03,4
12711,1615,31,2025-12-13,5
12712,1036,37,2026-01-22,3
12713,1554,87,2025-10-21,2
12714,1316,51,2026-05-31,3
12715,432,77,2026-02-05,5
12716,545,20,2026-07-27,5
12717,1511,68,2026-03-28,1
12718,461,4,2026-01-02,5
12719,1312,33,2026-04-25,1
12720,1140,53,2026-02-21,2
12721,1210,84,2025-12-01,1
12722,654,3,2026-06-17,3
12723,1545,35,2025-10-26,5
12724,1354,14,2026-06-07,3
12725,57,41,2026-07-23,1
12726,257,28,2026-07-09,4
12727,349,14,2026-06-03,1
12728,107,62,2026-08-07,3
12729,527,61,2026-02-21,5
12730,475,73,2026-09-15,1
12731,147,61,2026-09-16,1
12732,1925,33,2026-06-02,1
12733,411,91,2025-10-12,3
12734,808,68,2026-03-28,5
12735,568,68,2026-09-14,4
12736,1381,63,2026-03-14,2
12737,602,100,2026-05-30,3
12738,775,52,2026-07-30,4
12739,907,18,2025-09-29,2
12740,776,94,2026-04-16,1
12741,1744,61,2026-02-23,3
12742,304,1,2025-11-19,5
12743,1113,1,2025-11-20,2
12744,1059,77,2026-05-08,2
12745,1310,20,2026-06-10,3
12746,1619,69,2025-12-03,5
12747,578,1,2026-08-13,3
12748,1190,32,2026-01-15,3
12749,824,3,2025-11-25,2
12750,1245,100,2026-04-17,3
12751,1996,57,2026-06-01,3
12752,1413,56,2025-12-03,4
12753,594,72,2026-07-11,1
12754,1365,95,2026-01-16,1
12755,403,52,2026-05-03,4
12756,143,59,2026-06-21,3
12757,536,83,2025-12-12,5
12758,509,44,2025-10-31,2
12759,790,35,2026-06-03,2
12760,1700,66,2026-08-05,2
12761,451,2,2026-08-06,2
12762,1563,46,2026-08-12,2
12763,751,18,2026-07-30,4
12764,1069,84,2025-10-18,5
12765,386,24,2026-03-23,5
12766,1714,60,2026-07-10,2
12767,1444,4,2026-02-22,1
12768,521,80,2025-11-09,5
12769,1712,93,2026-06-04,3
12770,674,35,2026-05-18,4
12771,1377,84,2026-01-08,4
12772,76,36,2026-05-22,5
12773,82,74,2026-08-08,4
12774,1094,9,2026-05-19,5
12775,747,50,2026-03-04,3
12776,982,58,2026-07-18,2
12777,789,13,2026-08-05,1
12778,411,99,2026-09-01,3
12779,703,61,2025-10-07,2
12780,1109,94,2026-04-20,5
12781,1890,7,2025-11-15,5
12782,601,15,2025-10-07,4
12783,880,80,2026-03-06,3
12784,65,61,2026-01-14,2
12785,1839,88,2025-11-19,5
12786,1625,65,2026-08-31,4
12787,930,9,2026-08-31,4
12788,1205,13,2026-07-19,4
12789,1037,60,2026-03-09,2
12790,841,32,2026-01-23,3
12791,244,5,2025-11-01,3
12792,1760,43,2026-06-29,4
12793,1879,92,2026-07-08,4
12794,1911,15,2026-05-15,2
12795,672,62,2026-04-12,2
12796,1704,9,2026-07-05,5
12797,1723,99,2025-12-09,5
12798,341,63,2025-11-26,5
12799,1314,69,2026-08-12,5
12800,1868,84,2026-04-02,2
12801,1183,87,2026-02-06,5
12802,1280,52,2025-10-29,1
12803,1086,38,2026-08-19,1
12804,713,87,2026-09-18,5
12805,1794,48,2026-03-17,2
12806,1461,30,2026-05-23,1
12807,1628,36,2026-09-23,2
12808,1842,54,2026-05-18,2
12809,1085,42,2025-11-29,3
12810,827,64,2026-07-13,1
12811,1683,16,2026-06-06,4
12812,1710,33,2026-08-11,3
12813,1455,13,2026-07-04,3
12814,5,1,2026-03-02,1
12815,75,57,2026-02-13,3
12816,93,20,2026-04-25,2
12817,105,94,2025-11-28,4
12818,1985,100,2026-03-05,1
12819,1575,78,2026-05-12,4
12820,1197,53,2025-12-17,5
12821,362,94,2025-12-18,5
12822,1356,43,2026-06-11,3
12823,929,27,2025-12-14,3
12824,1206,92,2026-02-06,4
12825,1686,95,2026-07-18,5
12826,1836,48,2025-12-12,1
12827,1884,77,2026-08-21,4
12828,400,53,2026-09-15,4
12829,1688,42,2026-08-16,3
12830,1501,47,2026-05-13,5
12831,1713,72,2026-05-21,2
12832,992,9,2026-09-03,1
12833,661,25,2026-09-20,5
12834,293,46,2026-09-18,5
12835,1631,56,2025-10-25,4
12836,247,72,2026-05-20,3
12837,1464,52,2026-01-04,1
12838,219,61,2026-08-18,3
12839,1435,3,2026-01-19,3
12840,1973,21,2025-10-28,3
12841,1954,8,2026-04-08,1
12842,248,26,2026-02-24,1
12843,1397,51,2026-04-24,4
12844,722,19,2026-05-23,4
12845,897,15,2025-09-27,2
12846,1179,91,2026-05-14,4
12847,900,56,2025-11-18,2
12848,19,53,2026-03-12,3
12849,1427,59,2025-12-27,2
12850,1476,78,2026-07-15,1
12851,603,27,2026-09-14,5
12852,1289,13,2026-07-04,4
12853,946,51,2026-04-23,2
12854,1738,57,2025-12-21,1
12855,1512,45,2025-12-09,3
12856,1948,10,2026-01-31,4
12857,476,74,2026-08-20,1
12858,1046,40,2026-03-09,4
12859,1815,62,2026-02-13,2
12860,858,7,2026-03-17,3
12861,1653,60,2026-04-11,5
12862,1339,6,2025-12-16,2
12863,1271,3,2026-05-08,4
12864,1860,14,2026-09-17,3
12865,1630,90,2026-09-25,3
12866,1359,24,2025-10-13,4
12867,487,33,2025-10-30,1
12868,1278,61,2026-09-21,2
12869,1772,18,2025-11-13,2
12870,114,92,2026-09-06,4
12871,900,56,2026-04-11,4
12872,587,84,2026-03-11,1
12873,480,95,2026-03-12,2
12874,322,81,2026-02-16,1
12875,1767,53,2026-09-16,5
12876,454,43,2026-02-16,2
12877,342,65,2026-09-21,4
12878,956,71,2025-11-03,1
12879,1135,9,2026-04-02,2
12880,66,43,2026-06-19,4
12881,383,15,2026-01-19,2
12882,1589,57,2026-04-08,5
12883,1148,50,2026-08-27,3
12884,681,48,2026-03-28,2
12885,226,41,2026-04-24,1
12886,903,2,2025-10-12,3
12887,749,64,2026-09-02,1
12888,1975,21,2026-04-01,5
12889,74,72,2026-04-06,4
12890,1010,35,2026-06-26,3
12891,260,99,2025-11-13,2
12892,1902,87,2026-03-21,5
12893,1715,90,2026-07-22,5
12894,889,84,2026-07-25,2
12895,1150,51,2026-03-08,5
12896,1791,52,2025-12-13,2
12897,883,4,2026-03-06,1
12898,1328,24,2026-04-11,3
12899,709,9,2026-09-02,3
12900,989,98,2025-11-10,5
12901,1423,47,2026-05-13,1
12902,412,61,2026-07-23,5
12903,1205,43,2026-02-02,2
12904,1711,23,2025-10-31,4
12905,548,98,2026-01-06,3
12906,1086,83,2026-03-17,1
12907,136,80,2026-09-04,4
12908,1409,21,2026-05-01,1
12909,1921,35,2026-01-06,4
12910,813,36,2025-11-11,4
12911,656,20,2025-11-05,4
12912,509,20,2026-03-17,2
12913,1735,87,2025-12-01,3
12914,81,95,2026-05-15,5
12915,5,14,2025-11-14,3
12916,1416,14,2026-06-24,2
12917,1476,57,2026-07-22,1
12918,1144,69,2026-08-08,3
12919,1586,72,2025-10-19,5
12920,515,32,2026-08-30,4
12921,1135,86,2026-02-28,1
12922,1832,52,2025-12-05,5
12923,999,97,2025-11-22,5
12924,17,94,2026-02-01,1
12925,1745,3,2026-06-20,3
12926,1110,76,2026-06-17,5
12927,676,84,2025-10-03,5
12928,1120,16,2025-10-18,3
12929,395,28,2025-10-05,3
12930,1719,4,2026-09-26,3
12931,1133,95,2025-10-14,1
12932,1479,7,2026-09-17,3
12933,1944,91,2026-04-07,2
12934,1961,83,2026-03-20,5
12935,885,76,2026-08-29,5
12936,1300,24,2025-10-16,1
12937,141,13,2026-01-25,4
12938,850,73,2026-09-21,3
12939,46,18,2026-04-29,1
12940,1869,38,2025-12-18,4
12941,1699,55,2026-05-14,3
12942,1036,15,DATE_INVALIDE,2
12943,1404,93,2026-09-23,3
12944,1073,25,2026-07-13,4
12945,106,59,2025-12-17,3
12946,1043,72,2026-08-11,3
12947,1847,89,2026-07-23,3
12948,154,23,2026-07-30,4
12949,1766,75,2025-09-29,2
12950,502,29,2025-09-27,1
12951,1526,56,2026-02-06,3
12952,1984,88,2026-04-28,3
12953,1466,16,2026-06-07,4
12954,726,63,2026-04-15,5
12955,198,28,2026-08-16,1
12956,1177,80,2026-02-20,3
12957,621,31,2025-10-26,5
12958,1384,97,2026-07-15,4
12959,1330,13,2026-02-22,4
12960,721,6,2026-02-12,5
12961,296,93,2026-04-12,5
12962,2033,17,2026-03-11,2
12963,48,61,2026-01-20,2
12964,1830,94,2026-02-12,5
12965,790,33,2026-06-04,1
12966,847,13,2025-12-31,2
12967,1775,73,2026-09-04,3
12968,1004,33,2026-03-31,3
12969,813,16,2026-07-02,5
12970,1409,42,2025-10-03,5
12971,1181,32,2026-01-07,3
12972,1062,29,2025-10-15,3
12973,1298,36,2026-02-12,2
12974,1309,61,2026-09-07,5
12975,723,73,2026-06-25,5
12976,256,76,2026-06-15,2
12977,888,79,2025-10-04,4
12978,781,79,2026-04-05,2
12979,759,86,2025-12-27,5
12980,1660,19,2026-04-27,4
12981,1410,21,2026-05-08,2
12982,849,69,2026-01-27,2
12983,1652,23,2025-11-08,4
12984,473,33,2026-03-20,1
12985,422,79,2026-06-26,5
12986,1542,45,2026-09-22,3
12987,964,72,2026-08-18,1
12988,1854,18,2025-12-18,5
12989,181,59,2025-10-06,4
12990,1389,4,2025-11-07,4
12991,1156,38,2025-12-02,3
12992,274,96,2025-10-06,4
12993,1554,74,2026-08-31,3
12994,932,29,2026-02-10,3
12995,438,36,2026-09-03,1
12996,578,90,2026-08-21,2
12997,150,4,2026-08-11,2
12998,1946,31,2025-12-31,1
12999,884,85,2026-06-24,4
13000,1755,74,2026-05-24,1
13001,865,82,2026-05-02,4
13002,964,62,2026-02-05,2
13003,1460,13,2025-10-23,1
13004,1787,8,2026-08-31,3
13005,1130,30,2025-09-27,5
13006,506,95,2026-02-02,4
13007,356,51,2026-07-09,1
13008,1316,70,2025-11-09,4
13009,1458,61,2026-05-25,5
13010,1320,29,2026-03-23,2
13011,292,18,2026-02-18,3
13012,1212,29,2026-01-13,5
13013,275,34,2025-12-02,2
13014,1813,98,2026-03-30,4
13015,924,99,2026-05-29,2
13016,935,33,2026-05-18,3
13017,1382,44,2026-05-13,1
13018,219,85,2025-12-20,5
13019,1797,45,2026-06-23,2
13020,205,37,2025-11-13,5
13021,885,5,2026-03-04,2
13022,776,25,2026-09-26,5
13023,1193,51,2026-01-22,5
13024,1111,65,2026-06-04,3
13025,1662,3,2025-12-26,3
13026,679,89,2026-05-21,5
13027,506,48,2026-07-10,5
13028,638,58,2026-07-28,4
13029,1804,50,2025-10-25,5
13030,1951,93,2026-09-21,2
13031,1208,23,2026-09-11,5
13032,495,17,2026-03-20,1
13033,1994,41,2025-12-12,3
13034,167,54,2026-04-23,4
13035,1947,38,2026-07-27,4
13036,1321,58,2026-05-12,5
13037,1625,9,2026-09-02,5
13038,1059,56,2026-07-15,2
13039,1529,11,2026-04-27,2
13040,667,80,2026-07-17,3
13041,672,75,2026-08-19,2
13042,1992,9,2026-09-22,1
13043,1148,43,2026-09-26,4
13044,471,81,2025-12-24,3
13045,106,12,2026-08-15,5
13046,944,28,2026-02-17,4
13047,1170,55,2026-06-03,2
13048,1382,26,2026-04-20,5
13049,777,46,2026-07-22,3
13050,1933,80,2026-07-12,4
13051,952,73,2026-09-09,1
13052,981,71,2026-09-24,2
13053,42,6,2025-12-05,5
13054,253,3,2026-08-23,1
13055,1521,33,2025-11-15,2
13056,1674,53,2026-06-12,4
13057,119,51,2026-07-29,2
13058,176,42,2026-03-09,4
13059,1201,44,2026-03-11,1
13060,1776,75,2026-02-03,1
13061,1433,51,2026-07-13,4
13062,1296,90,2025-11-16,1
13063,1048,2,2026-09-01,1
13064,1293,46,2026-02-09,5
13065,991,24,2026-09-17,3
13066,1350,23,2025-12-16,4
13067,1843,83,2026-09-06,3
13068,1207,51,2026-09-16,4
13069,1442,85,2026-03-24,2
13070,610,67,2026-08-10,2
13071,1946,45,2025-10-19,1
13072,255,76,2026-05-18,4
13073,1522,43,2025-12-15,1
13074,1337,28,2025-12-28,3
13075,1555,31,2026-01-10,3
13076,1935,56,2026-01-23,4
13077,1384,58,2026-04-06,4
13078,910,28,2026-06-08,3
13079,795,99,2025-12-02,3
13080,1750,62,2026-06-26,3
13081,424,86,2025-10-21,1
13082,614,91,2025-10-01,5
13083,1228,12,2026-05-09,3
13084,964,62,2025-09-27,1
13085,1834,88,2026-08-15,2
13086,62,53,2026-06-15,1
13087,1181,77,2026-08-31,1
13088,1726,34,2026-05-31,4
13089,1818,91,2026-04-16,4
13090,1563,64,2026-08-02,3
13091,311,96,2026-05-27,1
13092,246,97,2026-05-20,2
13093,1573,30,2026-02-22,3
13094,867,65,2026-04-14,2
13095,447,20,2025-10-22,3
13096,793,74,2026-01-05,3
13097,2004,47,2025-12-09,3
13098,913,94,2026-06-26,4
13099,424,41,2026-06-04,1
13100,1986,72,2026-05-27,1
13101,1355,64,2025-10-25,2
13102,1411,29,2026-06-21,5
13103,1663,60,2026-02-26,4
13104,1941,93,2026-02-11,4
13105,1977,10,2026-09-09,2
13106,776,12,2026-09-10,3
13107,1429,82,2026-08-05,5
13108,1345,52,2026-01-09,2
13109,1579,74,2025-11-20,4
13110,1763,57,2025-12-26,3
13111,1430,39,2026-04-16,3
13112,1189,98,2026-01-19,1
13113,653,9,2026-07-22,5
13114,806,52,2026-03-18,2
13115,127,84,2025-10-05,4
13116,799,19,2026-01-07,1
13117,735,87,2025-10-24,1
13118,531,8,2026-04-14,4
13119,947,95,2026-06-15,1
13120,1719,65,2026-02-27,1
13121,419,95,2025-11-12,3
13122,1790,89,2026-01-05,4
13123,1374,81,2026-08-16,2
13124,852,47,2026-08-02,2
13125,1889,81,2026-06-01,2
13126,650,75,2026-07-28,5
13127,903,59,2026-04-15,4
13128,126,43,2026-09-18,3
13129,1059,76,2026-02-26,5
13130,972,12,2025-10-15,2
13131,1204,78,2026-09-17,4
13132,1568,77,2026-08-04,1
13133,599,91,2026-03-12,5
13134,1995,62,2025-12-29,1
13135,1346,17,2025-10-22,5
13136,445,100,2026-01-31,1
13137,264,51,2026-01-13,5
13138,400,61,2026-07-16,3
13139,41,21,2026-04-30,1
13140,890,98,2026-02-01,5
13141,589,10,2026-06-28,3
13142,988,11,2026-06-09,2
13143,139,68,2026-08-04,3
13144,1435,81,2025-12-24,3
13145,1480,76,2025-10-29,3
13146,1542,11,2026-04-26,4
13147,1365,47,2026-05-08,3
13148,1229,21,2026-07-09,2
13149,1419,48,2026-01-17,3
13150,1415,70,2025-12-02,3
13151,1005,86,2026-07-08,1
13152,400,1,2026-05-08,2
13153,1121,100,2025-12-11,2
13154,1902,29,2026-08-04,2
13155,1947,19,2026-03-28,5
13156,1080,79,2026-05-09,4
13157,768,93,2025-11-19,2
13158,1645,77,2026-03-25,4
13159,993,21,2026-02-27,4
13160,1361,40,2026-06-23,4
13161,845,36,2026-02-10,3
13162,70,59,2026-03-10,2
13163,503,14,2026-06-20,1
13164,1128,46,2025-11-28,1
13165,1119,7,2026-06-23,5
13166,648,52,2026-05-30,3
13167,1537,4,2026-03-25,3
13168,228,84,2026-07-01,1
13169,1085,2,2026-03-09,1
13170,1152,83,2025-09-27,5
13171,1687,54,2026-09-10,4
13172,1008,34,2026-07-28,3
13173,892,11,2026-06-09,5
13174,915,69,2026-01-13,5
13175,772,25,2026-05-03,4
13176,606,50,2026-08-17,3
13177,1917,29,2026-01-29,2
13178,1674,57,2026-02-27,4
13179,1524,74,2026-02-15,4
13180,407,62,2026-01-22,5
13181,320,89,2025-12-11,4
13182,1029,15,2025-12-23,5
13183,707,1,2025-11-04,2
13184,994,38,2026-01-16,2
13185,1815,82,2026-07-05,4
13186,591,41,2026-01-30,1
13187,1974,22,2026-03-11,1
13188,594,2,2026-07-31,3
13189,8,33,2026-08-17,4
13190,1540,54,2025-12-02,1
13191,980,83,2026-08-12,5
13192,336,77,2026-05-03,1
13193,728,76,2026-02-12,4
13194,484,53,2026-05-15,4
13195,1172,69,2025-10-05,3
13196,236,78,2026-07-21,5
13197,900,97,2025-11-13,3
13198,1476,30,2026-06-02,4
13199,748,27,2026-05-08,5
13200,1323,68,2026-05-10,5
13201,1074,58,2026-03-25,3
13202,1531,77,2026-06-13,3
13203,1787,47,2026-08-28,4
13204,502,15,2025-11-25,5
13205,519,34,2026-06-28,3
13206,1911,50,2026-07-31,1
13207,498,73,2026-05-07,3
13208,695,62,2025-12-28,3
13209,977,62,2026-05-29,3
13210,899,82,2026-01-26,2
13211,291,29,2025-11-06,5
13212,1056,59,2026-02-14,4
13213,786,10,2026-04-04,5
13214,1901,71,2025-11-07,5
13215,961,43,2026-06-19,3
13216,1214,86,2026-06-06,5
13217,260,94,2026-01-18,2
13218,83,82,2026-07-28,1
13219,663,76,2025-10-27,1
13220,588,45,2026-03-09,1
13221,472,49,2026-05-09,3
13222,747,37,2026-07-05,1
13223,1494,73,2026-03-11,1
13224,459,36,2026-07-16,3
13225,595,53,2025-12-30,2
13226,1515,61,2026-08-29,1
13227,386,79,2025-12-04,2
13228,1921,8,2026-01-31,4
13229,485,26,2026-03-18,3
13230,1796,92,2026-01-04,3
13231,1936,61,2026-08-06,3
13232,1374,70,2026-07-23,1
13233,811,21,2026-07-16,5
13234,1496,91,2025-12-31,1
13235,827,1,2026-07-28,5
13236,1148,63,2026-06-04,3
13237,964,65,2026-08-17,5
13238,1594,90,2025-12-10,4
13239,953,55,2026-01-02,2
13240,1205,61,2025-10-21,4
13241,1190,83,2026-01-17,5
13242,1777,56,2026-01-31,4
13243,56,73,2026-04-25,4
13244,1167,64,2026-08-29,5
13245,1905,43,2026-03-12,1
13246,1406,83,2025-10-25,3
13247,746,85,2026-02-16,1
13248,1443,18,2026-05-12,5
13249,322,79,2026-04-19,1
13250,168,3,2026-09-13,4
13251,474,91,2026-08-06,2
13252,1945,19,2026-09-15,4
13253,303,58,2026-03-28,5
13254,708,38,2025-12-17,4
13255,33,43,2026-01-26,5
13256,1374,11,2026-03-01,3
13257,1024,16,2026-05-02,1
13258,906,41,2026-05-19,2
13259,1129,99,2026-07-23,4
13260,570,82,2025-12-20,3
13261,186,92,2026-07-07,5
13262,943,86,2026-07-07,1
13263,1375,65,2026-06-13,3
13264,1014,43,2025-09-30,3
13265,1415,71,2026-01-07,1
13266,401,95,2026-04-01,4
13267,1267,81,2026-03-19,4
13268,896,67,2025-12-08,2
13269,1937,48,2026-08-10,1
13270,1518,90,2026-05-17,1
13271,169,25,2026-03-24,1
13272,1242,54,2026-04-24,4
13273,133,100,2025-12-29,2
13274,219,41,2026-06-27,4
13275,497,71,2026-07-04,4
13276,1696,24,2025-10-11,4
13277,1919,43,2026-06-20,2
13278,1166,72,2026-05-15,2
13279,592,93,2025-11-23,5
13280,636,11,2025-12-23,2
13281,212,62,2026-05-27,2
13282,1784,55,2025-09-28,2
13283,73,68,2026-07-13,3
13284,442,5,2026-06-25,4
13285,535,88,2026-07-10,5
13286,1763,55,2026-01-09,5
13287,868,57,2025-11-29,2
13288,1098,51,2026-01-06,4
13289,1366,53,2026-03-18,1
13290,973,62,2026-04-19,3
13291,1156,46,2026-03-25,4
13292,1506,97,2026-01-29,3
13293,206,1,2026-02-22,3
13294,1371,57,2026-08-20,4
13295,268,46,2026-08-30,1
13296,81,23,2026-02-24,3
13297,1690,96,2026-09-14,5
13298,1260,95,2026-08-26,5
13299,133,4,2026-07-04,5
13300,1651,42,2026-03-09,5
13301,310,28,2026-05-14,3
13302,1032,38,2026-06-02,3
13303,1289,20,2026-05-26,1
13304,44,20,2026-06-23,3
13305,34,37,2025-11-24,1
13306,122,60,2026-04-04,3
13307,502,15,2026-07-20,4
13308,29,67,2026-04-09,1
13309,1570,88,2026-05-04,1
13310,704,82,2025-11-10,3
13311,784,56,2026-08-15,1
13312,1327,37,2026-01-23,1
13313,565,57,2026-09-22,3
13314,87,6,2025-10-20,3
13315,1131,39,2026-03-17,1
13316,1135,76,2026-08-21,2
13317,1283,62,2025-12-02,1
13318,1791,74,2026-04-22,5
13319,77,84,2026-09-11,4
13320,1244,40,2026-03-04,5
13321,681,56,2026-01-28,3
13322,1746,84,2026-09-18,5
13323,1885,87,2025-10-17,2
13324,807,28,2026-08-28,5
13325,827,38,2026-01-16,4
13326,1784,22,2025-12-07,3
13327,667,99,2026-03-31,5
13328,993,5,2025-11-15,5
13329,483,45,2026-01-18,1
13330,1785,83,2026-02-25,2
13331,558,83,2026-02-07,5
13332,1700,91,2026-08-15,4
13333,1439,32,2026-04-20,5
13334,1578,6,2025-10-15,1
13335,732,28,2026-02-07,5
13336,1124,3,2026-09-25,3
13337,1993,93,2026-09-21,5
13338,1637,95,2026-07-02,4
13339,1295,22,2026-06-07,3
13340,618,2,2025-11-19,5
13341,225,95,2026-04-07,4
13342,1157,75,2025-10-23,5
13343,432,10,2026-05-14,4
13344,1951,76,2025-10-04,5
13345,1818,51,2025-11-25,4
13346,1866,72,2026-06-27,1
13347,1830,3,2026-01-19,2
13348,1118,38,2026-08-13,4
13349,223,87,2026-08-01,2
13350,197,47,2026-07-05,1
13351,781,33,2025-11-17,3
13352,1900,53,2026-02-07,4
13353,758,57,2025-12-14,2
13354,318,45,2025-11-23,2
13355,222,17,2026-04-30,4
13356,1216,65,2026-04-21,4
13357,353,99,2026-04-17,2
13358,727,64,2026-07-23,5
13359,1001,36,2026-03-04,3
13360,1138,8,2025-10-16,5
13361,1036,79,2026-08-24,4
13362,955,30,2025-11-27,2
13363,1554,44,2025-11-11,4
13364,1911,55,2025-11-14,1
13365,354,49,2026-02-16,1
13366,1709,99,2026-02-09,3
13367,180,54,2026-05-14,3
13368,1738,34,2025-10-15,3
13369,758,24,2025-11-19,4
13370,582,45,2026-02-07,5
13371,294,77,2026-08-17,4
13372,586,94,2026-07-29,3
13373,177,85,2026-02-05,5
13374,1711,29,2025-11-24,4
13375,92,33,2026-07-09,5
13376,994,55,2026-06-13,2
13377,1235,25,2025-10-07,5
13378,910,32,2026-01-03,5
13379,1907,42,2026-04-15,2
13380,1842,23,2026-03-05,4
13381,854,1,2026-09-05,4
13382,1352,87,2026-02-18,1
13383,895,34,2026-03-05,3
13384,1632,22,2025-09-28,4
13385,254,25,2026-09-17,3
13386,579,20,2026-01-02,3
13387,700,50,2026-03-26,1
13388,405,19,2026-07-09,4
13389,1703,12,2025-12-14,2
13390,524,16,2026-06-27,3
13391,149,2,2026-03-22,5
13392,721,35,2026-09-03,2
13393,742,99,2026-08-14,2
13394,695,1,2026-05-31,3
13395,1849,70,2026-04-20,5
13396,127,66,2026-08-19,3
13397,1796,68,2026-08-24,2
13398,28,57,2026-09-18,2
13399,148,20,2026-05-26,4
13400,421,40,2026-01-01,1
13401,1360,24,2026-09-16,5
13402,1001,68,2026-01-13,1
13403,311,53,2026-02-01,4
13404,925,32,2025-12-17,2
13405,1799,53,2025-12-15,2
13406,916,93,2026-05-14,4
13407,597,56,2026-05-09,5
13408,1867,65,2026-03-17,5
13409,1190,82,2025-11-29,3
13410,1101,58,2026-04-12,4
13411,1196,88,2026-02-24,2
13412,593,35,2026-07-18,5
13413,398,10,2026-08-05,2
13414,1002,45,2026-04-28,4
13415,1775,94,2025-12-16,4
13416,1034,34,2026-04-24,5
13417,1864,88,2025-09-29,3
13418,829,84,2026-01-22,4
13419,1324,65,2026-05-09,2
13420,66,25,2025-12-31,1
13421,253,92,2026-04-18,2
13422,991,58,2025-11-20,5
13423,2039,32,2025-10-04,3
13424,1875,27,2025-10-18,5
13425,1094,29,2026-09-10,2
13426,209,84,2026-01-07,3
13427,1928,94,2026-09-02,1
13428,33,14,2026-06-16,4
13429,573,70,2026-04-21,1
13430,512,55,2025-12-16,2
13431,120,16,2026-06-29,5
13432,1026,68,2026-01-18,5
13433,1789,47,2026-08-22,2
13434,226,46,2025-11-02,3
13435,1832,31,2026-09-04,5
13436,1115,13,2026-06-01,3
13437,504,34,2026-06-02,1
13438,1188,11,2026-03-08,1
13439,774,100,2026-09-06,4
13440,1025,54,2025-10-03,2
13441,1466,49,2026-01-25,3
13442,594,51,2025-10-27,1
13443,841,84,2025-12-08,2
13444,637,64,2025-12-09,5
13445,1240,17,2026-08-20,2
13446,215,82,2026-03-18,5
13447,300,55,2026-09-18,1
13448,691,6,2026-01-30,4
13449,134,8,2025-11-30,5
13450,68,10,2026-02-22,3
13451,1730,79,2026-05-30,5
13452,1891,84,2026-06-08,1
13453,279,91,2026-04-17,5
13454,132,5,2026-06-22,5
13455,979,83,2026-08-06,3
13456,1777,55,2025-12-30,5
13457,857,48,2026-04-17,1
13458,440,54,2026-06-27,5
13459,1563,51,2025-11-13,5
13460,1911,21,2026-09-06,1
13461,86,57,2026-02-22,2
13462,402,7,2026-05-26,5
13463,1995,59,2026-09-13,1
13464,1546,26,2026-02-17,5
13465,400,80,2025-10-06,1
13466,1831,20,2026-08-01,1
13467,699,95,2025-10-23,4
13468,815,6,2025-12-26,4
13469,1296,23,2025-09-30,3
13470,585,66,2026-06-06,3
13471,920,80,2026-08-27,5
13472,1727,68,2026-06-27,5
13473,130,30,2025-12-23,2
13474,468,69,2026-05-21,1
13475,1924,23,2026-03-15,2
13476,1608,27,2026-07-29,2
13477,1178,59,2025-12-05,2
13478,525,5,2026-03-13,1
13479,1214,86,2026-02-25,2
13480,1401,38,2026-07-05,4
13481,598,31,2026-04-03,1
13482,1100,52,DATE_INVALIDE,3
13483,1230,35,2026-03-30,4
13484,107,8,2026-07-03,4
13485,1703,74,2026-08-15,2
13486,1544,55,2026-02-12,2
13487,842,77,2026-04-19,5
13488,980,45,2026-01-28,3
13489,1331,47,2026-08-19,1
13490,1704,44,2026-02-17,5
13491,1106,64,2026-01-29,3
13492,28,95,2025-10-16,4
13493,1986,5,2026-05-22,5
13494,112,94,2026-07-21,2
13495,909,19,2025-11-25,1
13496,1800,10,2026-08-15,2
13497,1204,91,2026-03-31,5
13498,580,25,2025-09-28,2
13499,226,97,2026-01-26,3
13500,862,75,2026-09-06,4
13501,38,15,2026-02-09,1
13502,640,52,2025-11-08,1
13503,1816,80,2025-11-12,2
13504,670,24,2026-01-11,1
13505,341,23,2026-05-07,4
13506,1407,73,2025-10-24,2
13507,795,96,2025-11-05,3
13508,1558,50,2025-12-02,4
13509,474,15,2026-01-21,4
13510,600,7,2025-11-14,5
13511,390,14,2025-12-15,1
13512,974,11,2025-10-29,4
13513,1234,75,2025-11-27,3
13514,953,95,2026-03-08,3
13515,685,98,2025-10-20,1
13516,1364,82,2026-08-02,5
13517,60,71,2026-03-31,1
13518,1835,91,2026-07-30,1
13519,1724,97,2025-09-29,3
13520,1580,57,2026-04-26,2
13521,734,21,2026-08-19,4
13522,748,77,2026-01-20,3
13523,967,56,2025-11-10,2
13524,373,34,2026-03-31,1
13525,1336,4,2026-01-27,2
13526,381,68,2026-09-22,4
13527,201,7,2026-05-30,4
13528,669,96,2026-04-27,4
13529,346,38,2025-10-08,5
13530,1981,25,2025-12-21,3
13531,902,57,2026-05-13,3
13532,1361,39,2025-11-07,5
13533,753,61,2025-10-19,1
13534,691,25,2026-06-09,2
13535,1461,64,2025-12-01,5
13536,1735,64,2026-08-09,3
13537,807,16,2025-12-19,3
13538,952,67,2026-06-23,5
13539,1864,68,2026-09-22,5
13540,822,94,2025-11-25,5
13541,203,62,2026-02-01,1
13542,1774,15,2026-03-08,1
13543,529,21,2025-10-31,3
13544,322,38,2025-11-25,5
13545,747,40,2026-03-05,4
13546,445,10,2026-05-10,2
13547,153,95,2026-05-12,4
13548,190,74,2026-02-09,1
13549,840,52,2026-09-11,5
13550,636,41,2026-03-10,1
13551,721,61,2026-07-01,1
13552,521,1,2026-01-03,1
13553,1629,12,2026-08-25,4
13554,1809,12,2026-04-21,4
13555,793,14,2025-10-11,2
13556,1796,5,2026-08-25,1
13557,1377,17,2025-11-19,4
13558,1091,29,2026-01-14,1
13559,1951,67,2026-09-02,1
13560,333,4,2026-05-17,2
13561,963,76,2026-03-08,4
13562,1956,55,2026-03-29,3
13563,63,9,2025-10-03,5
13564,1364,100,2025-10-29,3
13565,1753,17,2026-02-22,4
13566,1454,57,2025-10-26,5
13567,1745,38,2025-12-12,1
13568,863,36,2025-11-28,2
13569,1562,89,2026-02-12,2
13570,1967,85,2026-03-01,1
13571,520,61,2025-11-28,3
13572,1350,51,2026-02-23,4
13573,563,97,2025-12-09,5
13574,260,30,2025-12-10,1
13575,872,38,2026-08-22,2
13576,1632,11,2025-11-03,4
13577,536,52,2026-06-15,1
13578,1062,77,2026-01-19,3
13579,1286,90,2025-11-16,3
13580,305,31,2026-08-07,3
13581,866,51,2026-09-14,3
13582,133,97,2025-12-11,4
13583,870,33,2026-02-20,3
13584,1560,30,2026-01-01,1
13585,1541,35,2026-05-06,5
13586,20,56,2026-03-07,1
13587,1323,37,2026-03-11,1
13588,1416,28,2025-11-15,4
13589,214,29,2026-08-27,3
13590,871,96,2026-08-21,2
13591,216,97,2026-08-16,1
13592,1113,77,2026-06-08,1
13593,991,69,2026-08-20,4
13594,1712,88,2026-07-19,3
13595,1532,49,2026-05-16,1
13596,1142,99,2025-11-23,5
13597,29,36,2026-01-21,1
13598,1380,42,2026-09-18,3
13599,581,63,2026-08-20,3
13600,493,31,2026-06-09,3
13601,457,48,2026-09-21,5
13602,510,56,2026-05-25,5
13603,71,13,2026-05-29,4
13604,1581,47,2026-06-11,2
13605,1714,31,2026-03-31,1
13606,1657,90,2026-09-02,4
13607,100,33,2026-03-09,1
13608,439,61,2026-07-12,1
13609,1868,96,2025-11-08,1
13610,671,80,2026-06-19,4
13611,1173,90,2026-07-09,4
13612,1320,3,2026-02-11,5
13613,347,73,2026-03-29,1
13614,1484,85,2026-03-13,3
13615,1227,45,2025-10-13,4
13616,314,65,2026-07-16,1
13617,547,58,2026-06-25,2
13618,816,65,2026-04-14,1
13619,1939,27,2026-04-18,5
13620,1301,23,2026-08-03,3
13621,873,82,2025-11-05,1
13622,1223,45,2025-11-12,3
13623,1664,89,2025-10-15,4
13624,1515,63,2025-12-26,5
13625,1827,79,2026-08-23,1
13626,1092,95,2026-06-15,1
13627,1029,26,2026-04-16,1
13628,308,86,2025-11-28,1
13629,1919,75,2026-05-20,3
13630,286,71,2026-08-01,2
13631,430,31,2025-12-18,1
13632,675,50,2025-12-30,4
13633,281,45,2026-06-09,1
13634,1451,28,2026-09-15,5
13635,1932,97,2026-03-22,4
13636,870,23,2025-11-29,4
13637,238,34,2026-09-20,1
13638,572,23,2026-01-02,4
13639,1451,64,2026-08-27,2
13640,413,41,2025-12-09,4
13641,1433,63,2026-01-24,3
13642,1860,13,2025-12-28,3
13643,25,78,2025-12-13,3
13644,72,57,2025-12-30,5
13645,1836,62,2026-01-27,3
13646,757,84,2025-11-23,5
13647,135,80,2026-05-18,5
13648,294,44,2026-02-21,1
13649,675,73,2026-09-01,2
13650,1965,43,2026-09-01,2
13651,1653,1,2026-08-21,5
13652,736,89,2026-04-01,5
13653,1013,78,2026-06-05,5
13654,810,38,2026-01-19,2
13655,432,59,2026-06-04,5
13656,930,20,2026-03-24,2
13657,1478,81,2026-06-20,1
13658,1968,88,2026-05-01,1
13659,1194,20,2025-12-01,1
13660,657,14,2026-01-27,1
13661,1819,82,2026-08-30,1
13662,1343,27,2026-01-27,1
13663,61,61,2025-11-20,3
13664,764,98,2026-01-01,1
13665,1779,34,2025-12-27,4
13666,572,68,2026-07-19,3
13667,1499,14,2026-09-26,2
13668,286,94,2026-01-13,2
13669,468,22,2025-12-28,1
13670,992,32,2026-07-09,5
13671,1816,91,2026-03-10,4
13672,1928,99,2025-10-27,5
13673,425,75,2026-03-01,1
13674,984,2,2026-02-01,5
13675,1151,57,2026-03-26,5
13676,983,80,2026-01-10,2
13677,462,15,2025-11-29,4
13678,381,18,2026-07-07,4
13679,111,67,2026-08-25,1
13680,1659,77,2026-08-09,2
13681,139,48,2026-05-13,1
13682,475,10,2026-08-12,4
13683,618,35,2026-07-02,5
13684,1146,99,2026-07-02,2
13685,7,26,2026-06-30,4
13686,570,84,2026-08-19,4
13687,1114,16,2026-01-23,1
13688,1625,27,2026-01-19,4
13689,1375,33,2025-10-28,5
13690,811,22,2026-02-10,3
13691,642,40,2026-04-02,1
13692,1754,63,2026-05-10,1
13693,658,30,2025-10-04,3
13694,1332,65,2026-03-10,5
13695,1750,27,2025-12-02,3
13696,1482,13,2026-07-06,1
13697,57,86,2026-06-15,5
13698,1157,84,2025-12-27,2
13699,660,8,2026-06-18,2
13700,575,63,2026-06-27,4
13701,1998,71,2026-07-26,2
13702,1056,63,2026-03-20,3
13703,952,9,2026-01-17,3
13704,1578,38,2026-05-03,1
13705,1811,31,2026-03-10,2
13706,914,99,2025-10-14,1
13707,842,54,2026-04-10,4
13708,1321,85,2025-10-28,4
13709,1568,30,2026-01-14,1
13710,1174,9,2025-11-17,4
13711,192,14,2026-09-18,5
13712,691,96,2026-03-16,2
13713,1219,32,2025-10-10,4
13714,1488,15,2026-01-10,2
13715,1404,8,2026-02-04,2
13716,1010,80,2026-06-03,1
13717,18,100,2026-05-23,2
13718,1172,81,2026-06-02,2
13719,849,13,2025-10-11,5
13720,281,7,2026-07-21,1
13721,1884,48,2026-02-20,5
13722,93,62,2025-12-02,2
13723,802,24,2025-11-15,3
13724,1995,89,2026-05-14,3
13725,612,56,2025-12-01,5
13726,1909,62,2026-02-12,2
13727,738,42,2025-12-11,1
13728,1936,43,2026-05-02,2
13729,1353,78,2026-07-18,1
13730,1468,29,2026-03-17,4
13731,1279,82,2026-05-10,1
13732,50,58,2025-12-02,2
13733,1273,45,2025-10-14,4
13734,1665,85,2026-07-04,5
13735,1735,30,2025-10-08,3
13736,1998,90,2026-09-18,3
13737,1885,69,2025-10-02,1
13738,1238,97,2026-07-15,4
13739,1761,96,2026-06-30,3
13740,660,56,2026-02-16,3
13741,915,96,2026-09-22,5
13742,1689,94,2025-11-06,4
13743,603,24,2026-02-08,1
13744,534,8,2026-03-07,3
13745,1995,48,2025-11-09,3
13746,992,36,2026-04-29,1
13747,1612,23,2026-07-12,1
13748,1494,51,2025-11-25,4
13749,1232,95,2026-03-07,5
13750,498,5,2026-09-09,1
13751,459,33,2025-11-02,1
13752,1789,5,2026-03-01,3
13753,1104,7,2026-08-15,4
13754,981,3,2026-08-15,5
13755,1727,33,2025-11-02,3
13756,736,40,2026-05-06,5
13757,12,7,2026-02-05,1
13758,1822,38,2025-10-17,1
13759,600,92,2025-10-08,4
13760,1740,46,2026-02-04,3
13761,947,50,2026-08-12,5
13762,606,94,2026-01-13,5
13763,719,22,2026-05-10,3
13764,39,37,2026-04-23,5
13765,1240,19,2026-07-21,3
13766,871,18,2026-04-17,3
13767,865,8,2026-05-12,1
13768,1087,6,2026-01-03,4
13769,679,95,2026-08-01,1
13770,1039,15,2025-11-11,2
13771,1828,14,2026-09-03,4
13772,363,88,2026-03-26,3
13773,1141,87,2025-10-27,1
13774,1160,43,2026-04-03,5
13775,632,31,2025-10-08,1
13776,1926,3,2026-03-19,4
13777,1590,64,2025-11-02,3
13778,1295,56,2025-11-02,3
13779,1945,62,2026-05-31,4
13780,1677,99,2026-01-01,1
13781,82,89,2026-08-13,2
13782,1435,32,2025-12-16,1
13783,940,52,2026-07-22,4
13784,333,47,2025-10-26,3
13785,205,53,2026-04-07,5
13786,1886,38,2026-02-04,3
13787,1216,54,2026-04-09,3
13788,1559,83,2026-04-02,5
13789,1849,98,2026-08-03,2
13790,1400,40,2026-02-02,1
13791,1111,30,2026-09-02,2
13792,1833,99,2026-06-14,1
13793,1754,31,2025-11-11,4
13794,261,35,2026-08-16,3
13795,1912,92,2026-06-06,5
13796,322,100,2026-09-25,5
13797,1533,92,2026-05-19,3
13798,190,92,2026-07-18,3
13799,1990,68,2026-02-27,5
13800,41,1,2026-03-02,5
13801,634,50,2026-08-31,3
13802,523,52,2026-07-02,2
13803,317,83,2026-07-20,3
13804,1519,65,2026-07-10,4
13805,38,83,2026-07-10,4
13806,980,51,2026-01-29,4
13807,1645,33,2026-04-29,5
13808,1895,27,2026-05-25,4
13809,93,42,2026-06-25,2
13810,1755,19,2026-02-14,3
13811,1153,13,2025-11-23,5
13812,252,55,2026-05-17,2
13813,1171,58,2026-06-29,3
13814,892,59,2026-05-11,4
13815,1422,52,2026-05-02,1
13816,1251,11,2026-09-16,5
13817,1232,25,2025-11-27,3
13818,780,33,2025-12-19,2
13819,1182,85,2026-03-21,5
13820,232,58,2026-01-12,4
13821,1017,2,2026-07-20,5
13822,862,97,2026-03-27,4
13823,1178,15,2026-03-09,1
13824,768,84,2026-08-14,4
13825,1632,94,2026-01-13,5
13826,1375,54,2026-08-26,4
13827,1355,39,2025-10-20,3
13828,978,62,2026-05-13,1
13829,70,46,2026-02-13,4
13830,1935,8,2026-05-24,2
13831,1949,96,2026-04-01,1
13832,176,47,2026-09-18,3
13833,525,80,2026-02-18,3
13834,1311,80,2025-10-15,5
13835,657,59,2026-06-29,3
13836,759,50,2025-12-03,2
13837,530,35,2026-06-05,5
13838,732,44,2026-02-11,3
13839,1371,84,2026-09-25,4
13840,1930,97,2026-04-14,4
13841,496,44,2026-01-12,3
13842,7,91,2025-12-30,3
13843,1158,44,2025-10-10,2
13844,1405,58,2025-10-02,2
13845,1902,94,2026-05-25,4
13846,1082,81,2025-12-02,2
13847,797,74,2026-05-28,3
13848,1040,72,2026-09-06,4
13849,1939,92,2025-10-27,5
13850,559,21,2026-07-21,4
13851,47,31,2026-04-21,4
13852,1661,79,2026-05-01,5
13853,1614,82,2025-10-12,2
13854,892,88,2026-05-22,3
13855,1108,23,2026-02-09,5
13856,403,89,2026-02-20,3
13857,116,62,2025-10-20,5
13858,1643,14,2026-04-18,4
13859,459,62,2026-03-27,4
13860,1395,68,2026-05-24,3
13861,570,63,2025-12-07,1
13862,590,73,2026-04-30,1
13863,229,50,2026-07-24,2
13864,878,75,2026-09-10,3
13865,1751,88,2025-10-08,4
13866,703,78,2025-12-24,2
13867,74,13,2026-03-22,4
13868,152,45,2026-08-03,4
13869,976,68,2026-08-06,1
13870,1280,66,2026-05-30,2
13871,110,62,2026-01-11,1
13872,1073,9,2025-10-07,2
13873,1545,96,2026-01-15,3
13874,38,19,2026-07-20,2
13875,614,30,2026-05-30,2
13876,1176,92,2026-05-06,2
13877,1277,37,2026-02-16,1
13878,8,12,2026-07-06,4
13879,1183,82,2026-09-06,3
13880,1256,16,2026-08-05,1
13881,1422,23,2026-08-23,5
13882,862,34,2026-02-27,1
13883,140,14,2026-01-31,5
13884,1134,60,2025-12-15,5
13885,539,56,2025-11-14,3
13886,715,13,2026-07-26,1
13887,298,4,2026-08-27,2
13888,1153,96,2026-01-23,1
13889,1235,50,2026-04-03,4
13890,887,83,2026-09-10,5
13891,316,28,2026-02-03,5
13892,1694,25,2026-02-22,5
13893,426,93,2026-09-07,4
13894,1804,87,2026-03-28,3
13895,1086,65,2025-12-17,3
13896,497,61,2026-04-12,4
13897,628,81,2026-01-28,5
13898,1594,42,2026-08-15,1
13899,20,94,2026-01-29,2
13900,973,18,2026-05-14,1
13901,1179,27,2026-05-17,1
13902,325,46,2026-04-20,1
13903,722,26,2026-03-14,2
13904,909,80,2026-05-02,5
13905,570,84,2025-12-10,3
13906,1586,90,2026-09-07,5
13907,1416,60,2026-01-30,2
13908,1955,72,2026-04-17,4
13909,999,76,2026-09-24,2
13910,1802,86,2026-06-15,5
13911,1705,35,2026-07-15,5
13912,1642,22,2025-11-06,5
13913,907,22,2026-05-08,5
13914,984,33,2026-06-03,4
13915,786,79,2026-06-29,1
13916,604,3,2025-10-23,4
13917,1444,22,2026-04-09,5
13918,1774,80,2026-04-08,4
13919,375,96,2026-03-06,3
13920,1524,41,2025-11-17,4
13921,153,86,2026-01-17,5
13922,289,3,2025-10-22,3
13923,541,10,2025-10-07,1
13924,1651,14,2026-05-20,5
13925,276,77,2025-11-01,3
13926,1612,89,2026-02-01,2
13927,116,24,2026-05-18,4
13928,897,68,2026-04-01,1
13929,1271,51,2026-02-23,2
13930,651,4,2026-03-29,1
13931,430,48,2026-07-22,2
13932,1356,11,2025-10-29,1
13933,1474,42,2025-11-24,5
13934,757,51,2026-02-28,4
13935,1955,12,2026-01-20,2
13936,118,89,2026-05-29,1
13937,1467,9,2026-09-19,4
13938,1162,25,2026-02-14,1
13939,737,54,2026-05-15,1
13940,478,1,2026-06-09,2
13941,1446,90,2025-11-19,4
13942,929,28,2026-01-14,2
13943,986,82,2026-07-28,1
13944,1724,1,2025-11-08,1
13945,1805,38,2026-08-31,5
13946,848,21,2025-12-23,1
13947,1263,21,2026-07-06,2
13948,1836,34,2026-09-08,1
13949,852,10,2025-09-27,2
13950,781,43,2026-06-22,3
13951,1216,55,2026-09-16,4
13952,351,84,2025-10-24,3
13953,1999,35,2025-11-09,2
13954,1112,93,2026-03-20,1
13955,1698,61,2026-02-15,1
13956,1700,72,2025-10-29,1
13957,1960,39,2025-10-13,3
13958,170,41,2025-10-23,2
13959,1450,15,2025-11-01,5
13960,1252,81,2026-03-13,4
13961,1701,20,2025-10-26,4
13962,1230,100,2026-04-22,2
13963,1767,36,2026-09-21,4
13964,1244,56,2026-06-02,4
13965,1736,42,2025-10-22,3
13966,1726,43,2026-06-11,4
13967,649,61,2025-12-12,3
13968,1715,35,2025-10-01,2
13969,635,52,2025-12-27,3
13970,793,76,2025-10-26,3
13971,1529,89,2026-09-01,5
13972,1551,15,2026-04-27,4
13973,1747,34,2026-03-18,1
13974,327,64,2026-06-19,4
13975,1625,15,2025-11-21,3
13976,1143,13,2026-07-11,4
13977,756,72,2025-10-25,1
13978,1163,64,2025-11-04,3
13979,1865,63,2026-03-27,1
13980,349,52,2026-07-09,4
13981,782,42,2026-07-04,1
13982,555,94,2026-02-08,3
13983,1848,39,2025-11-12,3
13984,1279,34,2025-12-06,2
13985,1012,81,2026-04-22,1
13986,1104,8,2026-06-25,3
13987,133,43,2025-10-19,1
13988,898,86,2026-01-21,5
13989,851,99,2026-08-29,2
13990,1045,33,2026-04-25,5
13991,89,38,2026-05-12,2
13992,129,53,2026-02-04,5
13993,1035,15,2026-09-02,3
13994,1791,1,2025-12-12,4
13995,1351,69,2026-04-10,1
13996,1339,2,2026-05-09,1
13997,1096,10,2026-05-04,3
13998,873,47,2026-01-17,5
13999,316,86,2026-05-26,2
14000,1533,84,2026-07-29,4
14001,842,95,2026-04-15,1
14002,98,41,2026-09-11,3
14003,1773,59,2025-11-28,1
14004,78,4,2026-03-11,4
14005,29,11,2026-05-06,4
14006,1552,15,2026-03-24,5
14007,12,58,2025-09-30,4
14008,513,23,2026-07-07,5
14009,1995,48,2026-02-19,3
14010,895,14,2026-05-18,5
14011,877,62,2026-08-13,4
14012,888,55,2025-10-20,4
14013,1410,12,2025-12-03,5
14014,1636,23,2025-12-17,5
14015,614,76,2026-01-24,1
14016,421,2,2026-02-06,5
14017,227,47,2025-12-13,2
14018,1950,23,2026-05-16,3
14019,994,69,2026-08-11,2
14020,866,60,2026-01-05,3
14021,112,68,2026-09-14,5
14022,350,88,2025-11-18,1
14023,1215,75,2026-03-22,3
14024,1410,60,2026-02-20,4
14025,1505,69,2026-07-26,5
14026,186,23,2025-10-11,2
14027,1547,52,2026-03-21,2
14028,1090,28,2025-10-28,4
14029,1522,2,2025-11-15,5
14030,79,20,2026-06-30,3
14031,1688,85,2026-06-05,1
14032,1741,52,2025-11-01,2
14033,1506,84,2025-10-21,4
14034,938,8,2026-01-28,2
14035,1899,44,2026-04-05,5
14036,1813,80,2026-03-26,1
14037,253,51,2026-03-08,4
14038,1543,10,2026-04-08,4
14039,847,20,2026-09-23,5
14040,1794,45,2026-04-22,5
14041,1892,96,2026-04-18,2
14042,1753,7,2026-04-12,2
14043,499,49,2026-03-30,5
14044,386,19,2026-06-03,1
14045,304,23,2026-08-09,3
14046,737,6,2026-02-15,5
14047,794,79,2025-10-07,3
14048,1255,57,2025-10-06,5
14049,1679,27,2026-05-22,5
14050,1867,13,2026-06-08,5
14051,1303,37,2026-01-07,1
14052,105,82,2025-10-25,1
14053,798,42,2026-05-08,5
14054,1056,37,2026-02-23,2
14055,1547,73,2026-09-26,2
14056,1550,1,2025-10-10,3
14057,127,29,2026-05-05,3
14058,1464,54,2026-08-25,1
14059,1093,78,2026-09-24,4
14060,787,36,2025-10-16,5
14061,502,61,2026-09-11,3
14062,1632,1,2026-08-12,3
14063,958,79,2026-02-18,1
14064,1701,41,2026-08-18,5
14065,119,34,2026-01-29,4
14066,260,63,2025-10-04,5
14067,49,21,2026-07-19,4
14068,539,48,2026-05-02,1
14069,9,88,2026-01-01,1
14070,1887,81,2026-03-10,1
14071,1834,80,2025-11-26,5
14072,1876,63,2026-03-13,3
14073,988,27,2026-02-26,5
14074,1587,1,2026-06-14,5
14075,369,63,2026-02-18,3
14076,784,21,2025-10-09,5
14077,1027,42,2025-12-20,1
14078,336,45,2026-05-12,3
14079,377,2,2026-01-19,3
14080,287,69,2026-09-17,3
14081,655,48,2025-11-03,1
14082,387,43,2025-11-25,2
14083,959,11,2026-02-03,1
14084,1133,66,2026-05-09,4
14085,1559,100,2026-09-06,3
14086,1474,47,2025-10-03,1
14087,1773,80,2026-01-11,1
14088,1301,35,2026-06-25,1
14089,51,46,2026-06-16,1
14090,209,17,2026-02-22,1
14091,1009,34,2025-09-28,1
14092,1506,48,2026-02-14,1
14093,877,75,2026-03-15,5
14094,443,99,2026-01-13,2
14095,834,90,2026-05-27,5
14096,1607,100,2025-12-10,4
14097,1171,75,2026-07-11,3
14098,464,66,2026-05-14,4
14099,416,6,2026-08-06,5
14100,1382,48,2025-12-13,2
14101,1235,7,2026-01-09,4
14102,752,53,2025-10-23,2
14103,1662,6,2026-04-25,4
14104,305,39,2025-11-07,1
14105,978,27,2026-01-09,5
14106,1261,12,2026-02-26,2
14107,641,69,2026-08-23,1
14108,455,56,2026-07-14,4
14109,589,25,2026-07-20,4
14110,426,55,2026-02-26,3
14111,1420,25,2026-09-09,1
14112,628,95,2026-08-29,3
14113,1985,77,2026-09-16,3
14114,1951,54,2026-04-05,5
14115,754,5,2025-11-26,5
14116,655,14,2026-07-22,3
14117,1437,30,2026-04-10,1
14118,917,80,2026-06-27,5
14119,981,53,2026-07-20,2
14120,1999,87,2026-01-27,1
14121,407,2,2025-12-01,3
14122,1660,27,2025-12-15,2
14123,1417,67,2026-01-18,5
14124,1555,31,2026-08-16,1
14125,1168,50,2026-08-31,1
14126,665,4,2025-12-10,5
14127,315,64,2026-08-30,1
14128,12,4,2026-02-06,3
14129,1587,70,2026-01-30,4
14130,879,66,2026-04-09,3
14131,83,64,2026-05-24,2
14132,88,95,2026-04-14,2
14133,645,62,2026-05-22,5
14134,858,55,2026-08-03,2
14135,1032,4,2026-04-26,3
14136,1989,63,2026-01-10,2
14137,119,72,2026-06-25,5
14138,413,25,2025-12-11,1
14139,943,4,2026-07-12,1
14140,1633,75,2026-08-04,5
14141,604,60,2025-12-22,4
14142,1293,88,2025-10-22,4
14143,204,68,2026-03-31,4
14144,214,1,2025-12-06,5
14145,1353,81,2026-06-13,4
14146,827,59,2026-01-01,5
14147,357,65,2026-09-13,1
14148,1116,74,2026-05-01,4
14149,29,49,2025-10-02,4
14150,1395,68,2026-06-12,1
14151,997,76,2025-12-17,1
14152,1489,21,2026-03-05,3
14153,1115,87,2025-12-23,3
14154,661,65,2026-04-08,1
14155,1119,100,2026-05-01,1
14156,921,77,2026-09-08,2
14157,1293,37,2025-12-16,1
14158,1252,79,2026-09-02,4
14159,907,2,2026-08-02,2
14160,85,72,2025-11-29,1
14161,435,34,2026-06-25,5
14162,1266,70,2025-09-29,3
14163,528,68,2026-02-06,4
14164,1175,6,2026-07-06,3
14165,506,25,2026-06-27,3
14166,1844,41,2026-04-28,5
14167,1880,89,2026-04-08,4
14168,278,50,2026-08-17,1
14169,205,28,2025-12-29,1
14170,1033,89,2026-09-05,1
14171,1441,55,2026-05-01,4
14172,115,41,2026-02-26,5
14173,976,82,2026-07-19,3
14174,1312,4,2026-01-18,5
14175,1485,72,2026-06-09,1
14176,434,57,2026-09-21,5
14177,1889,83,2025-12-24,3
14178,1889,31,2026-09-23,4
14179,260,54,2025-11-20,5
14180,1017,3,2026-06-24,3
14181,684,41,2025-11-07,4
14182,1947,82,2026-06-30,1
14183,1294,94,2026-01-25,4
14184,1464,10,2026-01-07,3
14185,1993,16,2025-12-21,4
14186,693,50,2026-09-04,2
14187,985,77,2026-02-12,5
14188,1978,93,2026-02-15,3
14189,403,15,2026-01-31,4
14190,326,58,2026-07-02,2
14191,721,84,2025-10-16,5
14192,837,56,2026-05-29,2
14193,1082,40,2025-10-13,1
14194,1067,36,2026-05-10,4
14195,1837,2,2026-02-03,1
14196,906,58,2026-03-16,3
14197,1988,50,2026-04-23,2
14198,1229,79,2025-11-25,4
14199,1357,41,2026-06-15,4
14200,1293,17,2026-03-21,3
14201,1360,39,2026-03-21,2
14202,685,72,2026-02-08,4
14203,931,23,2026-04-20,5
14204,1173,78,2025-12-27,1
14205,332,18,2026-05-22,4
14206,1262,35,2026-05-26,1
14207,1365,4,2026-05-06,1
14208,1585,34,2026-03-06,1
14209,1059,21,2026-01-21,4
14210,1141,53,2026-01-24,5
14211,448,31,2026-06-23,5
14212,1646,26,2025-12-05,5
14213,1538,78,2026-09-03,5
14214,283,20,2026-04-14,3
14215,1805,33,2026-08-24,4
14216,1027,95,2026-08-25,4
14217,1154,53,2025-12-31,4
14218,124,30,2025-11-10,3
14219,764,64,2026-04-20,3
14220,1136,7,2026-08-21,5
14221,412,63,2026-03-05,1
14222,626,99,2026-09-23,5
14223,841,19,2025-12-18,4
14224,1284,47,2026-01-23,1
14225,817,5,2026-08-24,1
14226,305,55,2025-11-05,4
14227,1752,50,2026-02-20,1
14228,1638,56,2026-07-23,1
14229,1239,5,2026-02-19,5
14230,14,7,2025-11-08,5
14231,881,51,2025-11-20,3
14232,1215,42,2026-09-02,3
14233,1931,40,2026-03-19,2
14234,112,13,2025-10-16,4
14235,1781,35,2026-06-19,4
14236,1341,95,2025-12-02,4
14237,1766,98,2026-02-26,2
14238,1867,83,2025-09-29,3
14239,1683,92,2025-12-28,2
14240,1363,87,2026-03-20,5
14241,1038,59,2026-07-16,2
14242,1023,100,2025-10-25,2
14243,224,53,2025-12-16,4
14244,1682,100,2026-04-06,4
14245,1816,14,2026-07-15,1
14246,122,81,2026-05-14,5
14247,1368,52,2026-09-09,1
14248,1667,64,2025-11-26,1
14249,1371,33,2026-01-14,1
14250,301,46,2026-08-20,1
14251,834,35,2025-10-08,2
14252,939,54,2025-12-11,3
14253,636,74,2026-01-30,3
14254,848,44,2026-09-05,2
14255,1380,88,2026-05-05,3
14256,1736,41,2025-10-28,2
14257,1023,63,2026-02-19,3
14258,168,53,2025-11-06,1
14259,1042,48,2025-12-16,5
14260,394,92,2026-03-26,5
14261,1477,64,2026-06-29,3
14262,1228,82,2026-03-29,5
14263,1891,41,2026-06-06,5
14264,122,34,2025-12-31,1
14265,706,42,2026-09-06,2
14266,1511,22,2026-06-25,2
14267,1651,13,2025-10-22,4
14268,1493,30,2026-02-14,1
14269,505,81,2026-08-30,2
14270,1966,64,2026-08-01,4
14271,572,38,2026-09-22,3
14272,467,100,2026-01-21,2
14273,1439,40,2026-07-27,3
14274,936,68,2026-09-09,4
14275,1420,83,2026-06-09,3
14276,111,38,2026-09-24,4
14277,266,34,2026-05-17,4
14278,1871,80,2026-02-14,4
14279,1612,95,2025-12-12,5
14280,1355,100,2026-01-13,3
14281,1153,2,2025-11-18,4
14282,1286,85,2026-05-15,1
14283,66,77,2025-10-08,5
14284,1145,38,2026-05-11,3
14285,1257,66,2025-12-24,2
14286,1168,32,2026-07-20,1
14287,1303,34,2026-04-09,2
14288,264,65,2025-11-28,2
14289,729,65,2026-05-01,3
14290,963,100,2026-08-02,1
14291,583,67,2025-12-28,5
14292,4,44,2025-11-02,3
14293,1155,74,2026-05-25,5
14294,741,99,2025-11-11,5
14295,469,34,2026-02-07,3
14296,718,15,2026-04-08,2
14297,588,27,2026-01-19,3
14298,115,92,2026-02-14,4
14299,55,66,2026-09-16,1
14300,1748,84,2026-04-27,2
14301,1926,94,2025-11-02,2
14302,674,79,2026-07-26,3
14303,661,58,2026-01-27,5
14304,1877,35,2026-08-28,3
14305,43,96,2026-08-10,4
14306,1416,94,2026-01-12,1
14307,1072,21,2025-12-15,1
14308,207,10,2026-08-19,2
14309,632,82,2026-04-16,2
14310,1991,85,2025-11-14,5
14311,655,33,2025-11-06,3
14312,1997,71,2026-06-07,5
14313,446,99,2026-07-22,4
14314,1990,59,2026-08-18,1
14315,120,48,2026-06-03,1
14316,52,80,2026-05-12,3
14317,1478,3,2026-08-23,4
14318,789,86,2025-12-02,2
14319,909,52,2025-12-30,2
14320,1462,85,2026-02-04,2
14321,876,43,2025-12-02,4
14322,7,99,2025-12-14,4
14323,1076,7,2026-08-03,3
14324,83,62,2026-06-05,5
14325,1621,96,2026-08-11,2
14326,1238,67,2026-05-10,4
14327,1359,43,2026-06-07,2
14328,1988,84,2026-09-20,2
14329,1207,80,2026-08-10,4
14330,797,73,2026-01-04,1
14331,616,47,2026-06-19,3
14332,221,87,2026-02-11,5
14333,1380,29,2026-07-03,5
14334,927,92,2026-03-31,5
14335,1080,22,2025-12-14,4
14336,1521,78,2025-12-11,1
14337,859,46,2025-11-17,1
14338,1236,93,2026-03-07,5
14339,340,62,2026-03-06,3
14340,1746,70,2026-05-13,4
14341,740,83,2025-11-16,3
14342,396,27,2026-01-19,1
14343,914,74,2026-08-24,2
14344,1625,86,2025-11-02,2
14345,612,64,2026-08-21,3
14346,1802,9,2026-04-11,5
14347,1535,13,2026-05-01,4
14348,739,81,2026-04-09,1
14349,231,3,2025-12-08,1
14350,352,64,2025-10-19,5
14351,631,85,2026-05-02,5
14352,731,67,2026-07-12,4
14353,1574,1,2025-10-25,3
14354,1304,17,2025-11-27,3
14355,1051,84,2026-01-21,1
14356,1609,54,2026-08-25,2
14357,1258,90,2025-11-14,1
14358,1844,28,2026-03-15,4
14359,1225,27,2026-04-11,2
14360,958,82,2026-07-08,5
14361,344,91,2026-09-12,4
14362,1384,50,2026-02-20,2
14363,810,66,2025-12-27,5
14364,650,25,2026-05-28,1
14365,1530,45,2025-11-05,2
14366,533,98,2026-09-04,2
14367,1008,18,2026-06-29,1
14368,666,58,2026-05-12,5
14369,1501,13,2026-01-03,3
14370,614,33,2026-08-26,5
14371,1658,15,2026-02-11,5
14372,1157,49,2026-09-23,3
14373,1985,87,2026-03-07,5
14374,788,23,2026-08-26,3
14375,415,71,2026-09-04,3
14376,1979,74,2025-09-30,2
14377,915,86,2026-06-06,1
14378,923,30,2026-03-27,4
14379,679,1,2026-06-24,4
14380,657,87,2025-10-27,1
14381,320,45,2026-07-01,1
14382,1860,16,2026-08-23,1
14383,184,84,2026-01-03,5
14384,928,17,2026-05-07,1
14385,728,75,2026-05-29,1
14386,569,95,2026-02-14,3
14387,880,10,2026-04-27,5
14388,1651,52,2026-04-23,4
14389,771,2,2026-09-13,1
14390,112,92,2026-03-16,3
14391,558,1,2026-01-25,1
14392,380,51,2025-09-27,3
14393,929,49,2026-03-21,3
14394,759,54,2026-05-21,4
14395,1528,59,2026-03-31,2
14396,1205,83,2025-12-07,4
14397,1996,39,2026-05-30,1
14398,692,1,2025-10-27,4
14399,665,79,2026-06-20,1
14400,495,32,2025-12-13,1
14401,1605,39,2026-08-06,4
14402,381,16,2026-09-21,3
14403,994,82,2026-09-21,1
14404,1716,13,2026-04-29,4
14405,452,60,2026-03-17,2
14406,660,27,2025-10-03,3
14407,1113,77,2025-12-20,1
14408,1453,68,2026-06-05,1
14409,1825,54,2026-08-18,2
14410,415,8,2026-07-20,5
14411,774,15,2026-08-25,3
14412,981,15,2025-10-25,1
14413,816,16,2026-05-06,4
14414,112,29,2026-08-02,4
14415,119,43,2026-05-20,5
14416,552,16,2025-10-27,1
14417,1346,74,2026-05-20,4
14418,1247,56,2026-05-11,2
14419,1218,74,2025-11-19,3
14420,908,5,2026-04-26,5
14421,794,87,2026-08-11,1
14422,945,35,2026-07-05,5
14423,1695,9,2026-04-30,2
14424,1240,66,2025-12-12,2
14425,1051,86,2025-10-06,4
14426,1059,40,2026-07-01,4
14427,1740,73,2026-05-16,5
14428,1857,65,2026-06-14,2
14429,1593,28,2026-02-05,4
14430,1274,52,2026-03-24,5
14431,1102,88,2026-04-15,4
14432,916,33,2025-12-26,5
14433,1923,90,2025-12-31,2
14434,1788,100,2025-10-03,1
14435,1461,57,2026-07-15,1
14436,528,63,2026-03-12,3
14437,727,3,2026-07-26,1
14438,1745,98,2026-01-04,2
14439,927,20,2026-04-11,1
14440,1711,42,2025-10-30,4
14441,1567,94,2026-05-13,5
14442,568,3,2025-10-30,5
14443,1857,69,2025-12-17,2
14444,1541,52,2026-02-24,3
14445,1316,16,2026-08-04,2
14446,164,54,2026-05-15,3
14447,1164,36,2025-10-25,2
14448,1660,28,2026-09-01,1
14449,1857,73,2026-04-06,4
14450,483,61,2026-08-20,5
14451,1631,29,2025-11-09,1
14452,1700,79,2026-08-27,1
14453,218,66,2026-04-01,1
14454,495,49,2026-09-25,5
14455,54,36,2025-10-08,4
14456,99,39,2026-07-28,4
14457,577,77,2026-03-02,3
14458,1577,45,2025-10-27,5
14459,673,13,2025-10-30,5
14460,1263,33,2026-01-19,2
14461,1147,73,2026-06-07,1
14462,1282,10,2026-09-22,5
14463,329,56,2026-09-13,5
14464,112,3,2026-07-29,5
14465,1729,55,2026-06-10,1
14466,866,67,2026-08-20,1
14467,632,11,2026-02-23,4
14468,874,93,2026-08-20,4
14469,211,62,2025-11-15,4
14470,312,78,2026-09-12,3
14471,1988,1,2025-12-19,4
14472,103,72,2026-05-25,1
14473,1517,67,2026-03-21,3
14474,315,36,2026-07-07,1
14475,1277,83,2026-02-04,4
14476,1458,88,2026-06-02,5
14477,661,90,2026-09-21,4
14478,584,1,2025-12-26,1
14479,121,26,2026-01-23,1
14480,133,96,2026-04-02,5
14481,190,58,2026-04-26,3
14482,1144,78,2026-07-25,4
14483,1584,20,2025-12-27,3
14484,623,82,2026-08-05,4
14485,541,83,2026-04-29,1
14486,554,76,2026-08-05,3
14487,1910,28,2026-06-13,2
14488,155,77,2026-03-31,5
14489,170,2,2025-10-16,2
14490,476,28,2026-04-21,3
14491,1711,18,2026-08-11,2
14492,1883,97,2026-05-11,4
14493,1557,61,2026-09-19,1
14494,671,74,2026-06-26,3
14495,339,55,2026-09-09,5
14496,481,79,2025-12-24,3
14497,541,26,2026-04-04,3
14498,1103,24,2026-02-05,1
14499,1071,82,2026-01-28,1
14500,248,41,2025-11-26,3
14501,831,78,2026-05-29,3
14502,1377,48,2025-11-17,1
14503,1276,70,2026-01-12,3
14504,1651,32,2026-04-03,2
14505,964,47,2026-01-09,1
14506,1553,28,2026-06-12,5
14507,497,16,2026-06-07,4
14508,1838,22,2026-03-09,3
14509,1396,92,2025-12-12,2
14510,571,31,2025-12-11,3
14511,297,13,2026-09-19,2
14512,716,95,2026-07-15,4
14513,1815,56,2026-07-18,3
14514,340,71,2026-05-08,1
14515,405,29,2026-06-05,3
14516,26,54,2025-10-06,3
14517,668,99,2026-09-15,3
14518,91,40,2026-06-21,5
14519,1256,38,2025-12-23,1
14520,1758,87,2026-05-28,5
14521,1064,49,2025-12-17,2
14522,1505,45,2026-04-02,5
14523,1533,24,2026-05-10,5
14524,1777,94,2026-01-01,4
14525,1570,55,2025-10-08,2
14526,1311,47,2026-08-15,5
14527,1483,28,2026-05-22,4
14528,1073,8,2025-10-06,3
14529,1103,18,2026-03-26,2
14530,295,97,2026-04-29,2
14531,1361,11,2026-09-23,4
14532,765,3,2026-05-20,1
14533,758,26,2025-11-09,2
14534,1928,58,2026-08-18,1
14535,1712,39,2026-01-15,1
14536,1920,57,2026-02-20,4
14537,1551,49,2026-03-18,5
14538,1427,87,2026-06-14,4
14539,1508,63,2026-01-13,1
14540,901,76,2026-01-26,5
14541,968,2,2026-06-29,5
14542,1765,89,2025-10-12,3
14543,1037,24,2026-02-01,5
14544,1128,95,2026-07-22,1
14545,1443,20,2025-12-26,2
14546,1780,79,2026-08-30,4
14547,928,89,2026-03-15,3
14548,1556,83,2026-01-04,4
14549,553,37,2026-04-14,3
14550,325,81,2025-11-24,3
14551,317,22,2026-04-11,2
14552,1110,85,2025-10-03,2
14553,1581,53,2026-02-17,3
14554,551,17,2026-09-08,5
14555,1408,94,2026-07-13,4
14556,430,67,2025-11-28,1
14557,154,72,2026-05-14,4
14558,1876,94,2025-10-19,4
14559,1214,84,2026-07-15,2
14560,1227,34,2026-08-02,3
14561,76,50,2025-11-04,5
14562,1063,93,2026-01-07,2
14563,289,10,2026-08-08,4
14564,1996,75,2025-12-10,5
14565,31,40,2026-04-08,2
14566,1039,48,2026-06-02,4
14567,1537,8,2025-11-20,2
14568,1334,25,2026-04-30,1
14569,772,77,2026-03-30,3
14570,1953,84,2026-08-26,4
14571,648,81,2025-12-26,1
14572,1191,50,2026-09-13,5
14573,151,18,2026-02-27,2
14574,345,71,2026-03-09,5
14575,1259,75,2026-07-03,1
14576,1979,71,2026-09-08,5
14577,1917,50,2026-06-19,1
14578,141,12,2026-06-22,1
14579,204,37,2026-05-20,5
14580,1873,27,2025-12-25,4
14581,501,100,2025-10-10,4
14582,61,65,2026-06-15,3
14583,1357,65,2026-07-09,3
14584,1602,99,2026-02-07,3
14585,1643,63,2026-01-12,2
14586,1722,26,2025-11-23,2
14587,1759,92,2026-05-05,4
14588,1749,54,2026-06-07,2
14589,1601,29,2026-07-10,1
14590,156,88,2026-07-24,5
14591,1641,39,2025-10-25,2
14592,1827,39,2026-06-16,2
14593,1580,76,2025-10-20,4
14594,1984,63,2026-07-15,3
14595,1050,92,2026-04-07,3
14596,241,72,2025-12-26,1
14597,1555,5,2026-07-08,1
14598,1738,96,2026-06-23,4
14599,948,22,2026-02-16,5
14600,1462,89,2025-11-12,2
14601,252,21,2025-11-19,4
14602,1268,89,2026-03-28,4
14603,794,1,2026-03-04,2
14604,269,88,2025-10-26,2
14605,273,10,2025-11-20,4
14606,233,58,2026-06-24,1
14607,364,91,2026-03-03,2
14608,1012,41,2025-12-07,5
14609,1130,12,2026-07-02,1
14610,651,79,2026-06-26,2
14611,849,28,2025-10-09,1
14612,239,49,2026-02-07,3
14613,1773,59,2025-12-02,2
14614,184,71,2026-04-17,5
14615,20,74,2025-11-18,3
14616,199,6,2026-01-20,1
14617,942,78,2025-11-01,2
14618,132,29,2026-03-11,4
14619,348,20,2026-08-19,2
14620,1336,3,2026-07-02,1
14621,1357,58,2026-01-15,1
14622,62,73,2025-12-26,5
14623,1706,77,2025-11-12,3
14624,154,97,2025-09-29,3
14625,1262,50,2026-04-13,1
14626,484,52,2026-09-22,1
14627,1015,19,2026-05-23,4
14628,75,81,2025-12-16,3
14629,100,90,2026-04-01,5
14630,15,56,2026-07-06,2
14631,1404,45,2026-09-15,2
14632,1968,27,2026-01-28,3
14633,230,52,2025-10-10,2
14634,271,42,2026-04-30,1
14635,640,74,2025-10-15,3
14636,1922,16,2026-04-08,4
14637,73,47,2026-01-30,1
14638,206,27,2026-03-19,2
14639,258,4,2026-08-29,5
14640,908,26,2026-04-17,1
14641,1710,20,2026-07-24,3
14642,979,40,2025-09-27,1
14643,1726,26,2026-08-19,3
14644,1294,88,2026-07-14,4
14645,692,31,2026-04-27,2
14646,103,29,2026-07-12,4
14647,1354,67,2026-01-20,3
14648,570,26,2026-05-31,2
14649,208,76,2026-08-02,3
14650,40,90,2026-06-12,1
14651,1629,71,2025-10-11,3
14652,803,19,2025-11-18,4
14653,739,6,2026-06-03,1
14654,882,67,2026-03-04,2
14655,249,35,2026-08-24,4
14656,12,3,2026-03-31,2
14657,524,99,2026-07-19,3
14658,1047,92,2026-03-30,3
14659,1762,96,2026-04-13,3
14660,331,8,2026-08-22,1
14661,217,98,2026-06-11,5
14662,288,28,2025-10-07,2
14663,195,49,2025-09-28,3
14664,1229,67,2025-11-19,5
14665,15,52,2026-08-02,1
14666,230,63,2026-07-28,3
14667,935,44,2025-10-13,1
14668,1895,21,2026-07-20,4
14669,970,82,2026-05-21,3
14670,575,52,2025-10-07,1
14671,1327,21,2026-04-15,2
14672,1306,66,2026-09-06,3
14673,1502,78,2026-01-05,4
14674,871,69,2026-03-23,5
14675,1023,22,2026-08-20,1
14676,1820,1,2025-12-08,3
14677,996,11,2026-07-08,1
14678,786,87,2026-01-21,3
14679,583,63,2026-01-21,4
14680,182,33,2026-02-25,3
14681,1480,91,2025-12-09,4
14682,1406,75,2025-11-24,4
14683,691,28,2026-02-25,1
14684,745,75,2026-02-25,3
14685,32,72,2026-03-27,1
14686,298,81,2025-10-22,5
14687,874,93,2025-10-06,5
14688,625,61,2026-03-25,2
14689,870,33,2026-03-07,2
14690,1409,18,2026-05-14,5
14691,417,53,2026-02-04,1
14692,1954,79,2025-10-16,1
14693,1067,21,2026-07-13,3
14694,117,83,2026-03-11,5
14695,541,91,2025-11-25,4
14696,609,57,2026-09-02,1
14697,1713,26,2025-12-13,4
14698,901,38,2025-09-30,1
14699,122,55,2026-06-05,1
14700,356,47,2025-12-21,2
14701,662,26,2026-03-17,1
14702,522,96,2026-01-01,1
14703,863,24,2026-05-15,2
14704,58,74,2026-07-03,3
14705,1897,9,2026-02-27,4
14706,545,87,2026-04-04,1
14707,796,32,2025-11-15,4
14708,75,45,2026-08-07,5
14709,1136,22,2026-02-11,5
14710,913,25,2025-11-24,5
14711,433,97,2026-01-09,5
14712,1267,81,2026-04-22,1
14713,1559,98,2025-10-10,5
14714,1642,75,2025-12-19,4
14715,1354,46,2026-08-26,4
14716,280,8,2025-11-21,4
14717,792,36,2026-02-19,4
14718,771,34,2026-05-30,4
14719,1673,46,2026-07-08,4
14720,678,7,2025-12-22,5
14721,1888,46,2026-02-07,1
14722,160,84,2026-09-10,3
14723,1627,74,2026-01-31,5
14724,318,46,2026-07-13,4
14725,1804,75,2025-10-04,5
14726,1054,56,2025-12-23,1
14727,296,67,2025-10-01,3
14728,686,98,2026-08-14,1
14729,489,68,2026-02-02,2
14730,1400,43,2026-03-11,2
14731,505,24,2025-10-02,5
14732,691,73,2026-04-24,1
14733,1562,16,2026-06-28,5
14734,73,100,2026-06-24,3
14735,1086,27,2025-12-31,5
14736,1742,44,2025-10-18,2
14737,1989,56,2025-10-04,4
14738,1822,2,2026-01-17,5
14739,1663,7,2026-01-20,2
14740,1846,68,2026-07-11,3
14741,215,95,2025-10-06,4
14742,973,60,2026-08-19,4
14743,292,90,2026-07-27,1
14744,1772,83,2026-07-21,1
14745,673,2,2025-10-05,4
14746,1186,59,2025-11-17,1
14747,725,63,2026-08-01,3
14748,714,91,2026-03-02,3
14749,1741,56,2025-10-09,5
14750,1822,40,2025-11-25,2
14751,932,56,2026-06-15,4
14752,1132,83,2026-01-11,3
14753,239,99,2026-01-30,3
14754,847,64,2026-04-05,4
14755,645,77,2026-08-04,4
14756,335,73,2026-08-12,4
14757,1510,53,2025-12-28,2
14758,1467,61,2025-12-20,2
14759,1973,34,2025-12-21,2
14760,1549,6,2026-06-04,2
14761,1765,82,2026-09-08,5
14762,1170,86,2025-11-06,1
14763,838,52,2026-03-13,3
14764,1651,14,2026-09-11,3
14765,1404,30,2025-10-29,3
14766,44,58,2026-01-02,4
14767,1336,30,2026-06-19,2
14768,1598,65,2026-07-19,4
14769,1661,89,2026-04-11,5
14770,1313,82,2025-11-09,4
14771,1910,46,2025-10-14,1
14772,212,61,2026-07-22,1
14773,1395,35,2025-12-17,2
14774,877,96,2026-01-26,2
14775,513,94,2026-05-11,2
14776,511,69,2026-05-21,1
14777,447,10,2025-10-31,5
14778,395,37,2026-02-08,1
14779,706,87,2026-01-01,4
14780,1649,56,2025-11-27,5
14781,848,16,2025-12-09,1
14782,1517,37,2025-11-21,4
14783,1895,22,2026-04-10,1
14784,420,33,2026-05-12,4
14785,987,97,2026-06-29,2
14786,640,16,2026-03-22,3
14787,1909,45,2026-03-11,4
14788,926,25,2026-03-02,1
14789,201,100,2026-08-26,4
14790,1094,42,2026-06-16,5
14791,829,52,2025-12-26,2
14792,1305,93,2026-05-27,1
14793,1118,83,2025-10-04,5
14794,550,29,2026-08-02,5
14795,93,16,2026-01-04,3
14796,1368,47,2026-07-04,4
14797,1507,14,2026-06-13,4
14798,1848,56,2026-04-06,1
14799,1085,7,2026-06-19,3
14800,1041,88,2025-11-01,5
14801,1539,86,2025-10-16,2
14802,583,52,2026-02-18,2
14803,1080,22,2026-07-08,4
14804,958,27,2025-10-30,3
14805,774,5,2026-09-16,5
14806,446,98,2026-05-19,4
14807,161,34,2026-01-08,5
14808,1413,12,2026-01-04,5
14809,390,58,2025-11-09,2
14810,1208,95,2025-12-13,2
14811,1525,1,2026-06-20,3
14812,14,84,2026-03-19,2
14813,1590,83,2025-09-28,5
14814,568,73,2026-01-22,1
14815,166,52,2026-08-28,3
14816,845,33,2026-06-04,5
14817,1486,62,2025-12-30,2
14818,1415,53,2026-07-11,5
14819,417,30,2025-11-15,4
14820,270,90,2026-08-25,2
14821,999,90,2026-08-18,5
14822,1144,10,2025-11-18,3
14823,1840,27,2026-03-22,5
14824,748,89,2025-12-30,5
14825,511,5,2026-06-27,2
14826,410,51,2025-11-11,4
14827,836,7,2025-10-29,2
14828,1032,40,2026-01-30,1
14829,1555,67,2026-05-27,4
14830,28,20,2026-04-21,5
14831,635,77,2026-06-06,1
14832,328,53,2026-05-26,3
14833,1043,10,2026-06-25,1
14834,1424,4,2026-03-19,2
14835,181,54,2026-07-24,4
14836,153,23,2026-06-28,5
14837,1371,32,2026-06-15,4
14838,1298,29,2026-08-05,5
14839,1107,43,2026-08-24,5
14840,1929,97,2026-01-19,1
14841,1829,20,2026-07-08,2
14842,1324,67,2026-05-14,1
14843,872,74,2026-02-14,3
14844,1216,41,2026-02-01,2
14845,1209,67,2026-04-30,2
14846,1939,100,2026-01-29,2
14847,899,22,2025-10-18,3
14848,849,13,2026-06-15,1
14849,885,87,2026-03-20,2
14850,107,89,2026-01-23,4
14851,1132,4,2026-06-09,1
14852,1180,36,2026-09-09,4
14853,77,11,2026-06-05,3
14854,159,20,2026-09-22,5
14855,523,38,2025-09-27,4
14856,1817,21,2025-11-19,1
14857,413,97,2026-07-11,4
14858,584,71,2025-12-01,4
14859,1032,43,2026-03-03,4
14860,439,58,2025-12-31,5
14861,1998,72,2026-08-24,4
14862,144,62,2026-09-21,2
14863,1634,58,2025-12-02,4
14864,52,91,2026-04-23,4
14865,1252,84,2026-01-01,3
14866,136,91,2026-08-20,2
14867,1142,73,2026-04-23,5
14868,874,47,2025-10-22,4
14869,153,90,2026-02-23,4
14870,1124,33,2026-07-27,2
14871,829,91,2026-04-27,2
14872,506,61,2026-09-07,3
14873,1600,11,2026-04-28,5
14874,725,29,2026-02-13,3
14875,928,62,2026-05-31,4
14876,742,73,2026-06-22,2
14877,1249,36,2026-09-14,3
14878,479,53,2026-06-12,1
14879,1993,88,2026-06-28,5
14880,393,57,2026-09-19,3
14881,1109,73,2026-03-05,2
14882,1554,80,2026-01-02,4
14883,578,17,2025-10-16,3
14884,665,1,2026-02-10,2
14885,1706,50,2026-03-25,4
14886,128,20,2026-08-20,1
14887,1664,67,2026-05-30,2
14888,682,76,2026-08-09,5
14889,1870,10,2026-07-03,4
14890,1482,1,2025-11-21,2
14891,1477,53,2026-05-09,2
14892,1207,38,2025-12-18,1
14893,1709,66,2026-01-19,1
14894,439,63,2026-03-01,3
14895,1281,21,2025-11-12,4
14896,1827,71,2026-08-05,1
14897,1498,49,2026-06-16,3
14898,1759,16,2026-03-09,1
14899,847,100,2026-06-22,1
14900,1691,76,2026-08-07,4
14901,1775,64,2025-09-28,5
14902,1280,27,2026-01-10,1
14903,262,80,2026-01-25,3
14904,341,87,2025-10-13,4
14905,1205,38,2026-04-02,2
14906,1847,6,2026-03-29,1
14907,765,58,2026-04-21,3
14908,655,61,2026-04-01,3
14909,775,28,2026-06-20,2
14910,146,2,2026-07-08,4
14911,1533,97,2026-09-04,1
14912,808,8,2026-03-20,3
14913,981,27,2026-03-07,5
14914,1563,37,2026-08-13,1
14915,1172,52,2025-10-23,1
14916,1529,56,2025-10-11,4
14917,836,87,2025-11-25,1
14918,703,25,2026-08-30,1
14919,776,52,2026-05-10,1
14920,337,38,2026-09-16,3
14921,768,49,2026-09-17,5
14922,1439,76,2026-05-22,1
14923,174,38,2026-06-15,2
14924,1555,89,2026-01-22,4
14925,1998,58,2026-08-10,3
14926,681,47,2026-05-19,3
14927,1609,3,2026-04-16,4
14928,391,35,2026-07-08,2
14929,44,48,2026-04-28,2
14930,1784,68,2026-01-25,5
14931,1665,81,2025-12-16,3
14932,1443,76,2026-08-04,4
14933,820,49,2026-07-25,1
14934,1443,93,2026-07-03,1
14935,955,97,2026-06-17,3
14936,1139,5,2026-06-18,3
14937,593,82,2025-11-21,1
14938,859,29,2026-01-03,3
14939,912,34,2026-06-23,3
14940,283,96,2025-11-19,4
14941,1860,73,2025-11-27,2
14942,1255,8,2026-05-15,2
14943,1342,96,2025-12-16,5
14944,1801,3,2026-01-11,5
14945,1409,38,2026-08-24,3
14946,1933,9,2026-01-15,2
14947,1621,26,2025-11-09,3
14948,677,57,2026-03-11,5
14949,1222,4,2026-08-05,1
14950,380,44,2026-05-28,4
14951,1601,97,2026-04-13,5
14952,269,32,2026-06-02,1
14953,1313,27,2026-04-10,4
14954,915,68,2026-03-24,2
14955,1430,10,2026-05-11,3
14956,1977,7,2025-11-21,3
14957,484,52,2025-11-16,4
14958,990,49,2026-05-18,4
14959,740,75,2026-08-03,2
14960,1474,17,2025-12-01,3
14961,785,62,2026-07-31,2
14962,163,76,2026-05-24,4
14963,643,43,2026-05-26,4
14964,243,17,2026-07-22,1
14965,627,43,2026-08-02,3
14966,49,21,2026-09-05,5
14967,1280,89,2026-09-22,3
14968,417,72,2026-02-26,5
14969,773,76,2025-12-06,4
14970,1171,36,2026-04-21,1
14971,1383,50,2026-01-25,4
14972,553,99,2026-06-03,5
14973,874,65,2026-06-20,5
14974,801,78,2026-07-22,1
14975,1569,62,2026-06-19,5
14976,476,73,2026-05-02,1
14977,251,70,2026-02-26,2
14978,1197,5,2026-03-11,5
14979,1250,7,2026-02-20,3
14980,534,60,2026-02-23,3
14981,939,7,2025-12-31,4
14982,742,39,2025-12-06,3
14983,1488,20,2026-03-21,4
14984,844,9,2026-07-11,1
14985,685,33,2026-08-01,4
14986,335,71,2026-08-25,4
14987,1854,8,2026-02-15,4
14988,186,79,2026-03-08,2
14989,254,33,2026-08-05,4
14990,490,58,2025-09-30,5
14991,1145,4,2025-12-22,2
14992,848,67,2026-03-06,5
14993,1412,15,2026-08-04,1
14994,1336,83,2026-07-10,3
14995,1014,62,2026-06-27,4
14996,1825,93,2025-09-27,4
14997,61,14,2026-03-29,2
14998,1340,87,2026-07-18,5
14999,1717,77,2026-01-15,2
15000,807,58,2026-03-11,5
